Airline,Source,Destination,Distance,Scheduled_Departure,Scheduled_Arrival,Day_of_Week,Month,Weather,Traffic_Level,Delay
SunAir,Houston,Dallas,1396,20,22,2,8,Fog,Low,0
NorthStar,Los Angeles,Boston,735,9,10,4,12,Clear,Medium,1
BlueWing,Los Angeles,Dallas,1053,13,15,2,10,Clear,Low,0
SunAir,Miami,Atlanta,1185,3,5,2,6,Clear,Medium,0
AeroLine,Miami,Chicago,1436,14,16,5,8,Clear,Low,0
SkyJet,Los Angeles,Seattle,1529,18,21,1,8,Rain,Medium,1
AeroLine,Seattle,Miami,1806,11,14,6,11,Cloudy,Low,1
BlueWing,Boston,Houston,1816,9,12,4,3,Clear,Medium,0
SunAir,Seattle,Los Angeles,2011,1,5,2,9,Clear,Medium,0
SunAir,Los Angeles,Chicago,1611,19,22,5,9,Clear,Low,0
PacificFly,Dallas,Seattle,1328,19,21,4,7,Cloudy,Low,0
SkyJet,Boston,Chicago,1162,18,20,6,2,Cloudy,Low,0
SunAir,Dallas,Atlanta,1809,15,18,1,9,Clear,Low,0
SunAir,New York,Boston,1005,8,10,1,8,Clear,High,0
SunAir,New York,Miami,344,0,1,6,12,Cloudy,High,0
SkyJet,Los Angeles,Miami,1259,7,9,4,6,Rain,Medium,1
SkyJet,Dallas,New York,604,0,1,4,1,Cloudy,Low,0
BlueWing,Atlanta,Denver,1528,13,16,6,6,Snow,Medium,0
BlueWing,Chicago,Dallas,664,13,14,5,6,Clear,Low,1
SkyJet,Los Angeles,Seattle,1441,2,4,2,9,Clear,High,1
PacificFly,New York,Miami,1378,0,2,1,11,Rain,Medium,0
AeroLine,Seattle,Denver,1480,12,14,4,1,Clear,Low,0
BlueWing,Miami,Houston,993,9,10,6,6,Cloudy,Low,0
SunAir,Atlanta,New York,1497,22,0,4,2,Cloudy,Low,0
BlueWing,Houston,New York,814,0,1,7,2,Clear,Low,0
NorthStar,Atlanta,Los Angeles,2030,15,19,3,5,Clear,Low,0
SkyJet,Boston,Seattle,202,9,10,6,5,Storm,Low,0
BlueWing,Atlanta,Los Angeles,549,16,17,4,11,Fog,Medium,0
SkyJet,Denver,Los Angeles,956,7,8,5,10,Rain,Low,0
SunAir,Boston,Seattle,1303,3,5,2,5,Fog,High,0
SunAir,Dallas,Chicago,1612,8,11,6,1,Cloudy,Medium,0
NorthStar,Los Angeles,Denver,1606,13,16,7,4,Cloudy,Medium,0
BlueWing,Los Angeles,Seattle,1193,6,8,6,10,Cloudy,High,0
AeroLine,Chicago,Dallas,751,17,18,3,10,Clear,Medium,0
NorthStar,Atlanta,Chicago,181,18,19,7,3,Clear,Low,0
SunAir,Seattle,Dallas,1985,16,19,1,8,Cloudy,Low,0
NorthStar,Los Angeles,New York,1212,8,10,1,1,Rain,Medium,0
SkyJet,New York,Chicago,1448,3,5,2,8,Clear,Medium,0
SkyJet,Chicago,Los Angeles,876,2,3,5,6,Snow,Medium,0
AeroLine,Houston,Denver,998,0,1,6,1,Cloudy,High,0
AeroLine,Denver,Houston,402,15,16,7,6,Rain,Medium,1
BlueWing,Houston,New York,900,20,21,6,9,Clear,High,1
PacificFly,Atlanta,Chicago,1257,11,13,1,6,Snow,Low,1
SkyJet,New York,Dallas,1975,1,4,6,2,Cloudy,Low,0
AeroLine,Miami,Boston,1102,16,18,2,1,Clear,Medium,1
NorthStar,Dallas,Seattle,1909,2,5,3,2,Rain,Low,1
AeroLine,Houston,Chicago,1228,12,14,3,9,Clear,Medium,0
PacificFly,Los Angeles,Denver,150,23,0,6,10,Fog,Medium,1
AeroLine,Houston,Los Angeles,1961,14,17,1,7,Clear,Low,0
PacificFly,Chicago,Denver,150,8,9,5,2,Clear,Medium,0
SkyJet,Dallas,New York,500,21,22,5,6,Clear,Medium,1
PacificFly,Houston,Los Angeles,1481,23,1,7,6,Clear,High,1
PacificFly,Houston,Miami,365,11,12,5,6,Snow,Medium,1
SunAir,Houston,Atlanta,1471,3,5,5,11,Cloudy,Low,0
NorthStar,Dallas,Seattle,1464,23,1,6,7,Fog,Low,1
SunAir,Atlanta,Seattle,1920,0,3,6,12,Fog,Low,1
PacificFly,New York,Denver,1635,17,20,7,8,Clear,Medium,0
SkyJet,Seattle,Boston,1036,18,20,6,6,Clear,Medium,0
SunAir,Boston,Miami,654,22,23,1,4,Cloudy,Medium,1
SkyJet,Los Angeles,New York,791,7,8,5,4,Rain,Medium,0
BlueWing,New York,Boston,1285,7,9,7,10,Snow,Low,1
PacificFly,Miami,Dallas,1617,4,7,7,10,Fog,Low,0
BlueWing,Houston,Denver,1409,0,2,7,6,Cloudy,Medium,0
SkyJet,Denver,Chicago,1005,19,21,1,10,Storm,Low,1
AeroLine,Los Angeles,Atlanta,840,17,18,5,1,Clear,High,1
PacificFly,Houston,Dallas,1652,23,2,3,1,Clear,Medium,0
AeroLine,Miami,Atlanta,611,0,1,5,7,Snow,Low,1
PacificFly,Seattle,Miami,1301,0,2,1,7,Clear,Low,0
PacificFly,Dallas,Seattle,1606,23,2,6,11,Snow,High,1
PacificFly,Boston,Houston,729,3,4,5,12,Rain,High,1
BlueWing,Boston,Atlanta,886,20,21,4,3,Snow,Medium,1
AeroLine,Miami,Houston,1825,7,10,2,9,Clear,Low,1
SunAir,Seattle,Boston,385,16,17,5,9,Cloudy,Medium,0
PacificFly,Dallas,Boston,1475,20,22,7,10,Storm,Low,1
AeroLine,Denver,Dallas,1612,6,9,3,6,Cloudy,Medium,1
NorthStar,Dallas,Atlanta,1137,12,14,3,2,Rain,Medium,0
SkyJet,Seattle,Boston,1046,16,18,5,1,Snow,Low,1
PacificFly,Houston,Los Angeles,870,15,16,6,8,Clear,Medium,0
AeroLine,Chicago,Boston,1423,17,19,3,7,Fog,Medium,1
BlueWing,Atlanta,Dallas,1093,2,4,5,11,Clear,Medium,0
SkyJet,Chicago,Atlanta,1090,2,4,2,2,Clear,High,0
BlueWing,Chicago,Atlanta,1697,15,18,4,9,Fog,Low,0
NorthStar,Atlanta,Boston,404,20,21,6,9,Clear,Low,0
BlueWing,New York,Denver,1518,13,16,3,2,Clear,High,0
SunAir,Houston,New York,888,2,3,6,5,Clear,High,1
BlueWing,Atlanta,Boston,922,16,17,3,3,Clear,Low,0
SkyJet,Boston,Dallas,1165,4,6,3,11,Clear,Low,0
BlueWing,Atlanta,Chicago,1106,16,18,2,8,Storm,Medium,0
BlueWing,Houston,Denver,1495,0,2,3,11,Clear,Low,0
NorthStar,Los Angeles,Miami,1754,12,15,2,9,Clear,High,0
BlueWing,Seattle,Chicago,808,12,13,6,11,Snow,Medium,1
SunAir,Denver,Houston,892,14,15,6,5,Clear,High,1
AeroLine,Chicago,Boston,959,17,18,6,12,Rain,Low,1
NorthStar,Dallas,Houston,1263,1,3,6,2,Snow,Low,0
NorthStar,Atlanta,New York,1415,4,6,3,4,Clear,Low,1
SkyJet,Boston,Atlanta,1321,23,1,4,2,Storm,Medium,0
PacificFly,Denver,Dallas,875,23,0,4,10,Rain,Medium,0
PacificFly,Miami,Chicago,1668,21,0,6,5,Clear,Medium,0
NorthStar,Houston,Dallas,1650,0,3,4,6,Storm,Medium,0
SkyJet,Chicago,Los Angeles,1837,7,10,2,12,Clear,Medium,1
PacificFly,Dallas,Chicago,1375,2,4,3,6,Cloudy,Medium,0
SkyJet,Miami,New York,1266,6,8,3,4,Cloudy,Medium,1
BlueWing,Dallas,Chicago,684,22,23,5,7,Clear,Low,0
BlueWing,Atlanta,Denver,935,2,3,5,6,Clear,Low,0
PacificFly,New York,Chicago,2752,18,23,1,4,Clear,Low,0
AeroLine,Miami,New York,1373,11,13,3,2,Rain,Medium,0
SunAir,Houston,Chicago,1121,23,1,7,9,Rain,Low,0
SkyJet,Dallas,Boston,1731,14,17,7,11,Storm,Low,0
NorthStar,Los Angeles,Denver,1025,10,12,5,5,Cloudy,Medium,1
SunAir,Atlanta,Denver,1025,0,2,7,3,Cloudy,High,0
SkyJet,Boston,New York,1658,23,2,7,11,Cloudy,Medium,0
PacificFly,Denver,Seattle,1373,5,7,5,6,Clear,Medium,1
BlueWing,Miami,Seattle,1509,13,16,5,5,Cloudy,Low,0
PacificFly,Los Angeles,Chicago,1270,8,10,3,4,Rain,Medium,0
BlueWing,Boston,Houston,1260,20,22,7,1,Clear,Low,0
SunAir,Seattle,Denver,685,2,3,6,10,Fog,Medium,1
AeroLine,Boston,Chicago,1711,14,17,3,7,Fog,Medium,0
NorthStar,Seattle,Los Angeles,2419,10,14,3,4,Snow,Low,0
NorthStar,New York,Los Angeles,1659,17,20,2,1,Snow,High,1
SunAir,Houston,Chicago,414,3,4,4,4,Clear,High,0
NorthStar,Chicago,Atlanta,670,9,10,1,10,Clear,Low,0
SunAir,Seattle,Miami,1438,4,6,7,1,Rain,High,1
SkyJet,Atlanta,Dallas,926,1,2,3,7,Rain,Low,0
SkyJet,Dallas,Miami,1281,9,11,7,4,Clear,High,0
SkyJet,Dallas,Chicago,889,20,21,6,8,Rain,Medium,0
BlueWing,Atlanta,Chicago,1550,1,4,7,4,Clear,Medium,1
NorthStar,Houston,Dallas,1745,15,18,6,7,Clear,Low,1
SunAir,Dallas,Denver,1504,0,3,5,12,Fog,Medium,1
SkyJet,Houston,Seattle,281,19,20,6,7,Snow,High,1
PacificFly,Atlanta,Chicago,1453,12,14,3,8,Cloudy,Medium,0
SunAir,New York,Houston,1225,1,3,1,6,Clear,Medium,0
PacificFly,Boston,Los Angeles,1285,7,9,5,2,Cloudy,Low,0
SunAir,New York,Denver,716,18,19,5,3,Clear,Low,0
AeroLine,Miami,Los Angeles,1408,13,15,3,7,Rain,Low,0
SkyJet,Chicago,New York,1638,2,5,7,11,Cloudy,High,1
PacificFly,Atlanta,New York,1536,20,23,2,7,Clear,Medium,0
NorthStar,Chicago,Seattle,702,10,11,7,5,Fog,Low,0
SunAir,Miami,Seattle,1184,5,7,2,5,Snow,Low,0
SkyJet,Seattle,Chicago,1604,10,13,7,2,Clear,Medium,0
SkyJet,Los Angeles,Seattle,844,7,8,5,8,Clear,Medium,0
BlueWing,Atlanta,Denver,1800,6,9,3,12,Clear,Low,0
PacificFly,Chicago,Dallas,871,17,18,3,1,Clear,Low,0
SkyJet,Houston,Miami,1181,15,17,4,2,Clear,Low,1
SkyJet,Denver,Dallas,692,19,20,6,4,Clear,Low,1
NorthStar,Seattle,Miami,1075,7,9,6,8,Cloudy,Low,0
PacificFly,Chicago,New York,2003,20,0,7,4,Fog,Low,1
SunAir,Houston,Los Angeles,1364,4,6,7,8,Cloudy,Low,0
NorthStar,Boston,Miami,1650,20,23,6,7,Rain,Medium,1
SkyJet,Chicago,Atlanta,475,18,19,7,7,Cloudy,Medium,0
NorthStar,Denver,Atlanta,646,21,22,7,5,Clear,Low,0
NorthStar,Atlanta,Seattle,1090,19,21,4,8,Rain,Medium,0
SunAir,Atlanta,Boston,1041,5,7,5,4,Cloudy,Low,0
SkyJet,Boston,Miami,687,3,4,4,11,Rain,High,0
SkyJet,Denver,Boston,2127,10,14,1,6,Clear,Medium,0
NorthStar,Boston,Denver,1103,4,6,4,6,Rain,Low,1
BlueWing,Miami,Chicago,1895,11,14,4,9,Fog,Medium,0
PacificFly,New York,Atlanta,665,12,13,6,12,Clear,High,0
AeroLine,Boston,Seattle,231,14,15,2,8,Cloudy,Low,1
NorthStar,Chicago,Houston,1423,4,6,1,3,Clear,High,1
NorthStar,Seattle,Denver,848,22,23,1,1,Snow,Low,1
BlueWing,Boston,Chicago,1081,4,6,2,6,Fog,Medium,1
BlueWing,Miami,New York,1775,18,21,7,1,Clear,Low,0
SunAir,Chicago,New York,1243,16,18,7,2,Clear,Medium,1
SkyJet,Denver,Miami,1519,18,21,5,3,Clear,Low,0
SunAir,Seattle,Chicago,1390,12,14,3,11,Clear,High,0
SkyJet,New York,Seattle,640,13,14,6,3,Storm,High,1
SkyJet,New York,Chicago,605,4,5,1,3,Cloudy,Medium,1
PacificFly,Seattle,Atlanta,1072,5,7,3,12,Clear,Medium,1
SunAir,New York,Dallas,971,0,1,5,3,Clear,Low,0
AeroLine,Dallas,Los Angeles,1049,14,16,3,3,Clear,Medium,0
BlueWing,Chicago,Los Angeles,1633,14,17,6,5,Clear,Low,0
PacificFly,Miami,Los Angeles,1010,18,20,1,6,Rain,Medium,1
PacificFly,New York,Atlanta,1011,7,9,6,10,Snow,Low,1
PacificFly,Boston,Denver,1191,13,15,7,9,Clear,High,0
SunAir,Chicago,Atlanta,349,13,14,3,5,Clear,Low,0
SunAir,Atlanta,Seattle,1464,22,0,5,1,Clear,Low,0
PacificFly,Seattle,Dallas,1332,16,18,2,8,Snow,Low,1
SunAir,Dallas,Boston,1520,5,8,4,9,Rain,Low,0
SunAir,Atlanta,New York,1221,22,0,6,6,Storm,Low,0
PacificFly,Seattle,Atlanta,2047,16,20,3,8,Cloudy,Low,0
SkyJet,Miami,Los Angeles,150,9,10,3,6,Snow,Low,0
SkyJet,Houston,Los Angeles,479,10,11,6,3,Cloudy,High,0
SunAir,Dallas,Los Angeles,1725,4,7,1,11,Clear,Medium,1
SkyJet,Seattle,Miami,710,18,19,7,12,Cloudy,High,1
BlueWing,Chicago,Seattle,1150,17,19,3,6,Clear,Low,0
PacificFly,Denver,Boston,1209,11,13,3,11,Cloudy,Medium,0
NorthStar,Chicago,Miami,2120,22,2,1,5,Storm,Medium,1
BlueWing,Houston,Miami,827,3,4,4,1,Cloudy,Medium,0
SunAir,Seattle,Dallas,1836,10,13,1,1,Rain,Medium,1
SunAir,Chicago,Atlanta,950,23,0,3,3,Snow,Low,0
PacificFly,Houston,Boston,1223,4,6,2,12,Clear,High,1
SunAir,Seattle,Los Angeles,1174,15,17,6,4,Snow,Medium,1
NorthStar,New York,Atlanta,769,20,21,6,12,Clear,High,0
SkyJet,Seattle,New York,1478,16,18,3,12,Clear,Low,0
BlueWing,Chicago,Atlanta,1328,1,3,3,6,Cloudy,High,0
BlueWing,Chicago,Seattle,690,18,19,3,10,Snow,Medium,0
AeroLine,Los Angeles,Dallas,1728,13,16,3,2,Cloudy,Medium,0
NorthStar,Los Angeles,Dallas,1311,7,9,3,6,Clear,Low,1
NorthStar,New York,Houston,995,15,16,4,2,Clear,Medium,0
PacificFly,Denver,Miami,826,0,1,7,5,Clear,High,1
SkyJet,Seattle,Boston,1435,13,15,4,2,Clear,Low,0
AeroLine,Atlanta,Chicago,272,1,2,2,10,Cloudy,Low,0
BlueWing,Los Angeles,Houston,1517,20,23,5,5,Clear,Low,0
SkyJet,New York,Chicago,580,19,20,2,2,Rain,High,0
PacificFly,Chicago,New York,886,21,22,6,1,Clear,High,0
NorthStar,Miami,Houston,1207,3,5,4,2,Storm,Low,0
SunAir,Seattle,Houston,1461,12,14,5,1,Clear,Low,0
SkyJet,Seattle,Dallas,791,4,5,6,7,Cloudy,Low,0
AeroLine,Boston,Dallas,2010,8,12,1,6,Cloudy,High,1
NorthStar,Boston,Seattle,889,11,12,5,12,Rain,Low,1
SunAir,Miami,Houston,658,5,6,2,6,Rain,High,1
BlueWing,Denver,Los Angeles,1594,5,8,1,4,Cloudy,Low,0
SunAir,Atlanta,Houston,256,0,1,7,10,Clear,Medium,0
BlueWing,Seattle,Los Angeles,837,0,1,7,9,Clear,Low,0
BlueWing,New York,Seattle,1468,21,23,1,1,Clear,Low,0
AeroLine,New York,Los Angeles,1225,10,12,3,1,Clear,High,0
SunAir,Chicago,Houston,782,21,22,1,2,Clear,Medium,0
AeroLine,New York,Chicago,2244,12,16,7,3,Clear,Low,0
BlueWing,Atlanta,Seattle,819,3,4,3,12,Snow,Medium,0
SkyJet,New York,Denver,1354,11,13,3,11,Clear,Medium,0
AeroLine,Atlanta,New York,1942,19,22,2,6,Storm,Medium,0
SunAir,New York,Atlanta,1089,4,6,3,9,Cloudy,High,0
SunAir,Houston,Miami,150,2,3,4,4,Fog,High,0
BlueWing,Boston,Chicago,2200,17,21,4,1,Clear,Low,1
SunAir,Houston,Chicago,657,3,4,5,11,Cloudy,Low,0
BlueWing,Houston,Dallas,1554,22,1,2,4,Cloudy,Low,0
SkyJet,Atlanta,Miami,1145,14,16,3,8,Clear,Medium,1
AeroLine,Boston,Seattle,1716,4,7,7,5,Fog,Low,0
PacificFly,Houston,Denver,1808,4,7,5,7,Rain,High,0
BlueWing,Miami,New York,1610,21,0,5,8,Rain,Low,0
AeroLine,Seattle,Houston,1286,16,18,1,9,Clear,High,0
AeroLine,Houston,Miami,670,16,17,2,11,Clear,Low,0
SunAir,Los Angeles,Seattle,1197,2,4,2,4,Fog,Medium,1
BlueWing,Atlanta,Miami,1534,22,1,4,8,Rain,High,1
SkyJet,Denver,Seattle,1446,2,4,3,12,Clear,High,1
SunAir,Houston,Atlanta,936,23,0,7,3,Storm,High,1
SunAir,Los Angeles,Denver,1538,4,7,1,12,Cloudy,Low,1
PacificFly,Denver,New York,1131,6,8,4,1,Rain,Medium,0
PacificFly,Atlanta,Dallas,1371,9,11,1,2,Snow,Low,0
NorthStar,Dallas,Miami,1175,2,4,2,2,Cloudy,Low,0
AeroLine,New York,Houston,926,11,12,3,4,Clear,Medium,0
PacificFly,Boston,Houston,1064,3,5,3,12,Clear,Low,0
SkyJet,Los Angeles,Atlanta,1498,12,14,4,1,Clear,Medium,0
SunAir,Seattle,Dallas,1849,5,8,6,1,Cloudy,Medium,0
SunAir,Los Angeles,Seattle,1207,16,18,3,9,Rain,Medium,0
SkyJet,Boston,Chicago,1156,15,17,2,8,Clear,Low,0
SkyJet,Atlanta,New York,499,9,10,6,1,Clear,High,0
PacificFly,Los Angeles,Houston,1303,0,2,6,5,Rain,Medium,0
NorthStar,Atlanta,Miami,960,12,13,4,6,Cloudy,Low,0
SunAir,Boston,Miami,313,5,6,5,5,Fog,High,0
BlueWing,Seattle,Los Angeles,388,19,20,1,7,Clear,High,0
PacificFly,Denver,Chicago,1376,5,7,3,3,Clear,Medium,1
SkyJet,Los Angeles,Houston,1997,19,22,7,7,Cloudy,Medium,1
NorthStar,Chicago,Houston,880,10,11,2,3,Clear,Low,0
SunAir,New York,Denver,1256,8,10,7,1,Cloudy,Medium,1
AeroLine,Denver,Houston,1422,14,16,5,1,Cloudy,High,1
AeroLine,Atlanta,Seattle,150,16,17,6,1,Storm,Medium,1
NorthStar,Chicago,Los Angeles,1329,15,17,1,3,Clear,Low,0
NorthStar,Houston,Boston,1818,18,21,2,8,Storm,Low,1
SunAir,Chicago,Denver,971,14,15,4,11,Clear,Low,0
PacificFly,New York,Los Angeles,1490,10,12,2,1,Clear,Medium,0
SkyJet,Chicago,Seattle,1098,6,8,2,4,Clear,Medium,0
NorthStar,Chicago,Boston,1470,3,5,2,5,Cloudy,Medium,0
NorthStar,Dallas,Houston,1920,11,14,2,12,Rain,Medium,0
AeroLine,Miami,Boston,793,12,13,4,5,Rain,Low,0
PacificFly,Chicago,Boston,1566,11,14,1,12,Clear,Medium,0
NorthStar,Atlanta,New York,1535,7,10,5,6,Clear,Medium,1
NorthStar,Dallas,Los Angeles,1053,2,4,5,11,Clear,Low,0
SkyJet,New York,Atlanta,1740,2,5,6,6,Clear,High,1
SunAir,Houston,New York,543,3,4,5,3,Cloudy,Medium,0
SunAir,Miami,Houston,1512,13,16,3,11,Fog,Low,1
BlueWing,Houston,Seattle,1642,21,0,3,1,Rain,Medium,1
SunAir,Atlanta,Chicago,1977,11,14,6,4,Snow,Medium,1
PacificFly,Chicago,Boston,1626,7,10,4,8,Cloudy,Medium,0
AeroLine,Los Angeles,Boston,1116,20,22,7,8,Storm,Low,1
NorthStar,Seattle,Chicago,1305,6,8,5,7,Clear,Medium,1
NorthStar,New York,Seattle,1144,19,21,3,5,Fog,High,1
BlueWing,Denver,Chicago,814,3,4,5,10,Fog,Low,0
PacificFly,New York,Boston,617,2,3,4,12,Cloudy,Low,0
AeroLine,Houston,Chicago,1209,15,17,2,3,Snow,Medium,1
NorthStar,Miami,Denver,1173,11,13,6,3,Rain,Low,1
SunAir,Chicago,Houston,2052,12,16,1,12,Cloudy,Medium,0
SkyJet,Los Angeles,New York,1623,5,8,7,8,Clear,Medium,0
AeroLine,Houston,Boston,1101,8,10,7,5,Storm,Low,1
NorthStar,Seattle,Chicago,156,16,17,2,8,Storm,Low,1
BlueWing,Seattle,Los Angeles,907,21,22,2,1,Rain,High,1
PacificFly,Dallas,Boston,1967,20,23,7,4,Clear,High,1
SkyJet,Dallas,Seattle,1111,7,9,3,12,Clear,High,1
BlueWing,Houston,Dallas,880,4,5,5,3,Cloudy,Medium,0
BlueWing,Seattle,Atlanta,1116,5,7,3,8,Clear,High,1
BlueWing,Miami,Boston,1638,13,16,3,10,Clear,Low,0
SunAir,Denver,Chicago,1936,8,11,7,8,Cloudy,Low,1
SkyJet,Houston,Atlanta,1433,2,4,5,3,Fog,Low,0
SunAir,New York,Dallas,1960,22,1,7,1,Cloudy,Medium,1
NorthStar,Denver,Chicago,1374,13,15,4,9,Clear,Low,0
SkyJet,New York,Seattle,833,22,23,3,8,Clear,Low,0
BlueWing,Houston,Seattle,1274,0,2,4,3,Rain,Medium,0
AeroLine,Miami,Denver,860,20,21,7,2,Clear,Low,0
PacificFly,Atlanta,Houston,1336,21,23,6,3,Clear,Low,0
SkyJet,Denver,Houston,1421,13,15,7,8,Fog,High,1
SkyJet,Atlanta,New York,2118,14,18,5,10,Cloudy,Low,0
AeroLine,Los Angeles,Boston,484,18,19,7,11,Clear,Medium,0
SunAir,Denver,Atlanta,967,3,4,5,6,Rain,Medium,0
PacificFly,Miami,Atlanta,1055,12,14,2,3,Clear,Medium,0
SkyJet,Seattle,New York,565,9,10,6,2,Clear,Medium,0
AeroLine,Houston,Chicago,2051,5,9,2,2,Clear,Medium,0
AeroLine,Miami,New York,667,16,17,1,3,Clear,Medium,1
PacificFly,Atlanta,Dallas,1796,8,11,4,12,Rain,Medium,1
SkyJet,New York,Boston,972,23,0,7,9,Fog,Medium,1
PacificFly,Boston,Dallas,1369,2,4,3,11,Fog,High,1
SkyJet,Denver,Houston,1020,15,17,6,9,Fog,Low,0
SunAir,Boston,New York,1159,7,9,7,7,Cloudy,Low,0
PacificFly,Chicago,Atlanta,479,22,23,6,10,Rain,High,0
NorthStar,Miami,Boston,1628,4,7,3,7,Clear,Low,0
SunAir,Atlanta,Chicago,727,21,22,5,4,Storm,High,1
BlueWing,Miami,Dallas,1504,4,7,4,7,Rain,Low,1
NorthStar,Miami,New York,1646,18,21,7,5,Fog,Low,0
AeroLine,Los Angeles,Denver,2114,22,2,5,4,Rain,Medium,1
SkyJet,Atlanta,Boston,1650,11,14,3,10,Storm,High,1
AeroLine,Boston,Chicago,1425,0,2,5,8,Rain,Low,0
NorthStar,Boston,Miami,1589,7,10,1,12,Clear,Medium,1
SunAir,Dallas,Boston,1180,1,3,7,9,Snow,Low,1
SunAir,New York,Chicago,1113,23,1,6,4,Snow,Medium,0
NorthStar,Denver,Chicago,1585,2,5,7,11,Clear,High,0
BlueWing,Dallas,Boston,1158,4,6,5,11,Cloudy,Medium,1
BlueWing,Seattle,Atlanta,150,22,23,5,11,Fog,High,1
SkyJet,Atlanta,Dallas,886,10,11,7,6,Cloudy,Medium,1
BlueWing,Seattle,Dallas,1055,1,3,5,4,Rain,Low,0
BlueWing,Los Angeles,Boston,1199,5,7,3,11,Clear,Low,0
SunAir,New York,Atlanta,1741,22,1,3,12,Fog,Medium,0
BlueWing,Atlanta,Miami,648,14,15,7,11,Storm,High,1
PacificFly,Los Angeles,Dallas,1267,21,23,6,9,Snow,Medium,0
PacificFly,Atlanta,Boston,1733,18,21,1,4,Clear,Low,0
BlueWing,Miami,Atlanta,939,21,22,4,10,Clear,High,1
PacificFly,Houston,Miami,301,19,20,1,1,Clear,Medium,0
SunAir,Miami,Chicago,1945,7,10,5,8,Fog,Medium,1
BlueWing,Dallas,New York,1887,6,9,6,10,Cloudy,Medium,0
PacificFly,Atlanta,Denver,428,22,23,2,6,Rain,Low,0
NorthStar,Chicago,Houston,905,20,21,7,2,Rain,Low,0
BlueWing,Dallas,Boston,1622,10,13,4,11,Cloudy,Low,0
PacificFly,Atlanta,Boston,1144,18,20,7,1,Cloudy,Low,0
NorthStar,Houston,New York,1260,6,8,5,11,Clear,Low,0
BlueWing,New York,Los Angeles,1209,20,22,3,8,Cloudy,Medium,1
SunAir,Houston,Chicago,614,16,17,5,12,Clear,High,1
SkyJet,Seattle,Chicago,738,22,23,3,6,Rain,High,1
NorthStar,Seattle,Dallas,1449,13,15,1,2,Clear,High,0
PacificFly,Chicago,New York,1036,11,13,7,2,Rain,Medium,1
NorthStar,Los Angeles,Boston,823,21,22,7,8,Fog,Low,1
SunAir,Seattle,Denver,802,2,3,6,7,Cloudy,Low,0
BlueWing,Dallas,Chicago,1412,8,10,1,6,Clear,Medium,0
PacificFly,Dallas,Seattle,501,18,19,7,8,Clear,Medium,0
BlueWing,Houston,Chicago,1369,16,18,7,4,Clear,Low,0
SkyJet,Miami,Denver,1064,1,3,3,7,Cloudy,Low,0
SkyJet,Los Angeles,Denver,894,16,17,4,11,Cloudy,Low,0
BlueWing,Houston,Miami,1458,17,19,2,9,Cloudy,Medium,0
SkyJet,Dallas,Chicago,916,14,15,4,8,Rain,Medium,1
BlueWing,Seattle,New York,1439,9,11,5,10,Clear,Low,0
PacificFly,Denver,Houston,1299,23,1,5,12,Clear,High,0
AeroLine,Chicago,New York,977,22,23,1,2,Snow,Low,1
PacificFly,Boston,Denver,748,21,22,3,12,Clear,Low,0
SkyJet,Miami,Boston,445,15,16,7,6,Clear,Low,0
SunAir,Atlanta,Seattle,621,5,6,2,7,Storm,Low,1
PacificFly,Dallas,New York,1796,7,10,3,4,Clear,Medium,1
NorthStar,Dallas,Los Angeles,571,12,13,7,11,Snow,Low,0
SkyJet,Denver,Seattle,1926,15,18,3,4,Snow,Low,0
NorthStar,Dallas,Chicago,1143,14,16,7,6,Clear,High,0
BlueWing,Dallas,Chicago,556,17,18,6,7,Storm,Medium,1
PacificFly,Chicago,Atlanta,1254,19,21,5,5,Fog,High,0
SkyJet,Chicago,Dallas,1198,19,21,3,9,Cloudy,Medium,1
AeroLine,Dallas,Miami,1210,13,15,1,2,Rain,Low,1
SunAir,Seattle,Miami,1341,15,17,2,7,Fog,Low,1
AeroLine,Houston,Dallas,1284,22,0,6,3,Clear,Medium,0
AeroLine,Chicago,Houston,712,14,15,4,10,Clear,High,0
BlueWing,Los Angeles,Miami,1851,18,21,6,9,Clear,Low,0
PacificFly,Miami,Dallas,1762,14,17,6,8,Clear,Medium,0
SunAir,Atlanta,Boston,600,4,5,1,3,Cloudy,Medium,0
BlueWing,Miami,Dallas,880,14,15,2,4,Fog,Low,0
AeroLine,Denver,Chicago,754,8,9,4,1,Clear,Medium,0
AeroLine,Atlanta,Dallas,1598,4,7,5,2,Fog,Low,1
PacificFly,Seattle,Boston,1425,22,0,7,3,Fog,Medium,1
SkyJet,Dallas,Chicago,414,0,1,2,3,Clear,Low,0
SkyJet,Miami,Seattle,1357,22,0,4,6,Clear,Medium,1
SkyJet,Los Angeles,Chicago,1196,23,1,1,4,Storm,Low,0
AeroLine,Chicago,Seattle,1092,9,11,4,5,Cloudy,Low,1
NorthStar,Atlanta,Seattle,446,22,23,3,10,Storm,Low,1
SunAir,Seattle,Houston,1197,16,18,4,1,Cloudy,Low,0
SkyJet,New York,Seattle,1592,21,0,6,1,Clear,Low,0
AeroLine,Miami,Atlanta,1510,13,16,7,1,Rain,Medium,0
SunAir,Miami,Chicago,2332,1,5,4,10,Cloudy,Low,0
AeroLine,Seattle,Boston,1541,2,5,7,12,Rain,High,1
BlueWing,New York,Boston,377,6,7,3,6,Clear,High,0
BlueWing,Boston,Houston,1952,5,8,1,10,Clear,Low,0
AeroLine,New York,Atlanta,1235,9,11,2,1,Clear,Low,0
SunAir,Chicago,Atlanta,751,3,4,2,5,Clear,Low,0
PacificFly,Miami,Dallas,855,3,4,2,5,Fog,Low,0
SunAir,Chicago,New York,991,19,20,7,7,Clear,Medium,1
NorthStar,Miami,Houston,768,7,8,5,8,Clear,Low,0
SkyJet,Chicago,Denver,1184,9,11,6,9,Fog,Low,0
BlueWing,Boston,Atlanta,1087,19,21,3,3,Cloudy,Medium,0
NorthStar,Atlanta,Seattle,778,0,1,7,8,Cloudy,High,1
PacificFly,Boston,Atlanta,582,21,22,5,3,Clear,High,0
AeroLine,Denver,New York,1287,6,8,2,10,Cloudy,Low,0
SunAir,Denver,Seattle,1001,9,11,7,7,Fog,Medium,1
SunAir,Dallas,Atlanta,816,22,23,5,5,Cloudy,Low,1
NorthStar,Chicago,Atlanta,150,19,20,6,12,Fog,Low,0
NorthStar,Chicago,Los Angeles,1270,18,20,2,11,Fog,Medium,1
BlueWing,New York,Miami,1806,2,5,1,5,Clear,High,0
AeroLine,Denver,Dallas,953,11,12,4,5,Clear,Low,0
SkyJet,Houston,Atlanta,1518,22,1,2,1,Rain,Medium,1
BlueWing,Miami,Chicago,388,12,13,7,11,Cloudy,Medium,0
SunAir,Miami,Houston,1243,23,1,4,12,Clear,High,1
SunAir,Houston,Seattle,826,12,13,2,4,Clear,Medium,0
SkyJet,New York,Atlanta,535,4,5,2,10,Clear,Low,0
NorthStar,Dallas,Chicago,1169,8,10,1,5,Clear,Low,0
PacificFly,Atlanta,Dallas,345,9,10,7,6,Storm,Medium,1
SunAir,Chicago,Los Angeles,2518,20,1,2,6,Snow,High,1
NorthStar,Houston,Los Angeles,2111,5,9,3,5,Cloudy,High,0
AeroLine,New York,Houston,1081,8,10,1,11,Clear,Low,0
SkyJet,Boston,Houston,611,5,6,1,5,Clear,High,0
SunAir,Houston,Denver,1032,17,19,1,8,Fog,Low,1
SunAir,Dallas,Los Angeles,749,12,13,1,10,Clear,Low,0
SunAir,Miami,New York,1496,16,18,5,2,Storm,Medium,0
SunAir,Houston,Miami,824,3,4,7,4,Clear,High,0
PacificFly,Los Angeles,Dallas,576,6,7,1,12,Snow,Medium,1
SunAir,Chicago,Miami,1022,6,8,7,2,Clear,Medium,1
PacificFly,New York,Houston,1720,9,12,3,3,Clear,Medium,0
NorthStar,Miami,Seattle,628,5,6,4,8,Snow,High,1
PacificFly,Dallas,Denver,1214,5,7,1,4,Clear,Low,0
SkyJet,Miami,New York,1770,9,12,1,9,Fog,Medium,1
BlueWing,New York,Denver,2449,19,23,2,3,Clear,Low,0
AeroLine,Chicago,Boston,1402,13,15,6,6,Fog,Medium,0
SunAir,Chicago,Atlanta,1557,4,7,7,2,Rain,Low,0
AeroLine,Boston,Miami,593,4,5,7,12,Storm,High,1
BlueWing,Houston,Seattle,1634,1,4,5,10,Cloudy,Medium,1
PacificFly,Miami,Los Angeles,330,1,2,3,4,Fog,Medium,0
BlueWing,Los Angeles,Atlanta,673,1,2,2,12,Cloudy,High,0
AeroLine,Denver,Atlanta,1719,20,23,5,10,Rain,Low,0
PacificFly,Denver,Seattle,1465,5,7,2,10,Cloudy,Low,1
SkyJet,Houston,New York,1093,15,17,1,10,Fog,Medium,0
NorthStar,Boston,Chicago,1789,15,18,6,5,Clear,Low,0
NorthStar,Los Angeles,Boston,671,3,4,1,11,Rain,Low,1
BlueWing,Seattle,Chicago,1514,5,8,5,10,Rain,Medium,1
AeroLine,Los Angeles,Chicago,602,13,14,7,11,Clear,Medium,0
NorthStar,Atlanta,Dallas,1342,18,20,6,9,Clear,High,0
SunAir,Houston,New York,1634,6,9,3,12,Clear,High,1
AeroLine,Miami,Chicago,222,23,0,3,6,Clear,Medium,0
BlueWing,Los Angeles,Atlanta,772,19,20,5,2,Clear,Medium,0
NorthStar,Chicago,Seattle,1246,18,20,1,1,Clear,Medium,1
BlueWing,Miami,Dallas,1452,17,19,4,12,Cloudy,Low,0
NorthStar,Chicago,Seattle,1004,3,5,2,9,Clear,Low,0
SkyJet,Chicago,New York,1116,5,7,5,10,Storm,Low,0
SkyJet,Chicago,Los Angeles,1294,11,13,2,12,Rain,High,1
AeroLine,Boston,Dallas,995,1,2,6,3,Rain,Low,0
SunAir,Dallas,Houston,1079,11,13,7,2,Clear,Low,0
AeroLine,Atlanta,Houston,1312,2,4,5,3,Cloudy,High,0
BlueWing,Miami,Seattle,691,1,2,2,2,Clear,Low,0
PacificFly,Boston,New York,1669,10,13,7,8,Rain,High,0
BlueWing,Boston,Seattle,1821,18,21,1,7,Clear,Low,0
AeroLine,Denver,Chicago,860,17,18,5,10,Clear,High,0
SkyJet,Denver,Chicago,150,17,18,3,9,Cloudy,Low,0
NorthStar,New York,Miami,662,6,7,2,9,Rain,Low,1
BlueWing,Denver,Dallas,1262,2,4,6,3,Clear,High,1
SkyJet,Boston,Atlanta,1611,4,7,1,11,Clear,Low,0
SkyJet,New York,Dallas,718,13,14,5,3,Rain,Low,0
SkyJet,Houston,Atlanta,1346,13,15,1,1,Clear,Medium,1
PacificFly,Dallas,Houston,1171,22,0,4,4,Clear,Medium,0
AeroLine,New York,Atlanta,211,0,1,7,5,Snow,Medium,1
SkyJet,Miami,Houston,1742,4,7,4,5,Cloudy,Medium,0
AeroLine,Denver,Houston,1765,18,21,4,9,Clear,Medium,1
AeroLine,Boston,Los Angeles,1257,4,6,6,1,Clear,Medium,0
AeroLine,Chicago,Miami,1325,17,19,7,4,Clear,Low,0
AeroLine,Seattle,Miami,794,2,3,2,2,Cloudy,High,1
SkyJet,Houston,Dallas,2439,20,0,7,8,Cloudy,Medium,1
AeroLine,Denver,Los Angeles,1629,2,5,5,2,Clear,Low,0
NorthStar,Atlanta,Seattle,1717,10,13,4,1,Clear,Medium,0
SkyJet,Seattle,New York,594,0,1,7,1,Snow,High,1
NorthStar,Miami,New York,710,13,14,4,10,Clear,High,1
SkyJet,Dallas,Boston,740,7,8,4,6,Rain,Low,0
BlueWing,Los Angeles,Dallas,1875,17,20,3,10,Clear,Medium,0
PacificFly,Houston,New York,873,7,8,5,11,Fog,Low,1
PacificFly,Los Angeles,Boston,1221,10,12,7,9,Rain,Medium,0
PacificFly,New York,Chicago,2093,8,12,1,3,Cloudy,Medium,0
BlueWing,Miami,Seattle,1634,16,19,7,12,Clear,Low,0
PacificFly,New York,Denver,358,7,8,7,11,Rain,Low,1
SunAir,New York,Dallas,788,17,18,4,8,Rain,High,1
SunAir,Chicago,Atlanta,590,6,7,7,8,Clear,Low,0
PacificFly,Dallas,Chicago,1111,11,13,7,10,Snow,Low,0
BlueWing,New York,Houston,1198,8,10,3,2,Clear,Low,0
PacificFly,Miami,New York,1967,14,17,6,1,Storm,Medium,1
NorthStar,Denver,Seattle,1761,1,4,1,2,Cloudy,High,1
NorthStar,Los Angeles,Atlanta,741,7,8,5,1,Cloudy,High,1
BlueWing,Boston,Chicago,1534,22,1,6,8,Clear,Low,0
BlueWing,Atlanta,Houston,1743,0,3,7,4,Rain,Low,0
SkyJet,Denver,Boston,1357,19,21,1,8,Clear,High,0
SunAir,Seattle,Miami,384,6,7,1,8,Fog,High,1
BlueWing,New York,Los Angeles,1227,10,12,1,10,Rain,Low,0
BlueWing,Chicago,Houston,692,23,0,4,1,Cloudy,Medium,0
SunAir,Seattle,Denver,870,15,16,6,11,Cloudy,Medium,0
NorthStar,Los Angeles,Atlanta,1354,2,4,6,7,Clear,Medium,0
SkyJet,Denver,Chicago,1460,15,17,7,12,Storm,Medium,0
NorthStar,Seattle,Dallas,1130,11,13,7,1,Clear,Low,1
SkyJet,New York,Boston,988,5,6,6,9,Clear,High,1
PacificFly,Boston,Miami,1295,19,21,5,7,Clear,Low,0
PacificFly,Dallas,New York,857,21,22,1,11,Cloudy,High,1
SkyJet,Los Angeles,Houston,1142,11,13,4,1,Snow,Medium,0
NorthStar,Miami,Dallas,1027,8,10,6,2,Fog,Medium,1
SunAir,Seattle,New York,1180,17,19,4,11,Cloudy,Medium,1
AeroLine,Los Angeles,Seattle,497,6,7,7,10,Fog,Low,0
AeroLine,Los Angeles,Denver,1418,6,8,1,12,Clear,Low,1
PacificFly,Miami,Boston,1621,1,4,5,7,Clear,High,0
BlueWing,Chicago,Houston,1137,5,7,3,11,Cloudy,Medium,0
SkyJet,Los Angeles,Chicago,1094,0,2,3,6,Clear,Low,0
NorthStar,Seattle,Denver,948,3,4,5,10,Clear,Low,0
PacificFly,Chicago,Denver,1124,22,0,1,10,Cloudy,Low,0
SunAir,Los Angeles,Dallas,1522,21,0,4,10,Rain,Low,0
SkyJet,Houston,Los Angeles,1326,2,4,7,12,Clear,High,1
SkyJet,Boston,Seattle,1576,3,6,4,11,Clear,Low,0
NorthStar,Denver,Chicago,914,14,15,2,8,Rain,Low,0
PacificFly,Dallas,Atlanta,1826,6,9,3,4,Clear,Medium,0
AeroLine,Seattle,Chicago,802,14,15,3,11,Cloudy,High,0
NorthStar,Boston,Miami,183,1,2,4,2,Cloudy,Low,0
NorthStar,Miami,Seattle,509,20,21,4,12,Rain,Low,0
SkyJet,Denver,Los Angeles,1487,10,12,3,3,Clear,Medium,0
AeroLine,New York,Miami,1017,9,11,2,3,Clear,Medium,0
SkyJet,Miami,Seattle,2206,7,11,5,4,Cloudy,Low,0
AeroLine,Los Angeles,Dallas,1481,4,6,7,3,Rain,Low,0
PacificFly,Miami,Atlanta,630,4,5,4,9,Clear,High,0
SkyJet,Denver,Los Angeles,1062,0,2,2,5,Cloudy,Medium,1
NorthStar,Dallas,Los Angeles,697,18,19,4,6,Clear,High,1
AeroLine,Chicago,Seattle,711,3,4,6,6,Rain,High,1
NorthStar,Houston,Boston,1403,1,3,7,10,Clear,Low,0
SkyJet,Boston,Seattle,1377,2,4,5,11,Fog,High,0
NorthStar,Atlanta,Dallas,1019,21,23,2,9,Cloudy,High,1
AeroLine,New York,Chicago,947,11,12,1,5,Clear,High,0
SunAir,Dallas,Houston,1022,3,5,5,6,Clear,Low,1
SkyJet,Denver,Boston,550,7,8,3,7,Clear,High,0
AeroLine,Seattle,Chicago,965,8,9,5,5,Clear,Low,0
AeroLine,Denver,Chicago,855,9,10,7,4,Cloudy,High,1
PacificFly,Houston,Boston,1450,16,18,6,10,Clear,High,0
SkyJet,New York,Los Angeles,1528,16,19,4,1,Fog,Low,1
SunAir,New York,Los Angeles,525,11,12,3,5,Storm,High,1
NorthStar,Chicago,Denver,2084,6,10,4,10,Clear,High,1
AeroLine,Houston,Chicago,1119,14,16,1,1,Storm,Low,0
AeroLine,Dallas,Denver,1206,20,22,1,11,Cloudy,Low,1
SunAir,Houston,Atlanta,2133,21,1,4,11,Clear,Low,0
SkyJet,Dallas,Denver,1704,22,1,5,7,Clear,High,0
NorthStar,Miami,Atlanta,2109,6,10,7,1,Clear,Low,1
BlueWing,New York,Houston,1003,4,6,3,9,Fog,Low,0
BlueWing,Boston,Los Angeles,765,18,19,1,8,Cloudy,Low,0
SunAir,Denver,Seattle,1748,12,15,4,11,Fog,Low,0
NorthStar,Denver,Los Angeles,1715,13,16,1,1,Cloudy,High,1
BlueWing,Dallas,Miami,1540,13,16,6,1,Cloudy,Medium,0
SunAir,Houston,New York,1038,22,0,4,5,Cloudy,Low,0
SkyJet,Atlanta,Chicago,1207,18,20,5,8,Cloudy,Low,0
BlueWing,Denver,Miami,1655,14,17,6,7,Storm,Low,1
SunAir,Miami,Chicago,957,6,7,4,5,Storm,Low,1
SunAir,Dallas,Denver,1176,21,23,3,10,Clear,Medium,0
SkyJet,Miami,Houston,1977,8,11,7,7,Rain,Medium,0
NorthStar,Seattle,Atlanta,1030,20,22,6,2,Clear,High,0
PacificFly,Denver,Chicago,1315,18,20,1,11,Rain,Low,1
AeroLine,Houston,New York,1203,16,18,4,12,Clear,Low,0
SkyJet,Miami,Seattle,460,17,18,6,1,Clear,High,0
SkyJet,New York,Boston,1077,4,6,7,7,Fog,Low,1
AeroLine,Los Angeles,Dallas,1445,4,6,1,1,Snow,High,0
PacificFly,Chicago,Denver,1581,0,3,5,7,Clear,Medium,0
SunAir,Houston,Miami,229,23,0,6,7,Cloudy,Medium,1
PacificFly,Dallas,Los Angeles,1294,16,18,4,8,Clear,Medium,0
BlueWing,Atlanta,Los Angeles,1516,19,22,6,10,Clear,High,1
AeroLine,Atlanta,Chicago,1846,12,15,3,12,Rain,Low,0
SkyJet,Chicago,Dallas,2174,0,4,1,1,Clear,High,1
SunAir,Atlanta,Chicago,940,3,4,1,2,Clear,Low,0
BlueWing,Chicago,Dallas,1626,11,14,1,9,Cloudy,Low,0
PacificFly,Seattle,Houston,1624,10,13,4,4,Fog,Low,0
BlueWing,Los Angeles,New York,562,4,5,6,1,Clear,Low,1
SkyJet,Denver,Dallas,811,11,12,4,11,Fog,Medium,1
NorthStar,Miami,Seattle,751,6,7,3,4,Clear,Medium,1
PacificFly,Houston,New York,901,15,16,6,12,Rain,High,1
AeroLine,Dallas,Miami,362,4,5,3,4,Cloudy,Medium,0
SkyJet,Boston,Chicago,2663,19,0,3,1,Clear,Medium,0
NorthStar,Seattle,Los Angeles,702,2,3,2,10,Rain,Low,0
NorthStar,Los Angeles,Seattle,1065,17,19,3,1,Clear,Medium,0
SunAir,Boston,Houston,1950,5,8,3,9,Clear,Low,1
SunAir,Houston,Los Angeles,1264,5,7,1,12,Rain,Medium,1
NorthStar,Houston,Chicago,1652,9,12,1,3,Clear,Low,0
BlueWing,Houston,Boston,1414,22,0,6,12,Storm,Low,1
NorthStar,Miami,Chicago,1598,4,7,6,2,Clear,Medium,0
AeroLine,Atlanta,Los Angeles,1790,19,22,2,12,Rain,Medium,1
AeroLine,Houston,New York,1401,17,19,1,2,Clear,Low,0
PacificFly,Seattle,Chicago,1362,19,21,2,9,Clear,Low,0
PacificFly,Atlanta,Seattle,1424,4,6,5,9,Clear,Medium,0
AeroLine,Seattle,Los Angeles,936,21,22,2,3,Snow,Medium,0
PacificFly,Los Angeles,Denver,1588,16,19,4,9,Clear,Low,0
SkyJet,Atlanta,Boston,700,20,21,7,1,Storm,High,1
PacificFly,Boston,Dallas,1459,15,17,4,12,Rain,High,1
NorthStar,Miami,Boston,737,3,4,5,1,Cloudy,High,0
BlueWing,New York,Atlanta,1087,9,11,1,9,Cloudy,Low,0
SkyJet,Chicago,Atlanta,1284,7,9,3,1,Fog,Medium,1
NorthStar,Chicago,Houston,1674,5,8,1,3,Rain,Medium,1
NorthStar,Miami,Denver,689,7,8,3,3,Cloudy,Medium,0
NorthStar,Miami,Dallas,743,9,10,4,9,Clear,High,0
SkyJet,Denver,Dallas,2104,6,10,4,3,Cloudy,Medium,0
SkyJet,Dallas,New York,1480,22,0,3,6,Storm,Low,0
AeroLine,Atlanta,Dallas,2043,18,22,3,12,Cloudy,Low,0
AeroLine,New York,Houston,881,15,16,4,5,Clear,High,1
AeroLine,Chicago,Boston,1122,3,5,1,12,Cloudy,Medium,1
SkyJet,Boston,Atlanta,670,6,7,1,2,Clear,Low,0
PacificFly,Boston,Atlanta,1744,2,5,5,10,Cloudy,Low,1
SunAir,Los Angeles,Dallas,914,18,19,5,12,Snow,Medium,0
SkyJet,Miami,Boston,1562,11,14,3,3,Clear,Low,0
AeroLine,Seattle,Dallas,1424,6,8,5,11,Cloudy,Low,0
AeroLine,Denver,Los Angeles,758,19,20,2,4,Clear,Medium,1
BlueWing,Dallas,Houston,1266,12,14,3,11,Cloudy,High,1
BlueWing,Chicago,Boston,1537,18,21,3,5,Cloudy,Low,0
SkyJet,Dallas,Chicago,949,17,18,4,9,Clear,High,0
SkyJet,Dallas,Atlanta,519,10,11,2,1,Cloudy,Medium,0
BlueWing,Dallas,Atlanta,298,19,20,5,6,Cloudy,High,0
SunAir,Denver,Seattle,971,14,15,3,8,Cloudy,Medium,0
SkyJet,Seattle,Houston,1842,6,9,4,6,Clear,High,0
SkyJet,Dallas,Atlanta,708,12,13,5,6,Storm,Low,0
PacificFly,Miami,Chicago,1130,13,15,2,7,Rain,Low,0
AeroLine,Miami,New York,812,3,4,5,12,Clear,Low,0
AeroLine,Houston,New York,1006,10,12,7,1,Storm,Medium,0
PacificFly,Dallas,Seattle,1915,8,11,6,6,Storm,Medium,1
AeroLine,Denver,Seattle,1085,17,19,2,11,Clear,High,1
SunAir,Dallas,Seattle,1036,11,13,6,7,Clear,High,0
SunAir,Atlanta,Seattle,1755,1,4,5,4,Clear,Medium,1
SunAir,Houston,Boston,834,5,6,2,11,Snow,High,1
AeroLine,Los Angeles,Denver,1638,0,3,4,11,Cloudy,Low,0
SunAir,Denver,Boston,1110,14,16,3,5,Snow,Low,0
SkyJet,Miami,Atlanta,692,1,2,5,7,Clear,Medium,1
AeroLine,Miami,Boston,1136,18,20,1,7,Rain,Low,1
PacificFly,Atlanta,New York,1677,0,3,4,11,Fog,Medium,1
BlueWing,Seattle,Atlanta,1198,15,17,6,11,Clear,Medium,0
AeroLine,Dallas,Miami,1984,20,23,5,11,Snow,Low,1
PacificFly,Denver,Seattle,1158,21,23,5,11,Clear,High,0
AeroLine,Houston,Atlanta,1353,23,1,3,9,Clear,Medium,0
BlueWing,Denver,New York,1567,18,21,2,9,Cloudy,Medium,0
PacificFly,Houston,Boston,2106,7,11,3,7,Rain,High,0
SkyJet,Los Angeles,Houston,478,9,10,7,12,Clear,Medium,0
AeroLine,Atlanta,Dallas,1257,2,4,1,2,Clear,Low,0
SkyJet,Seattle,Miami,164,19,20,2,3,Clear,Low,0
AeroLine,Houston,Boston,1696,9,12,3,11,Fog,Low,0
NorthStar,Houston,New York,1823,21,0,7,5,Clear,Medium,0
BlueWing,Chicago,Seattle,1634,15,18,1,8,Clear,Low,0
PacificFly,Boston,Atlanta,642,8,9,4,10,Cloudy,Low,0
SkyJet,Miami,Atlanta,1192,11,13,5,10,Rain,High,1
SunAir,Chicago,New York,1228,17,19,1,7,Cloudy,Medium,0
NorthStar,Dallas,Los Angeles,1266,17,19,2,10,Rain,Low,0
SkyJet,Chicago,Atlanta,1522,23,2,4,5,Storm,Medium,0
PacificFly,Seattle,New York,659,17,18,5,9,Cloudy,Low,0
AeroLine,Atlanta,Los Angeles,1721,10,13,4,9,Cloudy,Medium,1
BlueWing,Denver,Los Angeles,1431,19,21,6,5,Cloudy,Medium,0
SunAir,Boston,Los Angeles,1605,17,20,6,2,Clear,Low,0
BlueWing,Miami,Seattle,2345,21,1,4,12,Clear,Medium,0
NorthStar,Dallas,Los Angeles,586,23,0,7,5,Cloudy,High,0
AeroLine,New York,Atlanta,2298,5,9,3,1,Clear,High,0
BlueWing,Boston,Los Angeles,787,14,15,6,11,Fog,Low,1
NorthStar,Denver,Boston,826,3,4,7,11,Rain,Low,0
NorthStar,Denver,Chicago,663,17,18,7,8,Rain,Medium,1
SkyJet,Houston,Los Angeles,804,22,23,6,11,Snow,Low,0
BlueWing,Chicago,Dallas,1392,21,23,1,10,Rain,High,1
NorthStar,Los Angeles,Seattle,1551,7,10,5,9,Clear,Low,1
SkyJet,Dallas,Denver,657,0,1,1,3,Cloudy,Low,0
AeroLine,Atlanta,Chicago,1089,20,22,3,2,Cloudy,High,1
SunAir,Seattle,Boston,620,5,6,7,10,Cloudy,Medium,0
NorthStar,Los Angeles,Houston,1072,4,6,1,10,Clear,Low,0
SunAir,Atlanta,Dallas,1906,13,16,7,12,Clear,High,1
BlueWing,Dallas,Boston,1231,3,5,3,7,Fog,Low,1
NorthStar,Dallas,Seattle,344,15,16,1,6,Clear,Low,0
AeroLine,Boston,Atlanta,1003,17,19,3,3,Storm,Low,1
AeroLine,New York,Los Angeles,1609,12,15,3,11,Cloudy,Low,0
BlueWing,Chicago,Atlanta,1102,21,23,7,11,Clear,Medium,1
NorthStar,Dallas,Atlanta,1800,19,22,4,2,Fog,Low,0
BlueWing,Houston,Denver,1204,2,4,3,10,Cloudy,High,0
NorthStar,Chicago,Atlanta,1329,11,13,5,11,Fog,High,1
AeroLine,Chicago,New York,957,1,2,3,3,Cloudy,Low,0
PacificFly,New York,Denver,2680,2,7,7,7,Clear,Low,0
SunAir,New York,Los Angeles,1601,14,17,1,6,Rain,Low,0
NorthStar,Chicago,Miami,901,7,8,4,12,Cloudy,High,0
PacificFly,Dallas,Los Angeles,1115,10,12,5,2,Cloudy,Medium,1
BlueWing,Atlanta,Los Angeles,208,20,21,2,12,Clear,High,0
SkyJet,Seattle,Denver,1177,9,11,4,8,Clear,Medium,0
BlueWing,Dallas,Atlanta,603,2,3,5,3,Snow,Medium,0
PacificFly,Atlanta,Miami,1208,20,22,6,12,Clear,Low,0
NorthStar,Los Angeles,Houston,1183,21,23,4,7,Rain,Low,0
PacificFly,Denver,Dallas,1805,7,10,7,5,Clear,Low,0
AeroLine,Atlanta,Chicago,660,18,19,4,8,Clear,Low,0
SunAir,Denver,Boston,1209,13,15,6,12,Rain,Medium,1
SunAir,New York,Boston,690,0,1,5,3,Cloudy,Medium,0
NorthStar,Chicago,Los Angeles,397,12,13,2,4,Clear,High,0
AeroLine,Atlanta,Denver,1170,22,0,1,9,Storm,Low,0
NorthStar,New York,Boston,1613,13,16,3,5,Cloudy,Medium,0
AeroLine,Boston,New York,1404,12,14,2,9,Clear,Low,0
AeroLine,Dallas,Chicago,986,23,0,4,7,Cloudy,Medium,0
SkyJet,Chicago,Boston,1185,15,17,3,8,Clear,Low,0
PacificFly,Los Angeles,Chicago,1147,18,20,4,9,Clear,Medium,1
PacificFly,Miami,Los Angeles,929,5,6,2,4,Clear,High,0
AeroLine,New York,Los Angeles,1356,4,6,7,12,Cloudy,Low,0
AeroLine,Chicago,New York,883,21,22,4,11,Cloudy,Low,0
NorthStar,Houston,Los Angeles,630,14,15,1,6,Clear,Low,0
SunAir,Dallas,Los Angeles,1600,11,14,4,3,Snow,High,1
SkyJet,Los Angeles,Dallas,2229,7,11,5,4,Snow,High,1
NorthStar,Boston,Chicago,1167,22,0,1,6,Storm,Medium,1
SkyJet,Houston,Boston,2561,18,23,3,12,Cloudy,Low,0
SkyJet,New York,Atlanta,748,8,9,5,4,Cloudy,Low,0
PacificFly,Houston,Chicago,1898,21,0,2,5,Cloudy,High,0
AeroLine,Chicago,Dallas,873,6,7,7,5,Fog,Medium,0
PacificFly,Denver,Boston,894,4,5,3,6,Rain,High,0
SunAir,Houston,Boston,2028,12,16,6,5,Fog,Low,0
SunAir,Denver,Chicago,991,22,23,6,4,Fog,Medium,0
AeroLine,Chicago,Houston,330,17,18,5,12,Cloudy,Medium,0
PacificFly,Dallas,New York,1174,6,8,5,1,Storm,Medium,1
AeroLine,Miami,Los Angeles,1638,0,3,3,10,Cloudy,Medium,0
SunAir,New York,Denver,833,8,9,5,2,Cloudy,Medium,0
AeroLine,Denver,Seattle,2019,4,8,2,9,Clear,High,0
SkyJet,Houston,Los Angeles,1739,4,7,4,11,Rain,Medium,0
BlueWing,Atlanta,Houston,1683,4,7,1,1,Fog,High,1
SunAir,New York,Miami,1667,0,3,2,7,Clear,High,0
SkyJet,Houston,New York,1899,2,5,3,11,Clear,Medium,1
PacificFly,Seattle,Denver,1329,10,12,4,11,Storm,Low,0
AeroLine,New York,Miami,2183,15,19,2,6,Rain,Medium,1
AeroLine,Los Angeles,Denver,1180,14,16,4,3,Fog,Low,1
PacificFly,New York,Dallas,674,13,14,2,10,Rain,Medium,0
PacificFly,Dallas,Seattle,713,3,4,6,5,Rain,Low,1
SunAir,Chicago,Miami,2434,15,19,7,6,Storm,High,1
SunAir,Boston,Los Angeles,651,1,2,4,6,Clear,Low,0
PacificFly,Boston,Dallas,1123,19,21,2,11,Storm,Medium,1
BlueWing,Atlanta,Denver,1436,14,16,7,1,Cloudy,Medium,0
NorthStar,Boston,Dallas,1432,15,17,3,11,Fog,High,1
BlueWing,Chicago,Miami,1504,8,11,4,11,Clear,High,1
BlueWing,Boston,Los Angeles,1894,9,12,4,7,Clear,Low,1
AeroLine,Atlanta,Denver,1271,6,8,1,7,Cloudy,High,0
BlueWing,Atlanta,New York,814,21,22,1,4,Cloudy,Low,0
BlueWing,Boston,Dallas,1917,5,8,4,9,Rain,Low,0
NorthStar,Houston,Atlanta,2304,16,20,5,9,Fog,Low,1
AeroLine,Denver,Boston,1853,21,0,1,6,Rain,Low,0
PacificFly,Miami,Atlanta,609,3,4,6,6,Cloudy,Low,0
AeroLine,Boston,Seattle,624,3,4,1,4,Cloudy,High,1
BlueWing,Chicago,New York,1019,12,14,2,3,Clear,Medium,1
BlueWing,Chicago,Los Angeles,1511,3,6,7,4,Clear,Low,0
BlueWing,Houston,Atlanta,801,21,22,6,12,Cloudy,High,0
PacificFly,Dallas,Atlanta,1313,15,17,7,2,Rain,Medium,0
AeroLine,Miami,Denver,937,12,13,4,12,Clear,High,1
AeroLine,Miami,Dallas,1605,8,11,7,3,Clear,Low,0
SunAir,Houston,New York,697,17,18,6,2,Clear,Medium,0
AeroLine,Seattle,Denver,1832,11,14,2,1,Cloudy,High,1
AeroLine,Seattle,Atlanta,869,20,21,6,3,Clear,Low,1
PacificFly,New York,Chicago,961,17,18,1,6,Clear,Low,0
PacificFly,Denver,Los Angeles,1794,17,20,4,3,Clear,Low,1
NorthStar,Atlanta,Dallas,1533,4,7,6,6,Clear,High,0
PacificFly,New York,Houston,657,4,5,2,2,Rain,Low,0
BlueWing,Miami,Dallas,1018,11,13,7,6,Clear,Low,0
NorthStar,Chicago,Seattle,2560,9,14,5,12,Storm,High,1
SkyJet,Denver,Miami,1622,11,14,3,1,Rain,Medium,1
NorthStar,Boston,New York,186,12,13,1,4,Clear,High,0
AeroLine,Houston,Denver,1063,13,15,3,2,Fog,Low,1
SunAir,Los Angeles,Seattle,685,13,14,4,1,Storm,Medium,1
PacificFly,Chicago,Houston,957,18,19,4,7,Clear,Medium,1
NorthStar,Chicago,Houston,1083,11,13,3,3,Fog,Low,1
BlueWing,Seattle,Houston,1101,5,7,4,12,Storm,Medium,1
AeroLine,Chicago,New York,1392,5,7,4,3,Clear,High,0
SkyJet,Los Angeles,Dallas,1913,1,4,3,11,Fog,Low,1
BlueWing,Houston,Seattle,1113,7,9,6,7,Clear,Low,0
NorthStar,Chicago,Boston,1919,20,23,3,8,Cloudy,Low,0
NorthStar,Dallas,Chicago,1554,13,16,1,8,Clear,Medium,0
AeroLine,Seattle,New York,1129,3,5,6,2,Clear,Medium,1
SunAir,Miami,Seattle,1161,14,16,3,4,Storm,Medium,1
SkyJet,Seattle,Chicago,1762,20,23,4,1,Fog,Low,1
BlueWing,Boston,Chicago,1307,17,19,4,7,Storm,Medium,1
PacificFly,Denver,Chicago,836,8,9,6,4,Snow,Medium,1
NorthStar,Seattle,New York,783,1,2,4,7,Clear,Low,0
AeroLine,Dallas,Atlanta,860,12,13,2,4,Clear,Medium,0
SunAir,Dallas,Seattle,484,8,9,5,4,Cloudy,Medium,0
AeroLine,Dallas,Boston,1387,23,1,7,1,Clear,Medium,0
AeroLine,Denver,Atlanta,1529,7,10,1,9,Cloudy,Low,0
SkyJet,Miami,Seattle,1002,14,16,2,9,Rain,High,0
SkyJet,New York,Chicago,150,14,15,6,10,Cloudy,Low,0
SunAir,Boston,Seattle,1472,5,7,2,2,Clear,Low,0
AeroLine,Houston,New York,1527,1,4,3,2,Fog,High,1
SunAir,Miami,Dallas,1438,2,4,7,7,Cloudy,Low,0
NorthStar,Miami,Chicago,917,3,4,2,5,Storm,Medium,0
PacificFly,Los Angeles,Denver,568,21,22,4,1,Storm,Low,1
BlueWing,New York,Chicago,855,8,9,5,7,Cloudy,Low,0
NorthStar,Seattle,Denver,1433,0,2,4,8,Cloudy,High,0
PacificFly,New York,Los Angeles,1598,12,15,4,3,Storm,Low,1
AeroLine,Houston,Denver,1344,22,0,5,2,Clear,Low,0
PacificFly,Atlanta,Seattle,1073,18,20,7,7,Clear,Low,0
SkyJet,Miami,Boston,880,16,17,7,4,Clear,Medium,1
SunAir,Miami,Seattle,150,21,22,4,6,Clear,Medium,0
AeroLine,Houston,Boston,1042,6,8,1,2,Rain,High,0
SunAir,Dallas,Atlanta,1301,23,1,6,9,Rain,High,1
SkyJet,Miami,Chicago,1093,19,21,6,8,Clear,Low,0
NorthStar,Boston,Miami,799,19,20,4,5,Clear,Low,0
SkyJet,Denver,New York,726,23,0,7,1,Cloudy,Low,0
PacificFly,Houston,Denver,992,7,8,6,8,Cloudy,Low,0
SkyJet,New York,Los Angeles,1950,8,11,5,2,Clear,Medium,1
SunAir,Los Angeles,New York,1555,7,10,4,3,Clear,Low,0
BlueWing,Dallas,Seattle,1985,6,9,2,7,Rain,Medium,1
NorthStar,Atlanta,Houston,2105,17,21,5,1,Clear,Medium,0
BlueWing,Atlanta,Denver,1399,0,2,1,11,Clear,Low,0
BlueWing,Miami,Atlanta,674,20,21,4,10,Storm,Medium,1
PacificFly,Los Angeles,Dallas,1623,0,3,3,6,Clear,High,1
AeroLine,Houston,Seattle,1753,0,3,6,12,Cloudy,High,0
AeroLine,Seattle,Dallas,1407,13,15,6,7,Cloudy,Low,0
SunAir,Boston,Denver,1098,5,7,2,2,Rain,Low,0
NorthStar,Houston,Atlanta,1287,1,3,4,5,Rain,Low,0
SkyJet,Miami,Chicago,309,12,13,6,2,Clear,Low,0
PacificFly,Chicago,Atlanta,1415,3,5,1,2,Storm,Low,1
AeroLine,Los Angeles,Seattle,1954,7,10,6,6,Rain,High,0
BlueWing,Houston,Chicago,1805,5,8,4,5,Clear,High,0
SunAir,New York,Boston,803,10,11,5,3,Fog,Low,0
SunAir,Houston,Chicago,2156,18,22,1,9,Rain,Medium,1
SkyJet,Houston,Miami,1337,10,12,2,8,Clear,Medium,1
NorthStar,Chicago,Dallas,1841,14,17,4,11,Cloudy,Low,0
AeroLine,Los Angeles,New York,983,1,2,6,8,Clear,Medium,0
NorthStar,Denver,New York,2292,23,3,6,9,Clear,Low,0
BlueWing,Chicago,Houston,1124,8,10,7,5,Cloudy,High,1
PacificFly,Seattle,Miami,1179,14,16,6,8,Rain,Low,0
AeroLine,Los Angeles,Miami,1717,10,13,5,1,Fog,Low,1
AeroLine,Boston,Denver,1574,14,17,2,2,Cloudy,Low,0
SkyJet,Los Angeles,Atlanta,1356,23,1,7,7,Fog,Low,1
SkyJet,Atlanta,Chicago,1627,7,10,7,6,Snow,Low,0
PacificFly,Miami,Denver,1244,7,9,7,2,Clear,Medium,0
SkyJet,Denver,Seattle,925,19,20,1,4,Clear,Low,0
NorthStar,Boston,New York,1959,11,14,7,11,Rain,Low,0
AeroLine,Atlanta,Seattle,1453,8,10,7,6,Cloudy,Medium,1
PacificFly,New York,Denver,1274,0,2,4,7,Storm,Low,0
NorthStar,Atlanta,Los Angeles,1114,5,7,4,3,Cloudy,Medium,0
NorthStar,Chicago,Dallas,1508,12,15,2,2,Cloudy,High,0
PacificFly,Houston,Los Angeles,642,3,4,4,2,Clear,Low,0
SunAir,Chicago,Atlanta,785,4,5,2,4,Snow,Low,1
SkyJet,Denver,Chicago,1558,21,0,2,6,Storm,High,0
NorthStar,Miami,Atlanta,1284,23,1,2,10,Fog,Medium,0
PacificFly,Houston,Miami,541,15,16,1,11,Rain,Low,0
SunAir,Los Angeles,Boston,1615,16,19,6,2,Cloudy,Low,0
SunAir,Houston,Boston,747,13,14,1,4,Clear,Low,0
PacificFly,Dallas,Houston,1757,17,20,2,9,Snow,Low,1
SunAir,Dallas,Chicago,790,23,0,2,12,Rain,Medium,0
SkyJet,Dallas,Seattle,1951,19,22,3,1,Clear,Low,1
AeroLine,New York,Los Angeles,1152,8,10,5,9,Clear,Medium,0
SunAir,Houston,Atlanta,761,6,7,1,1,Clear,High,1
SkyJet,Boston,New York,1623,14,17,5,4,Fog,Low,1
NorthStar,Denver,Seattle,1774,4,7,3,1,Clear,Low,0
SunAir,Houston,Atlanta,888,22,23,2,12,Clear,Low,0
SunAir,Houston,New York,688,20,21,4,10,Cloudy,Low,1
AeroLine,Miami,Los Angeles,1401,20,22,3,5,Clear,High,1
PacificFly,New York,Chicago,1747,18,21,5,6,Storm,Medium,0
AeroLine,Dallas,Boston,1157,4,6,1,6,Clear,High,1
AeroLine,Miami,Seattle,915,13,14,2,10,Rain,High,0
AeroLine,New York,Los Angeles,907,13,14,4,3,Cloudy,Medium,0
SunAir,Seattle,Miami,1836,0,3,1,1,Cloudy,Low,1
BlueWing,New York,Chicago,410,4,5,1,12,Rain,High,1
BlueWing,New York,Miami,2431,13,17,7,2,Cloudy,Low,0
NorthStar,Dallas,Miami,1145,3,5,5,4,Clear,Low,0
NorthStar,Chicago,Boston,811,22,23,2,11,Clear,Medium,0
BlueWing,Los Angeles,Denver,633,4,5,2,10,Cloudy,High,0
BlueWing,New York,Seattle,655,22,23,1,6,Cloudy,Low,1
AeroLine,New York,Chicago,1480,8,10,5,12,Clear,Low,0
SunAir,Boston,Los Angeles,1166,8,10,7,8,Storm,Medium,1
PacificFly,Seattle,Denver,1796,10,13,7,10,Rain,High,0
SkyJet,Denver,Dallas,1254,12,14,7,7,Rain,Low,1
SunAir,Denver,Seattle,1157,5,7,7,3,Cloudy,Low,0
AeroLine,Miami,New York,1039,23,1,1,2,Cloudy,Low,0
PacificFly,Houston,Chicago,1457,9,11,6,4,Cloudy,Low,0
SkyJet,Atlanta,Boston,1130,5,7,2,11,Cloudy,Low,1
AeroLine,Miami,New York,1011,6,8,6,11,Clear,Low,0
SkyJet,New York,Dallas,1751,11,14,5,3,Cloudy,High,1
NorthStar,Denver,Miami,1630,14,17,5,3,Rain,Low,1
BlueWing,Denver,Los Angeles,1226,12,14,5,8,Rain,Low,0
SunAir,Houston,Boston,1589,5,8,1,6,Storm,Medium,0
PacificFly,Chicago,New York,1539,4,7,7,1,Cloudy,Low,1
SkyJet,Seattle,New York,844,10,11,7,2,Rain,Medium,0
PacificFly,Houston,Los Angeles,596,0,1,7,7,Clear,Medium,0
NorthStar,Los Angeles,Boston,2113,21,1,2,8,Clear,Low,0
AeroLine,Miami,Dallas,1008,3,5,5,11,Fog,Low,0
SunAir,Houston,Atlanta,896,23,0,1,12,Clear,Low,0
AeroLine,Seattle,Los Angeles,810,2,3,1,2,Clear,Medium,0
PacificFly,Denver,Houston,2126,6,10,5,11,Cloudy,Low,0
BlueWing,Houston,Miami,1062,12,14,5,6,Cloudy,Low,0
PacificFly,Los Angeles,Houston,587,20,21,1,9,Clear,High,0
BlueWing,Los Angeles,Atlanta,858,15,16,4,7,Clear,Low,0
BlueWing,New York,Houston,970,5,6,5,8,Clear,Low,0
AeroLine,Dallas,Boston,978,8,9,1,1,Clear,Low,0
PacificFly,Seattle,Miami,1517,7,10,4,5,Fog,Medium,1
AeroLine,Dallas,Seattle,1823,16,19,2,5,Clear,Medium,0
BlueWing,Houston,Miami,1520,3,6,5,1,Clear,Medium,0
BlueWing,Dallas,New York,1120,8,10,5,6,Rain,Low,1
BlueWing,New York,Houston,706,3,4,7,11,Clear,Low,0
SkyJet,Chicago,Houston,994,13,14,6,3,Cloudy,Low,0
AeroLine,Denver,Boston,869,3,4,6,2,Clear,Low,0
NorthStar,Dallas,Boston,1798,3,6,7,5,Rain,Medium,1
SkyJet,Chicago,Los Angeles,1065,6,8,1,11,Cloudy,Low,0
NorthStar,Boston,Miami,1347,3,5,5,5,Cloudy,Low,0
NorthStar,Chicago,Denver,860,21,22,3,5,Clear,Low,0
BlueWing,Houston,Dallas,1289,19,21,6,4,Clear,Low,0
NorthStar,Chicago,Miami,307,16,17,5,7,Clear,Medium,1
BlueWing,Denver,Los Angeles,1406,6,8,4,6,Cloudy,Low,0
PacificFly,New York,Dallas,603,12,13,4,10,Snow,Low,0
BlueWing,Boston,Denver,2133,16,20,3,4,Rain,Low,0
AeroLine,Denver,Houston,1003,5,7,7,3,Clear,Low,0
SunAir,Boston,Dallas,760,7,8,3,8,Cloudy,High,1
AeroLine,New York,Atlanta,1906,9,12,4,12,Cloudy,Medium,1
AeroLine,Chicago,Miami,1540,5,8,2,1,Cloudy,Medium,1
SunAir,Seattle,New York,1207,8,10,3,10,Clear,Low,0
AeroLine,Seattle,Atlanta,1076,2,4,6,3,Clear,High,0
PacificFly,Houston,New York,960,19,20,6,4,Cloudy,Medium,1
PacificFly,Dallas,Atlanta,675,20,21,7,8,Clear,Low,0
SunAir,New York,Houston,1634,9,12,5,9,Clear,Low,1
PacificFly,Seattle,Dallas,1155,3,5,4,2,Clear,Low,0
PacificFly,Chicago,Boston,2005,7,11,6,8,Cloudy,Medium,0
AeroLine,Miami,Boston,1520,3,6,5,2,Clear,Low,0
SkyJet,New York,Boston,1200,19,21,1,3,Clear,Low,1
BlueWing,Houston,Seattle,863,1,2,2,9,Rain,Low,1
PacificFly,Miami,Chicago,1091,15,17,5,12,Storm,High,1
NorthStar,Los Angeles,New York,1218,22,0,7,2,Clear,Medium,0
SkyJet,Seattle,Denver,1356,10,12,1,1,Rain,Low,0
NorthStar,Miami,Seattle,1505,9,12,1,6,Clear,Medium,0
NorthStar,Seattle,Denver,816,23,0,5,11,Fog,Medium,1
SunAir,Atlanta,Denver,1969,0,3,7,9,Cloudy,High,1
PacificFly,Dallas,Boston,986,7,8,7,9,Rain,Low,0
SunAir,Dallas,Atlanta,1066,19,21,5,10,Clear,Low,0
SkyJet,Seattle,Chicago,1361,8,10,5,1,Clear,High,1
BlueWing,Seattle,Chicago,975,7,8,7,2,Clear,Low,0
SunAir,Denver,Los Angeles,996,7,8,7,7,Storm,Low,0
PacificFly,Miami,New York,1100,7,9,2,1,Storm,Medium,0
BlueWing,Denver,Dallas,1267,12,14,6,12,Fog,Low,1
SkyJet,Dallas,Boston,1911,19,22,3,1,Clear,Medium,1
SunAir,Chicago,Miami,1906,11,14,4,4,Clear,Medium,0
SkyJet,Atlanta,Miami,150,12,13,3,4,Storm,Medium,1
BlueWing,Denver,New York,1194,18,20,4,4,Cloudy,Low,0
SunAir,Atlanta,New York,1244,22,0,2,6,Clear,Low,1
PacificFly,Miami,Boston,903,23,0,7,11,Clear,Medium,0
AeroLine,Boston,Denver,648,12,13,6,12,Clear,Low,0
BlueWing,Denver,Seattle,980,1,2,4,11,Clear,Low,0
BlueWing,Chicago,Seattle,1059,3,5,3,11,Cloudy,Low,0
SunAir,Denver,New York,881,22,23,6,3,Clear,Medium,1
NorthStar,Chicago,New York,1684,2,5,5,1,Fog,Medium,0
AeroLine,Atlanta,Dallas,1250,14,16,2,2,Storm,Low,1
BlueWing,Houston,Denver,364,2,3,2,1,Clear,Medium,0
BlueWing,Miami,Atlanta,2245,10,14,3,3,Rain,Medium,0
BlueWing,New York,Houston,1238,13,15,3,12,Cloudy,Low,0
AeroLine,Denver,Atlanta,2088,17,21,3,12,Cloudy,Medium,0
PacificFly,Miami,Dallas,1651,7,10,1,8,Clear,Medium,0
PacificFly,Atlanta,Seattle,1823,20,23,2,5,Cloudy,Low,0
NorthStar,Atlanta,Seattle,1386,20,22,2,12,Clear,Low,0
SunAir,Boston,Atlanta,1485,19,21,6,4,Clear,High,1
NorthStar,Miami,New York,2321,18,22,7,8,Cloudy,Low,0
BlueWing,Dallas,Chicago,654,7,8,1,11,Fog,Low,0
NorthStar,Denver,Boston,1147,4,6,1,10,Snow,Medium,0
PacificFly,Atlanta,Los Angeles,547,14,15,2,7,Fog,High,1
AeroLine,Boston,Los Angeles,1403,5,7,6,2,Clear,High,0
SkyJet,Miami,Atlanta,1490,18,20,5,10,Cloudy,High,0
SkyJet,Chicago,Seattle,1164,12,14,2,11,Clear,Medium,0
SunAir,Seattle,Houston,1801,18,21,4,1,Rain,Medium,0
BlueWing,New York,Houston,1050,14,16,1,6,Clear,Medium,1
SunAir,Los Angeles,Chicago,853,18,19,4,5,Clear,Medium,1
PacificFly,Atlanta,Chicago,1119,7,9,7,9,Rain,Low,0
PacificFly,Dallas,Los Angeles,1089,11,13,1,5,Clear,Low,0
NorthStar,Miami,Chicago,1365,19,21,7,11,Clear,High,1
SkyJet,New York,Miami,1037,6,8,4,4,Cloudy,Medium,0
PacificFly,Houston,Boston,1442,16,18,3,2,Cloudy,High,0
BlueWing,Boston,Atlanta,1049,7,9,6,10,Storm,High,1
NorthStar,Seattle,Houston,1329,7,9,4,3,Clear,High,0
SkyJet,Atlanta,Miami,667,23,0,7,2,Fog,Low,1
NorthStar,Seattle,Miami,1128,9,11,2,7,Cloudy,Low,0
AeroLine,Dallas,Miami,1305,7,9,4,2,Fog,Low,0
BlueWing,Los Angeles,Denver,1678,14,17,7,2,Cloudy,Medium,0
SkyJet,Seattle,Miami,1939,16,19,1,10,Storm,High,1
SkyJet,Atlanta,Houston,1065,11,13,2,1,Clear,Low,0
SkyJet,Chicago,Dallas,1378,5,7,1,10,Cloudy,Medium,0
BlueWing,Chicago,Seattle,163,17,18,6,6,Clear,Low,0
NorthStar,Miami,Boston,1097,17,19,4,2,Fog,Medium,1
AeroLine,Atlanta,Denver,1461,23,1,7,6,Fog,Low,0
SkyJet,Seattle,Miami,873,17,18,1,3,Cloudy,Low,0
PacificFly,New York,Miami,1334,4,6,2,3,Cloudy,Medium,0
SunAir,Dallas,Denver,2592,6,11,4,5,Rain,Low,1
BlueWing,Boston,Houston,1363,0,2,6,3,Storm,Low,1
SunAir,Los Angeles,Chicago,1655,9,12,3,4,Cloudy,Medium,1
SunAir,New York,Boston,1862,4,7,1,8,Clear,Medium,0
NorthStar,Miami,Atlanta,1012,10,12,3,3,Fog,Low,1
BlueWing,Atlanta,Denver,1170,18,20,7,9,Clear,Low,0
AeroLine,Boston,Denver,1223,4,6,6,8,Cloudy,Medium,0
BlueWing,Miami,Denver,251,3,4,2,9,Cloudy,Medium,1
PacificFly,Dallas,Miami,1824,7,10,6,1,Clear,Low,0
SunAir,Denver,New York,1544,8,11,5,6,Clear,Low,0
SunAir,Denver,Boston,1082,8,10,1,10,Snow,Low,1
PacificFly,Dallas,Chicago,1292,12,14,7,10,Clear,Low,0
NorthStar,Atlanta,Boston,1294,16,18,7,5,Rain,Medium,0
SunAir,Atlanta,New York,1115,14,16,5,6,Cloudy,High,1
PacificFly,Dallas,Denver,674,3,4,1,4,Clear,Low,0
BlueWing,Houston,Atlanta,1452,13,15,6,7,Rain,Medium,0
SkyJet,Seattle,Dallas,929,4,5,4,12,Storm,Medium,0
BlueWing,Boston,Miami,1747,1,4,1,3,Snow,Medium,0
NorthStar,Denver,Houston,463,16,17,6,10,Cloudy,Low,0
SunAir,Los Angeles,Seattle,1513,13,16,2,8,Cloudy,Low,0
NorthStar,Los Angeles,Atlanta,1737,16,19,7,2,Fog,Medium,1
PacificFly,Boston,New York,566,23,0,2,6,Storm,Low,1
NorthStar,Atlanta,Houston,1446,1,3,6,1,Clear,Medium,0
NorthStar,Boston,Los Angeles,864,12,13,6,5,Fog,Low,0
NorthStar,Houston,New York,1244,3,5,1,5,Snow,Low,1
SunAir,Houston,Boston,1504,17,20,4,6,Rain,Low,1
BlueWing,Miami,New York,849,9,10,1,3,Cloudy,Low,0
SkyJet,Chicago,Atlanta,1496,16,18,3,11,Clear,Low,0
BlueWing,Chicago,Houston,1726,7,10,4,8,Clear,Low,0
BlueWing,Seattle,Denver,1639,16,19,7,2,Clear,Medium,1
SkyJet,Miami,Houston,1257,18,20,1,11,Cloudy,Low,0
SunAir,Seattle,Denver,1032,14,16,2,8,Storm,Low,0
AeroLine,Miami,Chicago,1482,9,11,1,10,Cloudy,Low,0
PacificFly,New York,Houston,779,19,20,7,11,Clear,Medium,1
SunAir,Denver,Atlanta,198,14,15,4,9,Rain,Low,0
BlueWing,Boston,Seattle,1021,16,18,3,7,Rain,High,0
SunAir,New York,Chicago,838,22,23,7,3,Snow,High,0
SkyJet,Chicago,Los Angeles,1464,1,3,3,4,Clear,Low,0
PacificFly,Seattle,Boston,815,13,14,3,6,Clear,Low,0
AeroLine,Seattle,Dallas,1837,19,22,2,8,Clear,Medium,1
BlueWing,Seattle,Dallas,1455,11,13,5,9,Rain,High,1
SunAir,New York,Dallas,406,1,2,7,1,Rain,Low,0
SkyJet,Seattle,Boston,981,3,4,7,11,Rain,High,0
NorthStar,Houston,Chicago,262,21,22,2,3,Cloudy,Low,0
SunAir,Chicago,Denver,1557,20,23,2,6,Cloudy,High,0
SkyJet,Miami,Chicago,660,6,7,4,10,Clear,Medium,1
NorthStar,Boston,Denver,1621,19,22,5,11,Clear,High,1
SkyJet,New York,Denver,1508,9,12,1,6,Storm,High,1
SkyJet,Atlanta,Boston,863,3,4,2,8,Rain,High,1
BlueWing,Boston,Miami,1553,20,23,6,10,Cloudy,Low,0
SkyJet,Los Angeles,New York,1112,7,9,7,1,Clear,High,0
SunAir,Dallas,Miami,578,17,18,3,10,Cloudy,Low,0
SkyJet,Dallas,Miami,840,12,13,7,10,Storm,Low,1
AeroLine,Atlanta,Dallas,1641,4,7,4,6,Clear,Medium,1
NorthStar,Boston,Denver,2246,13,17,3,11,Clear,Low,0
PacificFly,Seattle,Miami,1720,19,22,6,1,Cloudy,Low,0
PacificFly,Atlanta,Dallas,285,17,18,2,11,Clear,Medium,1
SkyJet,Dallas,Houston,2008,11,15,2,7,Storm,Medium,1
PacificFly,Seattle,Chicago,870,16,17,1,3,Clear,Low,0
NorthStar,Dallas,Los Angeles,1724,21,0,4,12,Clear,High,0
SkyJet,Miami,Seattle,1102,2,4,3,11,Rain,High,0
SunAir,Denver,Seattle,673,5,6,3,5,Clear,Medium,0
PacificFly,Seattle,Houston,1349,2,4,7,10,Clear,Medium,1
AeroLine,Houston,Los Angeles,1530,1,4,5,11,Clear,Low,0
NorthStar,Atlanta,Dallas,2278,12,16,2,9,Clear,Medium,1
AeroLine,Miami,Dallas,1251,16,18,1,10,Snow,Medium,0
PacificFly,Houston,Boston,215,2,3,5,3,Clear,Low,0
PacificFly,Atlanta,Dallas,1006,4,6,5,12,Storm,Low,0
NorthStar,Chicago,New York,1556,8,11,2,1,Cloudy,Medium,1
AeroLine,Chicago,Boston,275,19,20,4,10,Rain,Low,0
PacificFly,Miami,Seattle,939,9,10,4,12,Clear,Medium,0
SkyJet,Miami,Dallas,796,4,5,2,9,Fog,High,1
AeroLine,Chicago,New York,1161,13,15,1,10,Clear,High,0
NorthStar,Denver,Boston,1098,2,4,2,10,Clear,Low,0
NorthStar,New York,Dallas,1761,12,15,7,2,Fog,Low,0
SunAir,Houston,Dallas,1580,16,19,2,2,Cloudy,Low,0
PacificFly,Houston,Chicago,1810,1,4,3,8,Clear,High,1
BlueWing,Houston,Boston,2079,16,20,4,6,Clear,Low,0
AeroLine,Atlanta,Seattle,973,1,2,6,11,Rain,Low,0
SunAir,Boston,Los Angeles,1282,6,8,4,3,Fog,Low,1
SunAir,Denver,Boston,1414,16,18,2,11,Fog,High,1
SkyJet,Houston,Dallas,1605,22,1,1,3,Storm,Low,1
SunAir,Houston,Dallas,2076,12,16,3,12,Clear,Low,0
PacificFly,Atlanta,Denver,1969,22,1,3,3,Cloudy,Medium,1
BlueWing,Dallas,Atlanta,833,13,14,2,4,Fog,Low,0
AeroLine,New York,Miami,150,10,11,3,4,Clear,Low,0
SkyJet,Los Angeles,Houston,645,12,13,7,5,Rain,Low,0
NorthStar,Dallas,Atlanta,951,16,17,3,10,Fog,Medium,1
PacificFly,Denver,Miami,1040,15,17,7,8,Cloudy,Medium,0
BlueWing,New York,Seattle,1947,15,18,3,2,Rain,High,1
NorthStar,Chicago,Los Angeles,1584,15,18,7,11,Storm,Low,0
SunAir,Chicago,Boston,721,12,13,6,9,Storm,Medium,0
AeroLine,New York,Houston,1348,23,1,5,8,Fog,Medium,1
PacificFly,Atlanta,Houston,1699,10,13,6,7,Fog,Low,1
PacificFly,Miami,Denver,1638,0,3,3,6,Clear,Low,1
BlueWing,Chicago,Dallas,499,13,14,6,9,Clear,Low,1
BlueWing,Boston,Dallas,992,4,5,5,1,Snow,Medium,1
SunAir,Miami,Houston,291,0,1,3,10,Cloudy,Low,0
SkyJet,Chicago,Boston,1595,11,14,7,1,Fog,Medium,0
BlueWing,Denver,Miami,850,17,18,2,7,Clear,Medium,0
SkyJet,Chicago,Boston,793,22,23,7,12,Clear,Low,0
AeroLine,Boston,Denver,1034,15,17,3,6,Clear,High,0
BlueWing,Dallas,Miami,1526,14,17,6,4,Clear,High,0
AeroLine,Los Angeles,Atlanta,830,22,23,3,9,Fog,Low,0
SunAir,Seattle,Houston,2126,15,19,3,9,Storm,Medium,1
SkyJet,Dallas,Los Angeles,150,10,11,5,8,Fog,Low,0
NorthStar,Chicago,Atlanta,1529,10,13,5,5,Clear,High,0
PacificFly,New York,Atlanta,1517,16,19,6,11,Rain,High,0
BlueWing,Seattle,Boston,686,23,0,5,12,Cloudy,Medium,0
BlueWing,Houston,Miami,2005,16,20,6,5,Storm,Low,1
BlueWing,Chicago,Houston,1277,4,6,4,12,Rain,Low,1
SkyJet,Dallas,Boston,998,17,18,5,11,Clear,High,0
PacificFly,Boston,Denver,1952,18,21,3,12,Clear,Medium,0
PacificFly,Houston,Seattle,1550,7,10,4,12,Cloudy,Low,0
PacificFly,Atlanta,New York,1262,3,5,2,9,Rain,Low,0
NorthStar,Seattle,Denver,883,12,13,3,5,Cloudy,Low,0
BlueWing,Seattle,Chicago,1020,2,4,3,2,Cloudy,Medium,1
PacificFly,Boston,Seattle,1613,9,12,7,9,Cloudy,Medium,1
AeroLine,New York,Houston,827,9,10,7,1,Cloudy,Medium,0
NorthStar,Dallas,Denver,1718,13,16,2,2,Clear,Low,0
SkyJet,Boston,Denver,1334,4,6,6,8,Clear,Low,0
PacificFly,Boston,Houston,1208,19,21,7,8,Storm,Low,1
SkyJet,Chicago,New York,1464,14,16,4,4,Clear,Low,0
PacificFly,Seattle,Atlanta,730,0,1,5,12,Fog,Medium,1
SunAir,Dallas,Seattle,1290,1,3,4,12,Clear,Medium,0
NorthStar,New York,Boston,740,5,6,1,6,Clear,Low,0
NorthStar,Boston,Atlanta,1109,22,0,4,8,Clear,Medium,0
NorthStar,Miami,Chicago,1050,15,17,6,6,Clear,High,1
PacificFly,Los Angeles,Houston,761,23,0,1,8,Rain,High,1
SkyJet,Seattle,Boston,1019,16,18,2,3,Snow,Low,0
NorthStar,Miami,Atlanta,1289,15,17,5,9,Cloudy,Low,0
SunAir,Dallas,Denver,874,3,4,5,4,Rain,Low,0
AeroLine,Denver,Miami,1556,13,16,5,8,Cloudy,High,1
AeroLine,Denver,Dallas,1520,13,16,7,11,Clear,Medium,0
BlueWing,Dallas,Los Angeles,1008,6,8,1,3,Cloudy,Low,0
PacificFly,Seattle,Dallas,1432,3,5,2,11,Cloudy,Low,0
SunAir,Dallas,Miami,1937,6,9,2,9,Cloudy,High,1
NorthStar,New York,Atlanta,1134,22,0,3,10,Fog,Medium,1
BlueWing,Miami,Atlanta,798,11,12,7,1,Clear,Low,0
BlueWing,Los Angeles,Seattle,904,23,0,3,1,Snow,Medium,0
PacificFly,Miami,Atlanta,2180,4,8,3,1,Fog,Low,1
SkyJet,New York,Denver,1622,11,14,1,5,Cloudy,Medium,1
BlueWing,Miami,Atlanta,1349,19,21,6,5,Rain,Medium,1
PacificFly,Miami,Houston,1049,14,16,3,6,Fog,Medium,1
AeroLine,Miami,Seattle,976,17,18,2,4,Clear,Low,0
PacificFly,Houston,Seattle,1509,3,6,2,6,Clear,Low,0
SunAir,Los Angeles,Atlanta,1762,5,8,6,10,Fog,High,0
SunAir,Denver,Houston,1561,8,11,1,9,Rain,Medium,0
SunAir,Seattle,Los Angeles,1282,15,17,7,4,Rain,Low,1
AeroLine,Dallas,Atlanta,921,22,23,5,5,Rain,Medium,1
PacificFly,Atlanta,Dallas,1361,20,22,7,12,Rain,Low,0
NorthStar,Miami,New York,1865,10,13,2,11,Clear,Low,0
PacificFly,New York,Houston,756,16,17,5,1,Cloudy,High,1
NorthStar,Seattle,Boston,920,17,18,3,5,Storm,Medium,0
PacificFly,Denver,New York,1113,1,3,5,2,Fog,Low,0
NorthStar,Denver,Seattle,880,13,14,4,6,Clear,Low,0
NorthStar,Boston,Denver,659,20,21,1,7,Clear,High,0
SkyJet,Boston,Chicago,150,4,5,4,5,Fog,High,0
PacificFly,Denver,Los Angeles,904,21,22,3,11,Rain,Low,0
PacificFly,Houston,Chicago,1680,13,16,6,6,Clear,Medium,0
BlueWing,Dallas,Denver,363,11,12,2,10,Cloudy,Medium,0
PacificFly,Houston,Chicago,1330,5,7,1,12,Storm,Medium,1
PacificFly,Houston,Denver,1387,13,15,3,7,Cloudy,Medium,0
PacificFly,Denver,Boston,1774,19,22,2,11,Snow,Low,0
BlueWing,Seattle,Los Angeles,1844,22,1,7,8,Cloudy,Low,0
SunAir,Seattle,Boston,1047,2,4,4,12,Cloudy,Low,0
SkyJet,Seattle,Los Angeles,1523,12,15,5,6,Cloudy,Low,1
PacificFly,Dallas,Atlanta,1209,6,8,2,5,Clear,Medium,0
SunAir,Atlanta,New York,1219,0,2,3,12,Clear,Medium,0
BlueWing,Atlanta,Denver,1238,19,21,4,1,Storm,Medium,1
SkyJet,New York,Los Angeles,884,1,2,7,3,Clear,Low,0
NorthStar,Chicago,New York,2366,4,8,1,1,Clear,Low,0
SunAir,Houston,Los Angeles,1847,1,4,6,1,Storm,Low,1
NorthStar,Chicago,Denver,1584,17,20,5,2,Clear,Low,0
PacificFly,New York,Chicago,1218,16,18,1,5,Storm,Low,0
NorthStar,Los Angeles,Miami,1127,15,17,2,9,Cloudy,Low,0
PacificFly,Atlanta,Denver,1131,12,14,2,4,Storm,High,1
SunAir,Miami,Denver,1244,8,10,3,2,Fog,Medium,1
PacificFly,Denver,Los Angeles,1365,10,12,7,4,Clear,High,0
AeroLine,Boston,Houston,320,4,5,5,6,Snow,Low,0
BlueWing,Chicago,New York,1442,3,5,4,9,Clear,Low,0
SunAir,Denver,Chicago,2179,6,10,7,4,Rain,Low,0
AeroLine,Miami,Atlanta,916,0,1,6,5,Clear,Medium,0
SkyJet,Houston,Boston,1005,16,18,3,8,Cloudy,Low,0
AeroLine,Boston,Atlanta,516,16,17,5,10,Clear,Medium,1
BlueWing,Chicago,Boston,557,3,4,1,8,Cloudy,Low,1
SunAir,Dallas,Los Angeles,741,18,19,6,12,Cloudy,Low,0
PacificFly,Denver,Miami,1397,13,15,4,10,Cloudy,Medium,0
AeroLine,Chicago,Los Angeles,337,23,0,6,8,Storm,Medium,1
NorthStar,Denver,Miami,1091,21,23,5,3,Snow,Medium,0
BlueWing,Los Angeles,Atlanta,1589,4,7,6,5,Cloudy,Low,0
SkyJet,New York,Los Angeles,424,11,12,7,3,Clear,Low,0
BlueWing,Denver,Seattle,1952,16,19,5,8,Clear,Low,0
NorthStar,Boston,Houston,1865,11,14,1,11,Fog,Medium,0
SkyJet,Atlanta,Denver,879,5,6,3,10,Clear,Medium,0
SunAir,New York,Los Angeles,478,0,1,3,3,Snow,Low,0
SkyJet,Miami,Houston,1209,0,2,2,2,Clear,Medium,0
AeroLine,Boston,Los Angeles,1517,5,8,1,8,Clear,High,1
BlueWing,Boston,Denver,1343,1,3,1,7,Clear,Medium,1
BlueWing,New York,Dallas,627,0,1,2,1,Clear,Low,0
SunAir,Denver,Chicago,1570,0,3,7,4,Cloudy,Low,0
PacificFly,Seattle,Chicago,1727,19,22,6,4,Clear,Medium,0
BlueWing,Houston,Seattle,1303,23,1,7,11,Clear,Medium,0
PacificFly,Houston,Seattle,1163,16,18,6,11,Fog,Medium,1
PacificFly,Denver,Chicago,659,20,21,1,5,Cloudy,Low,0
PacificFly,Denver,Miami,728,10,11,2,2,Clear,Low,1
BlueWing,Seattle,Atlanta,737,5,6,1,10,Snow,Low,0
PacificFly,Houston,Chicago,1764,15,18,2,2,Cloudy,Medium,0
BlueWing,Dallas,Boston,754,6,7,2,7,Clear,Low,1
SunAir,Dallas,Seattle,803,17,18,7,1,Cloudy,High,1
PacificFly,Boston,Los Angeles,2101,7,11,6,4,Clear,Low,0
SunAir,Boston,Los Angeles,1238,10,12,1,10,Cloudy,Medium,1
SunAir,Los Angeles,Denver,1644,23,2,4,12,Clear,High,0
BlueWing,Seattle,New York,1787,14,17,5,5,Snow,Medium,1
PacificFly,Atlanta,Seattle,260,15,16,3,6,Cloudy,Low,0
PacificFly,Seattle,Houston,1198,19,21,4,5,Cloudy,Medium,0
PacificFly,Boston,New York,655,21,22,2,9,Fog,Medium,1
SunAir,Dallas,Houston,1627,13,16,5,1,Cloudy,Medium,1
SkyJet,Denver,Boston,150,19,20,4,4,Clear,Medium,0
SkyJet,Chicago,Los Angeles,1536,15,18,2,2,Clear,Medium,0
PacificFly,Miami,Los Angeles,1280,23,1,3,9,Cloudy,Medium,0
SunAir,Dallas,Atlanta,850,16,17,5,1,Storm,Medium,1
SkyJet,New York,Seattle,1190,2,4,7,4,Clear,Medium,1
AeroLine,Atlanta,Seattle,1401,5,7,6,1,Clear,Medium,0
SunAir,Miami,Los Angeles,774,16,17,2,6,Clear,Medium,0
BlueWing,Chicago,Houston,1599,3,6,3,9,Rain,High,0
SkyJet,Los Angeles,Boston,1467,23,1,5,5,Clear,Medium,0
BlueWing,Los Angeles,New York,1927,6,9,7,12,Clear,Medium,0
PacificFly,Boston,Houston,1197,7,9,3,3,Clear,Low,0
AeroLine,Houston,Denver,870,3,4,2,1,Clear,High,0
NorthStar,Miami,Los Angeles,1285,19,21,6,12,Rain,High,1
AeroLine,New York,Miami,1200,5,7,7,2,Storm,Low,1
SunAir,Seattle,Los Angeles,1351,22,0,7,2,Rain,High,0
NorthStar,Miami,Boston,630,12,13,1,12,Rain,Low,0
SkyJet,Chicago,Dallas,407,7,8,3,3,Cloudy,Low,0
SunAir,Los Angeles,Chicago,1062,21,23,3,3,Snow,Medium,0
AeroLine,Los Angeles,Houston,1401,8,10,4,11,Rain,Medium,1
SunAir,Seattle,Boston,872,17,18,7,3,Snow,High,0
SkyJet,Atlanta,Denver,1551,23,2,6,10,Cloudy,Low,0
SunAir,Dallas,Houston,869,22,23,5,1,Clear,Low,0
SunAir,Seattle,Chicago,943,20,21,7,9,Clear,Low,0
SkyJet,Houston,Los Angeles,878,17,18,2,9,Clear,Low,0
PacificFly,Chicago,Dallas,1187,11,13,3,2,Rain,Medium,1
AeroLine,Seattle,Boston,1243,12,14,2,8,Rain,Low,0
BlueWing,Houston,Chicago,1417,16,18,4,3,Cloudy,Medium,0
SkyJet,Atlanta,Denver,1693,12,15,3,12,Cloudy,Low,1
PacificFly,Atlanta,New York,400,9,10,1,7,Storm,Low,0
SunAir,Houston,Seattle,1578,14,17,3,2,Clear,Low,1
SunAir,Houston,Atlanta,837,15,16,2,1,Rain,Low,0
BlueWing,Los Angeles,Houston,661,9,10,5,8,Fog,Low,0
PacificFly,Atlanta,Los Angeles,721,2,3,6,9,Fog,Low,1
AeroLine,Denver,Atlanta,1554,23,2,1,6,Clear,Medium,0
NorthStar,Los Angeles,Chicago,1166,1,3,4,10,Rain,Low,0
SkyJet,Miami,Los Angeles,1547,1,4,6,8,Clear,Medium,0
NorthStar,New York,Houston,820,9,10,6,4,Rain,Medium,1
BlueWing,Seattle,Boston,1324,8,10,3,4,Rain,Low,0
PacificFly,Miami,Atlanta,1244,4,6,4,6,Clear,Low,0
PacificFly,Dallas,Seattle,1209,15,17,2,10,Rain,Low,1
SkyJet,Houston,Miami,1548,19,22,2,11,Rain,Low,1
AeroLine,Dallas,Denver,1477,22,0,4,12,Fog,High,1
SunAir,Chicago,Atlanta,752,17,18,6,1,Clear,Low,0
AeroLine,New York,Denver,391,12,13,4,4,Clear,Medium,0
NorthStar,Houston,Atlanta,1403,12,14,7,12,Clear,Low,0
PacificFly,Chicago,Denver,448,3,4,2,3,Clear,Low,1
PacificFly,Denver,Miami,926,3,4,6,12,Fog,High,0
PacificFly,Miami,Chicago,205,19,20,5,1,Cloudy,Low,0
SkyJet,Los Angeles,Boston,1215,23,1,2,2,Clear,Medium,0
BlueWing,Miami,Chicago,523,0,1,2,4,Cloudy,Low,0
PacificFly,Atlanta,Dallas,1536,4,7,5,3,Clear,Low,0
NorthStar,Boston,Los Angeles,619,16,17,1,1,Snow,Low,0
AeroLine,New York,Seattle,1189,17,19,6,6,Clear,Medium,0
PacificFly,Seattle,Los Angeles,1374,21,23,2,4,Cloudy,Low,0
AeroLine,Atlanta,Boston,1004,1,3,3,11,Clear,Medium,0
PacificFly,New York,Chicago,1424,4,6,7,1,Snow,Medium,1
PacificFly,Los Angeles,Houston,714,17,18,6,12,Snow,Low,1
BlueWing,Dallas,Los Angeles,958,20,21,7,2,Clear,Medium,0
PacificFly,Atlanta,Denver,1185,8,10,1,6,Cloudy,Medium,0
PacificFly,Houston,Denver,474,6,7,4,12,Fog,High,0
AeroLine,Dallas,Miami,1099,3,5,6,5,Clear,Medium,1
BlueWing,Chicago,Boston,1749,0,3,2,10,Clear,Low,0
BlueWing,Dallas,New York,961,11,12,2,2,Storm,Low,0
PacificFly,Seattle,Dallas,826,17,18,5,6,Rain,High,1
PacificFly,Denver,Atlanta,978,19,20,3,7,Rain,Low,1
SkyJet,Dallas,Atlanta,1468,2,4,4,8,Cloudy,Medium,0
NorthStar,Seattle,Los Angeles,2092,2,6,4,8,Rain,Medium,0
SkyJet,Boston,Seattle,709,10,11,2,7,Clear,Low,1
AeroLine,Denver,Dallas,1138,10,12,6,2,Snow,Medium,0
AeroLine,Atlanta,Denver,524,11,12,7,10,Cloudy,High,0
BlueWing,Chicago,Los Angeles,1775,12,15,1,12,Clear,Medium,0
AeroLine,Dallas,Denver,1373,20,22,3,2,Storm,Medium,1
BlueWing,Dallas,Seattle,1558,0,3,4,11,Rain,Medium,1
AeroLine,Dallas,Denver,657,20,21,4,9,Clear,High,0
AeroLine,Los Angeles,Dallas,1834,23,2,6,1,Clear,Medium,0
SkyJet,New York,Seattle,1687,19,22,4,10,Rain,High,0
AeroLine,Los Angeles,Denver,700,12,13,7,10,Clear,Low,0
NorthStar,Dallas,Denver,962,19,20,7,1,Rain,Low,0
NorthStar,Atlanta,Dallas,2054,12,16,7,6,Rain,Low,0
BlueWing,Atlanta,Los Angeles,1448,16,18,2,2,Fog,Medium,1
AeroLine,Chicago,Los Angeles,660,9,10,1,11,Rain,Medium,0
PacificFly,Dallas,Miami,808,22,23,2,5,Fog,High,0
BlueWing,Denver,Houston,969,18,19,4,4,Fog,Low,0
AeroLine,Boston,Atlanta,1450,3,5,4,5,Rain,High,1
NorthStar,Atlanta,Miami,312,16,17,7,2,Rain,Low,0
SkyJet,Denver,Boston,1112,9,11,2,6,Fog,High,1
SkyJet,Seattle,Denver,1589,19,22,1,5,Clear,Low,1
NorthStar,Los Angeles,Atlanta,995,11,12,6,5,Cloudy,High,0
SunAir,Dallas,New York,446,5,6,1,5,Clear,High,0
SunAir,Los Angeles,New York,1073,17,19,6,8,Cloudy,Low,0
AeroLine,Boston,Houston,1391,6,8,3,4,Rain,Low,1
PacificFly,Chicago,Miami,1231,0,2,4,9,Clear,Medium,1
SunAir,New York,Los Angeles,836,9,10,2,10,Rain,Low,1
SunAir,Boston,Miami,2109,10,14,2,1,Rain,Medium,1
BlueWing,Denver,New York,1208,7,9,5,8,Clear,Medium,0
SunAir,Miami,New York,1664,14,17,2,6,Clear,Medium,0
NorthStar,Atlanta,New York,1292,20,22,7,10,Clear,Low,0
NorthStar,Boston,Atlanta,574,12,13,4,4,Cloudy,High,1
AeroLine,Dallas,Atlanta,2163,14,18,6,8,Clear,Low,0
NorthStar,New York,Seattle,1550,23,2,3,6,Fog,Medium,1
AeroLine,Boston,Dallas,1869,19,22,6,10,Clear,Medium,0
SkyJet,Boston,Seattle,1432,2,4,5,11,Clear,Low,0
SkyJet,Denver,Houston,1775,13,16,2,6,Clear,Low,0
NorthStar,Dallas,Houston,1714,3,6,3,9,Storm,Medium,1
SunAir,Los Angeles,Denver,1014,18,20,5,9,Clear,Low,0
PacificFly,Denver,Houston,1137,23,1,6,8,Cloudy,Low,0
PacificFly,Denver,Miami,519,12,13,7,3,Clear,Low,0
SkyJet,Miami,Los Angeles,1073,2,4,5,4,Cloudy,High,0
PacificFly,Dallas,Chicago,2436,21,1,4,4,Clear,Low,0
NorthStar,Seattle,Atlanta,951,2,3,2,2,Storm,Medium,1
AeroLine,Boston,New York,1209,17,19,6,1,Rain,Medium,1
PacificFly,Miami,Denver,747,10,11,3,4,Rain,Low,0
AeroLine,Denver,Miami,792,21,22,1,9,Clear,Low,0
PacificFly,Atlanta,Dallas,2049,15,19,3,12,Rain,Low,1
BlueWing,Miami,Boston,1134,4,6,6,6,Cloudy,Medium,0
SkyJet,Los Angeles,Chicago,1494,17,19,2,7,Storm,Medium,0
SkyJet,Dallas,New York,899,9,10,7,7,Clear,High,0
BlueWing,Houston,Denver,1271,17,19,2,1,Cloudy,Low,0
BlueWing,New York,Denver,455,23,0,4,4,Cloudy,Low,0
AeroLine,Houston,Dallas,700,6,7,2,7,Clear,Low,0
SkyJet,Chicago,Los Angeles,1826,15,18,1,3,Rain,Low,0
NorthStar,Los Angeles,Chicago,963,2,3,6,1,Clear,Medium,0
PacificFly,New York,Denver,1109,14,16,4,11,Fog,Medium,1
SunAir,Denver,Seattle,1565,22,1,5,8,Storm,Medium,0
SkyJet,Chicago,Houston,1870,18,21,1,1,Fog,Low,1
PacificFly,Houston,Seattle,1523,22,1,7,12,Clear,High,0
SunAir,Los Angeles,Miami,645,16,17,3,5,Clear,Medium,1
SunAir,Atlanta,Seattle,1103,5,7,5,12,Clear,Low,0
NorthStar,Atlanta,Houston,899,20,21,7,12,Clear,High,1
AeroLine,New York,Dallas,1159,16,18,2,2,Storm,Low,1
SunAir,Dallas,Houston,1694,22,1,2,8,Cloudy,Low,0
NorthStar,Boston,New York,1495,14,16,6,9,Snow,Medium,0
SunAir,Dallas,Seattle,1871,5,8,6,7,Storm,Medium,0
BlueWing,Miami,New York,1207,12,14,3,12,Rain,Low,1
BlueWing,Chicago,Denver,706,17,18,2,6,Clear,High,1
SkyJet,Dallas,Seattle,641,22,23,3,2,Cloudy,Low,0
SunAir,Atlanta,Chicago,881,10,11,1,3,Clear,High,0
PacificFly,Miami,New York,841,5,6,6,1,Clear,High,1
NorthStar,Atlanta,Miami,1497,14,16,1,6,Clear,Medium,0
NorthStar,Houston,Boston,1271,0,2,1,6,Clear,Low,0
PacificFly,Seattle,Chicago,793,9,10,7,8,Cloudy,Low,0
AeroLine,Chicago,Boston,2257,2,6,5,4,Clear,High,0
NorthStar,Dallas,Chicago,1698,3,6,6,1,Cloudy,High,0
BlueWing,Miami,Dallas,1088,16,18,1,8,Clear,Low,0
SunAir,Atlanta,New York,1159,23,1,3,2,Storm,Medium,1
AeroLine,Seattle,Boston,687,10,11,4,4,Fog,Medium,1
PacificFly,Seattle,Chicago,1790,8,11,2,5,Rain,Medium,0
SunAir,Los Angeles,Denver,1850,7,10,5,6,Clear,Medium,0
SkyJet,Seattle,New York,1452,23,1,2,2,Cloudy,Low,0
BlueWing,Boston,Los Angeles,314,17,18,1,6,Snow,Medium,1
PacificFly,Miami,Houston,848,23,0,5,1,Clear,Medium,0
NorthStar,Chicago,Atlanta,2263,21,1,7,1,Cloudy,Medium,1
AeroLine,Miami,Atlanta,1584,3,6,6,10,Clear,Low,0
PacificFly,Houston,New York,1614,10,13,5,11,Rain,Low,0
NorthStar,Atlanta,New York,1306,12,14,6,9,Clear,Low,0
PacificFly,Atlanta,Boston,747,6,7,6,2,Rain,Low,0
AeroLine,Atlanta,Miami,1144,22,0,5,3,Clear,Medium,0
BlueWing,Denver,Atlanta,1053,8,10,6,8,Clear,Low,0
SunAir,New York,Boston,1000,17,19,2,4,Cloudy,Medium,1
AeroLine,Seattle,Denver,395,10,11,3,6,Fog,Low,0
NorthStar,Chicago,Miami,1580,17,20,4,7,Storm,Low,1
BlueWing,Chicago,Atlanta,1132,11,13,4,7,Clear,High,0
PacificFly,Houston,Denver,150,4,5,7,1,Rain,Medium,0
SunAir,Dallas,Miami,960,5,6,2,5,Clear,High,1
PacificFly,Denver,Houston,843,1,2,5,1,Clear,Medium,0
AeroLine,Atlanta,Chicago,759,22,23,6,8,Clear,Medium,0
SkyJet,Denver,Miami,998,13,14,2,5,Cloudy,Low,0
SkyJet,Boston,Miami,2139,18,22,2,9,Clear,Medium,0
AeroLine,Houston,Denver,945,5,6,3,5,Clear,Medium,0
SunAir,Denver,Miami,328,13,14,3,11,Clear,High,1
PacificFly,Miami,Seattle,1384,15,17,2,4,Cloudy,Low,0
NorthStar,Chicago,Seattle,1214,15,17,1,4,Clear,Medium,0
NorthStar,New York,Atlanta,2320,13,17,5,11,Clear,Low,0
NorthStar,Atlanta,Dallas,728,0,1,1,9,Snow,High,1
SunAir,Miami,Boston,245,12,13,1,2,Fog,High,1
PacificFly,Miami,Chicago,840,4,5,4,5,Snow,Medium,1
SkyJet,New York,Chicago,1115,1,3,7,12,Cloudy,Medium,1
NorthStar,Dallas,Seattle,635,7,8,7,1,Snow,Low,1
SunAir,Boston,Chicago,2068,4,8,5,7,Rain,Medium,1
NorthStar,Denver,New York,2131,9,13,5,8,Cloudy,Low,1
SunAir,Seattle,Miami,1326,0,2,4,3,Cloudy,Medium,0
AeroLine,Miami,Houston,754,12,13,6,4,Clear,High,1
NorthStar,Seattle,Boston,1778,3,6,4,10,Clear,High,1
AeroLine,Atlanta,Dallas,849,22,23,7,12,Cloudy,Medium,0
BlueWing,Houston,Boston,1110,13,15,3,10,Rain,High,1
PacificFly,Denver,Boston,1651,5,8,5,9,Rain,Medium,0
SunAir,Houston,New York,1361,20,22,2,2,Storm,Low,0
PacificFly,Chicago,Atlanta,1048,5,7,4,12,Clear,Low,1
PacificFly,Dallas,Chicago,1272,10,12,5,9,Cloudy,Low,0
NorthStar,Dallas,Denver,1484,0,2,3,5,Clear,High,1
SunAir,Chicago,Seattle,1191,13,15,7,6,Clear,Medium,0
BlueWing,Seattle,Chicago,985,7,8,3,8,Cloudy,Medium,0
AeroLine,Dallas,New York,1914,10,13,2,2,Storm,Low,1
NorthStar,Boston,Los Angeles,2440,2,6,2,9,Rain,Low,1
PacificFly,Miami,Chicago,951,13,14,3,1,Storm,High,1
SkyJet,Los Angeles,Houston,1907,15,18,4,2,Rain,High,0
SunAir,Los Angeles,Miami,481,8,9,5,3,Rain,Low,0
PacificFly,Boston,Seattle,1830,11,14,7,11,Clear,Low,0
PacificFly,Los Angeles,Atlanta,1324,1,3,3,10,Snow,High,1
PacificFly,Chicago,Miami,1491,16,18,6,5,Cloudy,Low,0
SkyJet,Miami,Dallas,1021,2,4,1,1,Clear,High,1
SunAir,New York,Atlanta,514,21,22,1,12,Storm,Low,0
AeroLine,Denver,Los Angeles,1039,15,17,1,4,Cloudy,High,1
PacificFly,Boston,Dallas,1082,2,4,2,5,Rain,Low,0
AeroLine,Denver,Miami,955,4,5,3,5,Fog,Medium,0
SkyJet,Denver,New York,1879,23,2,7,7,Snow,Medium,0
NorthStar,Seattle,Boston,690,23,0,3,6,Cloudy,High,0
PacificFly,Houston,Boston,1561,5,8,4,12,Rain,Low,0
BlueWing,Los Angeles,Seattle,1294,18,20,1,1,Clear,Low,0
NorthStar,New York,Houston,1283,23,1,7,4,Snow,High,1
NorthStar,Denver,New York,990,22,23,1,11,Clear,High,1
SunAir,Dallas,Chicago,760,0,1,1,4,Cloudy,Low,0
SunAir,Los Angeles,Dallas,843,15,16,7,7,Cloudy,Low,0
AeroLine,Atlanta,Seattle,150,10,11,5,12,Clear,Low,0
BlueWing,Atlanta,Chicago,583,1,2,4,8,Cloudy,Low,0
SunAir,Chicago,Houston,1133,10,12,6,3,Cloudy,Low,0
NorthStar,Los Angeles,Miami,150,23,0,2,11,Rain,High,0
BlueWing,New York,Houston,593,1,2,1,11,Fog,High,1
SunAir,Miami,Denver,1628,7,10,3,6,Clear,High,1
NorthStar,Seattle,New York,2131,4,8,3,4,Storm,High,0
SunAir,Los Angeles,Seattle,1489,21,23,7,4,Storm,High,1
AeroLine,Seattle,Denver,1011,8,10,6,12,Fog,Medium,1
SunAir,Los Angeles,New York,192,15,16,1,5,Cloudy,Low,0
NorthStar,New York,Atlanta,1233,0,2,3,7,Clear,Medium,0
BlueWing,Boston,New York,183,7,8,6,8,Snow,Medium,1
PacificFly,Chicago,Seattle,1883,2,5,7,1,Cloudy,Low,0
SunAir,New York,Denver,1403,4,6,5,9,Rain,Medium,1
SunAir,Atlanta,Dallas,868,20,21,5,7,Fog,Medium,1
SunAir,Miami,Denver,2055,21,1,4,6,Fog,Medium,0
BlueWing,Boston,Atlanta,1211,20,22,1,3,Cloudy,Low,0
SunAir,Los Angeles,Houston,1256,18,20,4,6,Cloudy,High,0
AeroLine,Los Angeles,Atlanta,1396,20,22,4,9,Cloudy,Medium,1
SkyJet,Denver,New York,2066,18,22,4,9,Clear,Low,0
NorthStar,Seattle,Chicago,773,3,4,3,4,Clear,Low,0
NorthStar,Boston,Houston,1769,18,21,7,12,Clear,Low,0
SunAir,Dallas,Houston,1723,4,7,2,7,Snow,Low,1
NorthStar,Miami,Atlanta,819,5,6,5,6,Fog,Medium,0
SkyJet,Boston,Houston,1174,5,7,1,3,Cloudy,High,1
BlueWing,Seattle,Chicago,763,6,7,1,12,Clear,Medium,0
AeroLine,Miami,Atlanta,1696,4,7,6,4,Clear,Low,0
NorthStar,Chicago,Miami,1244,20,22,4,11,Clear,Low,0
SunAir,Miami,Atlanta,1202,16,18,6,8,Cloudy,High,0
AeroLine,Atlanta,Houston,1963,23,2,1,9,Fog,Medium,1
AeroLine,Houston,New York,589,12,13,1,8,Rain,Low,0
SkyJet,Houston,Boston,1206,9,11,2,4,Cloudy,Low,1
AeroLine,Chicago,Atlanta,150,21,22,6,4,Clear,Medium,0
AeroLine,Los Angeles,Boston,1518,19,22,4,10,Cloudy,Low,0
SkyJet,New York,Los Angeles,1338,3,5,4,1,Storm,Low,0
PacificFly,Boston,Denver,1734,18,21,5,5,Clear,Low,0
AeroLine,Atlanta,Seattle,1860,17,20,3,6,Fog,Low,1
SkyJet,Atlanta,Los Angeles,393,5,6,6,12,Cloudy,Medium,1
NorthStar,New York,Seattle,1323,7,9,3,5,Clear,High,1
SkyJet,Miami,Houston,1049,15,17,4,2,Clear,High,0
BlueWing,Boston,Atlanta,901,12,13,6,12,Storm,Low,1
PacificFly,Boston,New York,1662,2,5,5,4,Rain,High,1
SkyJet,Denver,Los Angeles,1900,19,22,3,10,Rain,Low,0
SkyJet,Los Angeles,Miami,1173,11,13,3,3,Clear,Low,0
PacificFly,Boston,Los Angeles,1714,22,1,6,1,Cloudy,Medium,0
SkyJet,Houston,New York,739,2,3,1,10,Cloudy,Medium,0
SkyJet,Miami,Denver,781,20,21,4,9,Fog,High,1
NorthStar,Dallas,Seattle,1357,14,16,6,12,Rain,Medium,0
NorthStar,Houston,Seattle,853,19,20,3,12,Rain,Low,0
SunAir,Atlanta,Seattle,1488,11,13,5,7,Clear,Medium,0
SunAir,Los Angeles,Seattle,1432,17,19,5,5,Rain,Low,1
PacificFly,Dallas,Atlanta,549,8,9,7,6,Clear,Low,0
PacificFly,Denver,Boston,1279,9,11,1,8,Clear,Medium,1
AeroLine,Dallas,Houston,2270,2,6,7,5,Rain,High,0
BlueWing,Boston,Atlanta,388,9,10,1,3,Fog,High,0
SunAir,Los Angeles,Dallas,1698,12,15,5,1,Rain,Medium,1
NorthStar,Seattle,Los Angeles,2098,19,23,7,6,Cloudy,Low,1
SunAir,Chicago,Seattle,1419,2,4,7,11,Clear,High,1
PacificFly,Miami,Seattle,998,20,21,7,8,Fog,High,0
BlueWing,Denver,Dallas,718,6,7,6,4,Rain,Low,1
SunAir,Atlanta,Houston,1456,23,1,4,1,Snow,Medium,1
SkyJet,Houston,Dallas,869,23,0,5,1,Clear,Low,1
NorthStar,Houston,Los Angeles,1548,3,6,3,11,Clear,Medium,1
AeroLine,Seattle,Los Angeles,1597,13,16,3,8,Snow,High,1
AeroLine,Chicago,Atlanta,767,18,19,2,11,Cloudy,Low,0
AeroLine,Dallas,Miami,727,11,12,5,5,Clear,Low,0
SkyJet,Chicago,Boston,150,3,4,6,7,Rain,Medium,1
AeroLine,Los Angeles,Seattle,1369,11,13,6,1,Clear,Medium,0
AeroLine,Atlanta,Los Angeles,1376,20,22,4,4,Clear,Medium,1
AeroLine,Atlanta,Los Angeles,1967,1,4,7,12,Cloudy,Low,0
AeroLine,Dallas,Denver,925,3,4,5,9,Clear,High,0
AeroLine,New York,Houston,1333,23,1,6,2,Clear,Low,0
PacificFly,Miami,Houston,1959,22,1,6,12,Cloudy,Medium,0
SkyJet,Seattle,Dallas,1001,21,23,1,6,Rain,Medium,0
BlueWing,New York,Houston,1986,5,8,7,7,Cloudy,Medium,0
BlueWing,Boston,Seattle,1441,14,16,6,6,Storm,Low,0
PacificFly,Miami,Denver,1249,21,23,6,7,Clear,Medium,0
NorthStar,Boston,Denver,1099,23,1,3,8,Rain,Low,0
NorthStar,Seattle,Los Angeles,1771,21,0,3,4,Clear,Low,0
SunAir,Atlanta,Boston,1718,14,17,2,7,Cloudy,Low,0
AeroLine,Houston,Atlanta,1031,16,18,2,2,Clear,Low,0
SunAir,Seattle,Los Angeles,1737,3,6,7,5,Snow,Low,1
NorthStar,Denver,Chicago,676,19,20,5,3,Clear,Medium,1
BlueWing,Chicago,Boston,1514,11,14,1,8,Rain,Low,0
SunAir,Chicago,Dallas,771,17,18,6,2,Clear,Medium,1
BlueWing,New York,Boston,977,3,4,6,11,Cloudy,Low,0
AeroLine,Dallas,Seattle,1210,18,20,2,2,Clear,High,1
PacificFly,Dallas,Seattle,1790,17,20,1,10,Clear,Low,0
SunAir,Miami,Boston,740,13,14,6,12,Clear,High,1
BlueWing,Atlanta,Houston,529,5,6,6,4,Clear,Low,0
SkyJet,Chicago,Boston,1541,17,20,5,4,Clear,Medium,0
AeroLine,Denver,Miami,556,13,14,4,2,Snow,Medium,0
NorthStar,Atlanta,Denver,746,14,15,5,11,Clear,Medium,0
BlueWing,Miami,Los Angeles,678,8,9,1,2,Clear,Medium,1
SunAir,New York,Boston,1679,16,19,6,2,Rain,Medium,1
NorthStar,Atlanta,Boston,1159,12,14,7,6,Cloudy,Low,0
NorthStar,Boston,New York,1512,4,7,4,7,Clear,Medium,1
PacificFly,Atlanta,Dallas,1538,15,18,6,9,Clear,Low,1
AeroLine,Denver,Dallas,1257,15,17,2,1,Clear,Low,0
SunAir,Miami,Chicago,1464,10,12,4,3,Clear,Medium,0
PacificFly,Los Angeles,Chicago,1915,0,3,4,10,Rain,Low,1
NorthStar,Los Angeles,Miami,1612,14,17,7,4,Clear,Low,0
BlueWing,Seattle,Dallas,1602,20,23,1,2,Cloudy,Low,1
SkyJet,Los Angeles,Dallas,1152,21,23,7,9,Snow,High,0
BlueWing,Seattle,Dallas,1595,6,9,2,7,Rain,Low,1
SunAir,Dallas,Houston,1669,13,16,2,11,Snow,Low,1
BlueWing,Denver,New York,1214,12,14,7,1,Clear,High,1
PacificFly,Chicago,Boston,1047,15,17,1,3,Rain,High,0
NorthStar,Denver,Seattle,1478,17,19,4,9,Storm,Low,1
NorthStar,Miami,Denver,867,12,13,6,5,Clear,Low,0
SkyJet,Seattle,Dallas,1387,21,23,6,7,Clear,Medium,0
PacificFly,Denver,Seattle,980,7,8,1,7,Rain,High,1
SunAir,Denver,New York,1078,2,4,6,1,Storm,Medium,0
SunAir,Boston,Denver,400,16,17,4,12,Cloudy,High,1
PacificFly,Atlanta,Denver,889,10,11,4,10,Clear,High,0
NorthStar,Miami,New York,242,19,20,3,11,Cloudy,Low,1
AeroLine,Denver,Boston,1066,18,20,7,7,Cloudy,High,0
NorthStar,Seattle,Boston,868,3,4,7,9,Cloudy,High,1
SkyJet,New York,Seattle,1223,15,17,7,2,Snow,High,1
NorthStar,Chicago,Houston,535,6,7,4,11,Cloudy,Medium,0
AeroLine,Houston,Chicago,887,1,2,7,9,Rain,High,1
NorthStar,Los Angeles,Boston,297,19,20,4,5,Cloudy,Medium,1
BlueWing,Boston,Dallas,738,19,20,4,8,Cloudy,Low,0
AeroLine,Miami,New York,842,9,10,3,7,Storm,Low,0
NorthStar,Miami,New York,1633,15,18,5,9,Clear,Low,0
AeroLine,Chicago,Dallas,1328,19,21,6,4,Rain,Low,0
AeroLine,Denver,Los Angeles,1568,19,22,6,5,Fog,Low,0
BlueWing,Boston,New York,1460,11,13,5,8,Rain,High,1
NorthStar,Miami,Los Angeles,1141,7,9,1,5,Rain,Low,1
SkyJet,Atlanta,Los Angeles,1330,14,16,3,8,Clear,High,0
SunAir,Los Angeles,Houston,557,1,2,1,11,Clear,Low,0
NorthStar,Miami,Houston,1385,7,9,2,1,Rain,Low,0
AeroLine,Miami,Houston,1431,22,0,2,5,Cloudy,High,1
SkyJet,Boston,Miami,1185,14,16,6,8,Cloudy,Medium,0
SunAir,Seattle,Chicago,1782,3,6,5,7,Clear,Low,0
PacificFly,New York,Houston,1044,6,8,4,6,Snow,Low,1
SunAir,Dallas,New York,758,22,23,5,7,Cloudy,Medium,0
NorthStar,Boston,Atlanta,1089,13,15,4,7,Cloudy,Medium,0
PacificFly,Los Angeles,Atlanta,566,14,15,4,5,Fog,Low,0
AeroLine,Seattle,Los Angeles,303,15,16,6,5,Snow,Low,0
SunAir,Seattle,Dallas,699,21,22,7,8,Clear,Low,0
AeroLine,Houston,New York,598,10,11,5,10,Rain,Medium,1
PacificFly,Los Angeles,Miami,904,11,12,1,6,Clear,Medium,1
BlueWing,Los Angeles,Denver,1444,16,18,3,9,Cloudy,Low,0
SkyJet,Seattle,Atlanta,234,2,3,7,6,Clear,Low,0
SkyJet,Dallas,Denver,1415,20,22,6,4,Rain,High,1
SunAir,New York,Los Angeles,913,12,13,1,5,Storm,Medium,1
AeroLine,Houston,Dallas,1768,22,1,3,7,Clear,Low,0
NorthStar,New York,Miami,1573,17,20,1,5,Clear,High,0
NorthStar,Denver,Miami,1650,20,23,3,9,Clear,Low,0
PacificFly,Houston,Boston,1031,17,19,5,9,Storm,Low,1
PacificFly,Atlanta,Los Angeles,1259,6,8,1,4,Clear,Low,0
NorthStar,Los Angeles,Houston,1084,12,14,2,4,Clear,High,1
SunAir,Houston,Seattle,988,3,4,1,5,Snow,Low,1
SkyJet,New York,Miami,946,9,10,2,11,Cloudy,High,1
BlueWing,Denver,Los Angeles,1759,1,4,7,3,Rain,Low,0
BlueWing,Los Angeles,Boston,940,21,22,6,4,Clear,Low,0
NorthStar,Atlanta,New York,1318,6,8,7,5,Fog,High,1
NorthStar,Denver,Miami,1580,13,16,4,4,Fog,Low,1
SkyJet,Denver,Dallas,1782,2,5,3,11,Cloudy,Low,1
AeroLine,Los Angeles,Miami,1877,7,10,5,1,Cloudy,Low,0
NorthStar,Miami,Houston,1912,22,1,2,1,Rain,Medium,1
SunAir,Denver,Dallas,1366,8,10,1,3,Fog,Medium,1
PacificFly,Denver,Chicago,912,0,1,7,2,Clear,Low,0
BlueWing,Boston,New York,1484,2,4,1,5,Storm,Medium,1
BlueWing,Denver,Chicago,1748,10,13,6,11,Clear,Medium,0
NorthStar,Atlanta,Los Angeles,1417,6,8,7,6,Clear,Medium,0
NorthStar,New York,Chicago,1246,22,0,3,10,Cloudy,High,0
AeroLine,Dallas,Atlanta,1438,17,19,7,11,Clear,Low,0
PacificFly,Miami,Seattle,1715,19,22,6,5,Rain,Low,1
BlueWing,Los Angeles,Seattle,942,0,1,1,9,Cloudy,High,1
NorthStar,Denver,Miami,1649,13,16,2,10,Clear,Low,0
NorthStar,Houston,Los Angeles,2320,17,21,6,10,Storm,High,1
NorthStar,Boston,Denver,793,12,13,7,10,Snow,Low,0
PacificFly,New York,Houston,1514,12,15,2,10,Clear,Medium,0
NorthStar,Los Angeles,Boston,1329,1,3,6,8,Clear,Medium,1
BlueWing,Los Angeles,Miami,1679,22,1,3,11,Clear,Low,0
AeroLine,Miami,Boston,2036,7,11,5,3,Rain,High,1
SunAir,Los Angeles,Denver,1290,18,20,2,10,Fog,High,1
SunAir,Miami,Chicago,1285,6,8,5,3,Clear,Low,1
SunAir,Chicago,Los Angeles,1250,17,19,2,6,Cloudy,High,1
AeroLine,Boston,New York,1505,9,12,6,10,Clear,High,0
NorthStar,Atlanta,Houston,845,8,9,5,4,Fog,Medium,0
AeroLine,Atlanta,Los Angeles,855,13,14,7,11,Fog,Low,1
SunAir,Atlanta,Seattle,827,14,15,7,12,Snow,Low,0
PacificFly,Denver,Boston,1777,5,8,4,3,Clear,Medium,0
PacificFly,Houston,Dallas,1155,20,22,5,3,Clear,Medium,1
AeroLine,Atlanta,Dallas,1197,17,19,3,3,Snow,High,1
SkyJet,Denver,Atlanta,665,10,11,4,4,Fog,High,1
PacificFly,Miami,Dallas,605,17,18,7,7,Rain,Low,0
PacificFly,Denver,Miami,1269,16,18,3,5,Cloudy,Medium,0
PacificFly,Miami,Los Angeles,1591,4,7,2,10,Snow,Medium,1
AeroLine,Seattle,Miami,769,18,19,3,8,Fog,High,0
NorthStar,New York,Seattle,1878,23,2,3,1,Clear,Low,0
SkyJet,Houston,Boston,1623,1,4,3,4,Cloudy,Low,0
AeroLine,Seattle,Miami,941,16,17,2,4,Clear,Low,1
SkyJet,Boston,Denver,554,17,18,5,5,Clear,High,0
NorthStar,Atlanta,Chicago,1695,1,4,5,1,Cloudy,Medium,0
AeroLine,New York,Atlanta,1389,15,17,6,12,Fog,Low,1
SkyJet,Atlanta,Chicago,1338,19,21,2,9,Cloudy,Low,0
AeroLine,Chicago,Atlanta,150,9,10,6,9,Clear,High,1
BlueWing,Los Angeles,New York,2162,7,11,6,4,Cloudy,Low,0
AeroLine,Boston,Dallas,1566,20,23,3,6,Clear,Low,0
AeroLine,Miami,Houston,1850,11,14,2,2,Cloudy,Medium,0
SunAir,Chicago,New York,1845,11,14,1,11,Clear,Medium,0
NorthStar,Seattle,Dallas,2150,8,12,7,4,Snow,Low,0
SkyJet,Denver,Atlanta,2667,1,6,3,4,Clear,Medium,0
BlueWing,Chicago,Los Angeles,1836,8,11,2,11,Clear,Low,0
PacificFly,New York,Houston,726,12,13,4,5,Clear,Medium,1
SunAir,Miami,Chicago,1072,7,9,4,7,Storm,Low,1
NorthStar,Dallas,Houston,752,12,13,4,4,Fog,Low,1
PacificFly,Dallas,New York,664,21,22,3,9,Clear,Medium,1
PacificFly,Miami,Denver,2304,3,7,2,12,Fog,Medium,1
BlueWing,Atlanta,Miami,843,6,7,1,8,Cloudy,Medium,0
BlueWing,Chicago,Boston,1600,13,16,4,6,Storm,Low,1
SkyJet,Dallas,Houston,1327,2,4,6,9,Cloudy,Medium,0
NorthStar,New York,Los Angeles,1809,3,6,6,3,Rain,Low,0
PacificFly,Dallas,Boston,1142,9,11,4,4,Snow,Low,1
PacificFly,Chicago,Houston,1616,5,8,7,9,Clear,Low,0
SkyJet,Houston,Atlanta,1370,21,23,7,1,Clear,Low,0
SunAir,Seattle,Atlanta,1280,11,13,2,3,Clear,Low,0
SunAir,Los Angeles,Seattle,1843,8,11,4,8,Storm,Low,1
NorthStar,New York,Seattle,1067,4,6,1,11,Rain,Medium,1
SkyJet,Houston,New York,1427,14,16,2,6,Cloudy,Low,1
SkyJet,Miami,Denver,477,1,2,5,4,Cloudy,Low,0
AeroLine,Atlanta,Denver,760,15,16,5,11,Cloudy,High,1
BlueWing,Seattle,Houston,1805,8,11,2,2,Clear,High,1
AeroLine,Miami,Boston,837,14,15,3,2,Storm,Low,1
SkyJet,Chicago,Miami,1216,14,16,5,12,Clear,Low,0
BlueWing,Seattle,Denver,1743,0,3,4,7,Clear,High,0
BlueWing,Dallas,Chicago,1210,13,15,7,9,Clear,Low,0
PacificFly,Dallas,New York,433,4,5,7,12,Clear,Medium,0
SkyJet,Atlanta,Boston,684,0,1,7,4,Clear,Low,0
NorthStar,Boston,Miami,388,22,23,7,5,Snow,Medium,0
PacificFly,New York,Dallas,852,0,1,2,9,Clear,Low,0
AeroLine,Seattle,Houston,729,20,21,4,4,Snow,Medium,0
AeroLine,Los Angeles,New York,783,7,8,3,10,Rain,Low,0
SunAir,New York,Chicago,2091,4,8,1,10,Rain,Low,1
SunAir,Boston,Dallas,1932,22,1,4,4,Clear,Low,0
NorthStar,New York,Seattle,1008,8,10,2,1,Cloudy,Medium,0
SunAir,Los Angeles,Denver,1367,5,7,5,7,Clear,Medium,0
AeroLine,Atlanta,Seattle,1382,4,6,7,6,Cloudy,Medium,1
BlueWing,Atlanta,Miami,1216,14,16,6,7,Cloudy,Medium,0
SunAir,Boston,Denver,989,19,20,2,9,Cloudy,Medium,0
BlueWing,Chicago,New York,1573,8,11,5,9,Rain,Medium,0
SkyJet,Dallas,Los Angeles,585,17,18,5,12,Clear,Medium,1
SunAir,Miami,Dallas,1150,18,20,2,12,Clear,Medium,0
AeroLine,Denver,Seattle,1670,20,23,5,4,Clear,Medium,0
PacificFly,Miami,Dallas,437,10,11,5,6,Clear,Low,0
NorthStar,New York,Atlanta,855,17,18,7,3,Cloudy,Medium,1
SkyJet,Los Angeles,Chicago,2414,23,3,1,8,Clear,Low,0
NorthStar,Chicago,Dallas,1882,1,4,2,1,Snow,Medium,1
SunAir,Denver,Atlanta,1122,1,3,7,11,Cloudy,Low,0
BlueWing,Los Angeles,Denver,1038,13,15,7,9,Fog,Medium,0
AeroLine,Denver,Houston,1734,7,10,7,10,Cloudy,Medium,1
AeroLine,New York,Boston,1680,9,12,4,5,Clear,High,0
PacificFly,Seattle,Boston,1523,17,20,2,11,Clear,Low,1
PacificFly,Houston,Miami,1629,10,13,6,2,Cloudy,Low,0
SunAir,Houston,Dallas,1587,13,16,4,11,Snow,High,1
BlueWing,Boston,New York,1534,12,15,5,5,Clear,Medium,1
AeroLine,Denver,Houston,1306,11,13,3,1,Clear,Low,0
SkyJet,Houston,Los Angeles,1379,15,17,6,8,Fog,Low,0
SunAir,Denver,Boston,1899,7,10,6,2,Fog,Low,0
PacificFly,Los Angeles,Denver,1510,12,15,5,7,Rain,Low,0
NorthStar,Houston,Chicago,689,18,19,5,7,Clear,Medium,1
PacificFly,Miami,Chicago,849,0,1,4,7,Clear,Medium,0
AeroLine,New York,Dallas,195,5,6,4,6,Clear,Low,0
SkyJet,Houston,Seattle,925,14,15,6,4,Storm,Low,1
SunAir,Houston,New York,768,4,5,2,5,Snow,Medium,0
BlueWing,Chicago,New York,1174,19,21,5,5,Snow,High,1
NorthStar,Boston,Dallas,708,8,9,1,6,Clear,Low,0
NorthStar,Los Angeles,Boston,1029,13,15,7,4,Storm,Medium,1
BlueWing,Dallas,Chicago,848,13,14,3,2,Clear,Medium,0
PacificFly,Houston,Dallas,2978,2,7,1,3,Rain,Medium,0
NorthStar,Seattle,Chicago,1543,3,6,5,12,Clear,Medium,1
AeroLine,Boston,Denver,798,15,16,1,1,Clear,Medium,0
PacificFly,Seattle,Denver,1743,17,20,4,1,Rain,Low,1
NorthStar,Houston,Chicago,1601,23,2,2,1,Storm,Medium,1
PacificFly,Atlanta,Seattle,1286,20,22,5,1,Clear,Medium,0
PacificFly,Boston,Denver,1459,23,1,4,5,Storm,Medium,1
SunAir,Atlanta,Boston,1638,6,9,1,7,Cloudy,Low,0
AeroLine,Dallas,New York,1487,9,11,4,9,Clear,Medium,0
SkyJet,Dallas,Houston,971,18,19,7,7,Cloudy,Medium,1
SkyJet,New York,Seattle,1277,17,19,5,8,Clear,High,1
AeroLine,Atlanta,Miami,150,1,2,7,10,Rain,Low,0
SunAir,Atlanta,Miami,1849,12,15,5,7,Clear,Medium,0
SunAir,Miami,New York,1317,4,6,1,9,Fog,High,1
AeroLine,New York,Los Angeles,1775,16,19,4,9,Clear,Low,0
PacificFly,Houston,Chicago,1900,1,4,6,2,Rain,Medium,0
PacificFly,Seattle,Miami,2041,21,1,3,10,Snow,High,0
PacificFly,Seattle,Boston,1020,3,5,7,8,Fog,Low,0
PacificFly,Denver,Chicago,1078,8,10,1,9,Rain,Low,0
AeroLine,Seattle,Atlanta,1825,3,6,5,12,Clear,Medium,1
SunAir,Dallas,Denver,888,11,12,5,9,Clear,Medium,0
NorthStar,Chicago,Los Angeles,1192,21,23,1,11,Clear,Medium,0
PacificFly,Chicago,Dallas,1340,14,16,6,1,Snow,Low,0
BlueWing,Los Angeles,Atlanta,632,16,17,6,5,Clear,Low,1
AeroLine,Chicago,Seattle,1425,11,13,7,4,Cloudy,Low,1
BlueWing,Chicago,Los Angeles,895,22,23,5,10,Snow,High,1
SkyJet,Atlanta,Denver,1579,0,3,3,4,Clear,High,1
SunAir,Denver,Houston,1525,1,4,1,9,Clear,Low,0
SkyJet,Atlanta,Seattle,942,1,2,4,4,Clear,Medium,1
SunAir,Seattle,Los Angeles,803,2,3,6,2,Clear,Medium,0
SunAir,Seattle,Miami,634,11,12,4,6,Clear,Medium,1
NorthStar,Chicago,Atlanta,1544,7,10,1,12,Clear,Medium,0
NorthStar,Atlanta,Denver,1004,23,1,6,2,Cloudy,Low,0
SunAir,Los Angeles,Atlanta,1531,16,19,1,7,Clear,Medium,0
BlueWing,Los Angeles,Seattle,1837,20,23,3,5,Clear,High,1
SunAir,Seattle,New York,1210,6,8,2,7,Cloudy,High,1
SunAir,Los Angeles,Dallas,1814,22,1,1,11,Cloudy,Low,0
NorthStar,Seattle,Houston,1180,10,12,1,3,Storm,Medium,0
NorthStar,Denver,Los Angeles,1663,12,15,2,4,Clear,Medium,0
SkyJet,Dallas,Atlanta,1673,15,18,1,10,Storm,Medium,1
SkyJet,New York,Denver,2053,5,9,4,1,Storm,Medium,1
NorthStar,New York,Atlanta,402,7,8,4,3,Clear,Low,0
SunAir,Los Angeles,Boston,934,2,3,7,10,Clear,Low,0
BlueWing,Atlanta,New York,1202,19,21,5,7,Cloudy,Low,0
SunAir,Seattle,Dallas,150,23,0,7,9,Cloudy,Medium,1
BlueWing,Denver,Dallas,1258,14,16,1,2,Cloudy,High,1
NorthStar,Dallas,Denver,1321,3,5,1,11,Cloudy,High,1
AeroLine,Denver,Chicago,550,20,21,2,2,Clear,Medium,1
BlueWing,Boston,Miami,914,11,12,3,5,Cloudy,High,0
SunAir,Dallas,Boston,1700,0,3,6,5,Storm,High,1
PacificFly,Dallas,Chicago,931,19,20,4,4,Cloudy,Low,0
BlueWing,Boston,Los Angeles,1514,23,2,4,2,Storm,High,1
PacificFly,Denver,Chicago,1106,8,10,6,11,Clear,Low,0
BlueWing,Atlanta,Houston,532,1,2,2,10,Clear,Low,0
NorthStar,Boston,Houston,678,17,18,4,4,Rain,Medium,0
SkyJet,Los Angeles,Atlanta,2158,1,5,7,9,Cloudy,Medium,0
BlueWing,Seattle,New York,1135,18,20,1,10,Clear,Medium,0
AeroLine,Atlanta,Seattle,1816,20,23,1,8,Clear,High,0
AeroLine,Dallas,Denver,792,2,3,7,12,Rain,Low,0
NorthStar,Denver,Atlanta,1578,4,7,4,5,Clear,Medium,1
SkyJet,Houston,Miami,2493,19,23,1,12,Rain,Low,0
PacificFly,Denver,Atlanta,972,19,20,1,2,Cloudy,Medium,0
SkyJet,Los Angeles,Dallas,945,0,1,5,5,Snow,Medium,1
SunAir,Atlanta,Dallas,1427,15,17,1,4,Rain,Low,1
NorthStar,Chicago,Los Angeles,2111,8,12,3,6,Storm,Medium,1
BlueWing,New York,Boston,1325,15,17,3,3,Fog,Medium,1
NorthStar,Denver,New York,1478,6,8,3,10,Clear,Medium,0
SkyJet,Los Angeles,Seattle,452,21,22,5,7,Clear,Medium,1
SunAir,Los Angeles,Atlanta,201,10,11,3,6,Fog,Low,0
SkyJet,Atlanta,Dallas,1052,13,15,5,6,Cloudy,Low,0
SunAir,Dallas,Houston,1654,16,19,1,5,Rain,Low,0
AeroLine,Atlanta,Houston,1265,21,23,7,11,Clear,High,0
SkyJet,Boston,Denver,1307,3,5,6,3,Storm,High,1
SkyJet,Atlanta,Houston,903,16,17,7,5,Cloudy,Low,0
BlueWing,Atlanta,Houston,1393,5,7,3,9,Cloudy,Low,0
PacificFly,Denver,Atlanta,1294,17,19,3,6,Rain,High,1
BlueWing,Dallas,Atlanta,1669,5,8,7,6,Rain,Medium,0
AeroLine,Chicago,Miami,2077,20,0,7,9,Rain,High,1
SkyJet,New York,Seattle,1486,2,4,7,7,Cloudy,Low,1
SkyJet,Seattle,Atlanta,1160,14,16,7,5,Fog,High,1
SkyJet,Seattle,New York,1315,4,6,6,7,Clear,Medium,0
BlueWing,New York,Boston,2044,11,15,1,11,Snow,Low,0
SkyJet,Atlanta,Dallas,897,23,0,2,10,Clear,Low,0
BlueWing,Seattle,New York,1043,22,0,1,3,Clear,Low,0
SkyJet,Denver,New York,928,17,18,5,7,Rain,Low,1
NorthStar,Los Angeles,Chicago,1158,11,13,5,3,Snow,Low,0
SkyJet,Houston,Denver,1543,11,14,6,5,Snow,Medium,1
SkyJet,Denver,New York,2211,4,8,4,3,Clear,Medium,0
BlueWing,Chicago,Seattle,1463,10,12,6,4,Snow,Medium,0
AeroLine,Denver,Miami,1871,4,7,1,8,Snow,Low,0
NorthStar,Miami,Seattle,2123,9,13,6,5,Cloudy,Low,1
PacificFly,Los Angeles,Denver,1804,6,9,3,10,Fog,High,0
BlueWing,Atlanta,Seattle,651,10,11,5,5,Clear,Medium,0
PacificFly,Boston,Houston,1422,18,20,2,1,Clear,Low,0
NorthStar,New York,Denver,1539,1,4,6,3,Fog,Low,1
SkyJet,Los Angeles,Boston,606,15,16,4,9,Clear,High,0
SkyJet,Dallas,Houston,1878,0,3,3,7,Clear,Medium,0
PacificFly,Houston,Miami,907,17,18,4,7,Clear,Low,0
BlueWing,Chicago,Atlanta,1869,3,6,6,7,Storm,High,1
AeroLine,Houston,Atlanta,2081,21,1,7,4,Rain,Low,0
NorthStar,Chicago,Miami,1315,5,7,5,5,Clear,Low,0
BlueWing,Boston,Chicago,1133,22,0,3,12,Storm,Low,0
NorthStar,Boston,New York,1381,23,1,6,10,Storm,Medium,1
SunAir,New York,Dallas,711,15,16,4,6,Rain,High,0
SkyJet,Houston,Los Angeles,269,10,11,4,2,Cloudy,High,1
NorthStar,Denver,Los Angeles,150,4,5,5,1,Cloudy,Medium,0
NorthStar,Los Angeles,Chicago,248,22,23,6,9,Rain,Medium,0
NorthStar,Chicago,Dallas,1362,20,22,3,6,Cloudy,Low,0
AeroLine,New York,Chicago,1672,4,7,1,3,Clear,Medium,0
BlueWing,Atlanta,Boston,1902,20,23,1,8,Rain,Medium,0
NorthStar,Atlanta,Seattle,619,17,18,2,6,Cloudy,High,0
PacificFly,Houston,Chicago,1705,23,2,3,3,Clear,Low,0
BlueWing,Chicago,Boston,803,19,20,4,4,Cloudy,Medium,1
NorthStar,Denver,New York,2026,12,16,7,3,Clear,Low,0
SunAir,New York,Chicago,932,7,8,5,5,Snow,Medium,0
AeroLine,Denver,Miami,876,17,18,2,5,Snow,Low,1
SunAir,Los Angeles,Dallas,638,17,18,1,11,Fog,Low,0
PacificFly,Chicago,Boston,1987,3,6,5,9,Clear,Medium,1
SunAir,Houston,New York,1551,17,20,6,3,Clear,Low,0
AeroLine,Dallas,Denver,1269,21,23,1,3,Rain,Low,0
BlueWing,Chicago,New York,1309,12,14,3,9,Cloudy,Low,0
BlueWing,Seattle,Houston,1408,10,12,4,10,Clear,Low,1
SkyJet,Seattle,Denver,554,21,22,1,9,Clear,Low,0
NorthStar,Los Angeles,Dallas,216,4,5,5,3,Fog,High,1
AeroLine,Miami,New York,1421,8,10,2,2,Cloudy,High,1
BlueWing,Houston,Atlanta,586,4,5,4,3,Cloudy,Low,0
AeroLine,Chicago,Atlanta,1731,14,17,6,4,Clear,Low,0
BlueWing,Atlanta,Dallas,1021,23,1,3,12,Fog,Medium,1
SkyJet,Atlanta,Los Angeles,1086,3,5,5,2,Rain,Medium,0
NorthStar,Dallas,New York,908,4,5,4,3,Clear,Low,0
NorthStar,New York,Miami,1002,12,14,5,9,Clear,Low,0
AeroLine,Chicago,Dallas,1150,9,11,6,5,Clear,High,1
NorthStar,New York,Atlanta,1988,8,11,7,7,Clear,Medium,1
NorthStar,Atlanta,Chicago,1366,14,16,1,1,Clear,Low,0
NorthStar,Boston,Dallas,1174,9,11,2,9,Clear,Low,0
SkyJet,Seattle,New York,1316,13,15,3,7,Clear,Low,0
SkyJet,Houston,Chicago,1119,4,6,3,9,Clear,Low,0
NorthStar,Chicago,Seattle,1771,16,19,2,12,Clear,Medium,1
SkyJet,Dallas,Los Angeles,2065,8,12,6,3,Cloudy,High,1
AeroLine,Houston,Chicago,1054,19,21,2,9,Clear,Medium,0
BlueWing,Miami,Los Angeles,1481,2,4,4,2,Storm,Low,0
SkyJet,Atlanta,Miami,804,23,0,7,3,Clear,Medium,0
SunAir,Boston,Dallas,609,18,19,2,4,Cloudy,Medium,0
AeroLine,Denver,New York,1311,0,2,6,3,Rain,Low,0
SkyJet,Denver,Miami,1183,16,18,7,10,Clear,Medium,0
PacificFly,Seattle,Los Angeles,1748,1,4,4,9,Snow,Low,1
PacificFly,New York,Boston,1634,11,14,1,11,Rain,Low,0
NorthStar,Miami,Boston,936,5,6,5,4,Clear,Low,0
BlueWing,Los Angeles,Seattle,1060,4,6,3,3,Clear,Medium,0
SkyJet,Miami,Dallas,1799,23,2,7,5,Storm,High,0
AeroLine,Boston,Denver,998,7,8,7,8,Cloudy,Medium,1
SunAir,Atlanta,Dallas,1861,13,16,2,4,Rain,Medium,0
BlueWing,Atlanta,Boston,1265,3,5,7,9,Cloudy,Medium,0
SkyJet,Atlanta,Boston,1131,7,9,2,7,Storm,Low,1
PacificFly,Miami,Los Angeles,1109,9,11,5,9,Clear,Low,0
NorthStar,Seattle,Houston,464,8,9,2,3,Rain,High,1
PacificFly,Boston,Los Angeles,1022,22,0,6,11,Cloudy,Medium,1
NorthStar,Denver,Atlanta,996,18,19,1,7,Clear,Low,0
SkyJet,Miami,Los Angeles,1579,16,19,3,10,Fog,Low,0
SunAir,Denver,Chicago,821,1,2,1,9,Cloudy,Low,0
NorthStar,Denver,Dallas,1192,17,19,4,3,Storm,Low,1
AeroLine,Dallas,Denver,814,14,15,7,9,Fog,Low,1
PacificFly,New York,Dallas,819,3,4,3,9,Clear,Medium,1
SunAir,Dallas,Denver,881,3,4,5,11,Fog,High,0
AeroLine,Boston,Los Angeles,1034,23,1,3,5,Cloudy,Medium,1
AeroLine,Chicago,Miami,2216,12,16,6,6,Snow,High,1
NorthStar,Miami,New York,664,4,5,6,10,Clear,Medium,0
PacificFly,Dallas,Miami,902,14,15,3,7,Rain,Low,0
BlueWing,Atlanta,Seattle,930,2,3,4,9,Snow,Medium,0
NorthStar,Dallas,Houston,1742,20,23,3,1,Cloudy,High,0
SunAir,Dallas,Houston,1295,7,9,3,3,Cloudy,High,1
NorthStar,Los Angeles,Seattle,863,10,11,7,6,Clear,Medium,0
AeroLine,Atlanta,Chicago,1384,20,22,6,4,Storm,Low,0
NorthStar,Denver,Los Angeles,782,11,12,4,5,Rain,High,1
BlueWing,Chicago,Miami,1911,12,15,6,6,Clear,High,1
SkyJet,Los Angeles,Houston,631,10,11,6,6,Clear,Medium,0
BlueWing,Chicago,Los Angeles,1083,14,16,7,3,Storm,Low,0
PacificFly,Boston,Los Angeles,1269,17,19,5,7,Rain,High,1
NorthStar,Dallas,Boston,1382,22,0,3,5,Clear,Low,0
SunAir,New York,Seattle,817,22,23,2,10,Clear,Low,0
BlueWing,Seattle,New York,811,18,19,3,11,Rain,Low,1
BlueWing,Dallas,Los Angeles,574,6,7,3,9,Rain,Low,1
SunAir,Seattle,Boston,1261,19,21,4,2,Cloudy,Low,1
NorthStar,New York,Dallas,838,18,19,4,7,Clear,Medium,1
SkyJet,Houston,Los Angeles,1496,10,12,4,3,Fog,High,1
AeroLine,Los Angeles,Boston,1364,19,21,7,3,Rain,Low,0
PacificFly,Houston,Chicago,1369,14,16,2,7,Clear,Low,0
BlueWing,Miami,Atlanta,1763,14,17,3,8,Storm,Medium,1
BlueWing,Miami,Houston,1376,6,8,4,12,Clear,Low,0
NorthStar,Denver,Seattle,2129,1,5,3,9,Clear,Medium,0
NorthStar,Dallas,Los Angeles,818,14,15,6,3,Clear,Medium,0
PacificFly,Chicago,Denver,3000,5,11,1,9,Fog,Medium,1
AeroLine,Houston,Atlanta,788,16,17,7,6,Clear,Low,0
SunAir,Los Angeles,Chicago,1035,20,22,3,6,Rain,Medium,1
NorthStar,Miami,Atlanta,1145,22,0,5,6,Fog,Medium,1
AeroLine,Houston,Chicago,661,17,18,2,8,Cloudy,High,0
SkyJet,Miami,Atlanta,1531,19,22,3,8,Rain,Medium,1
AeroLine,Denver,Los Angeles,846,4,5,3,9,Cloudy,Low,0
AeroLine,Chicago,Seattle,1179,22,0,7,3,Clear,Medium,0
SunAir,Seattle,Atlanta,826,3,4,6,6,Cloudy,Low,0
PacificFly,Atlanta,Los Angeles,1614,20,23,3,1,Clear,Medium,0
BlueWing,Miami,Denver,150,0,1,1,11,Cloudy,Low,0
SunAir,Dallas,Los Angeles,1489,16,18,5,11,Clear,Medium,0
SkyJet,Los Angeles,Dallas,866,10,11,4,1,Clear,Low,0
AeroLine,Boston,Denver,1408,1,3,1,8,Rain,Low,1
BlueWing,Dallas,Los Angeles,790,21,22,5,3,Storm,Medium,1
NorthStar,Seattle,Denver,1746,23,2,5,3,Clear,Medium,0
AeroLine,Houston,Miami,1460,21,23,7,9,Clear,High,0
PacificFly,New York,Houston,1180,4,6,3,8,Rain,Low,0
NorthStar,Dallas,New York,1664,13,16,5,9,Storm,Medium,1
BlueWing,New York,Dallas,1687,8,11,3,6,Rain,Low,0
BlueWing,Denver,Miami,1217,23,1,3,1,Fog,High,1
BlueWing,Denver,Seattle,1008,17,19,7,11,Snow,High,1
SkyJet,Miami,Los Angeles,1417,16,18,6,9,Clear,Medium,1
NorthStar,Seattle,Atlanta,1698,10,13,2,12,Rain,Medium,0
SunAir,Dallas,Miami,820,6,7,7,10,Clear,High,1
NorthStar,Miami,Seattle,1063,3,5,7,10,Clear,Low,0
SunAir,Denver,New York,1832,13,16,3,4,Clear,Low,0
SunAir,Denver,Seattle,2563,19,0,2,12,Clear,Medium,1
BlueWing,Boston,Atlanta,1215,6,8,5,8,Storm,Low,1
SkyJet,Los Angeles,Houston,1282,7,9,4,11,Cloudy,Medium,0
SkyJet,Atlanta,Dallas,486,15,16,7,5,Clear,Low,0
NorthStar,Seattle,Chicago,1729,11,14,1,10,Rain,High,0
NorthStar,Houston,Seattle,2166,0,4,2,9,Storm,Medium,1
PacificFly,Denver,New York,1913,21,0,1,8,Clear,High,0
NorthStar,Atlanta,Chicago,1523,15,18,6,11,Clear,Low,0
BlueWing,Seattle,Denver,1589,12,15,7,12,Fog,Medium,0
BlueWing,Boston,Denver,1287,19,21,1,4,Clear,Low,0
BlueWing,Dallas,Seattle,1373,16,18,6,5,Clear,Medium,1
PacificFly,Dallas,Los Angeles,685,8,9,2,7,Snow,High,1
SkyJet,Houston,Miami,272,15,16,3,2,Cloudy,Medium,1
AeroLine,Dallas,Seattle,757,11,12,4,1,Clear,Medium,0
AeroLine,Atlanta,Dallas,1546,10,13,4,1,Clear,Low,0
PacificFly,New York,Miami,913,12,13,1,1,Storm,Medium,1
AeroLine,Houston,Atlanta,1972,23,2,2,8,Clear,Medium,0
NorthStar,Dallas,Denver,1615,10,13,6,9,Cloudy,Medium,0
SkyJet,Boston,Chicago,1495,8,10,4,6,Cloudy,Low,0
AeroLine,Miami,Houston,666,22,23,7,7,Storm,High,1
AeroLine,New York,Seattle,1837,7,10,4,1,Rain,Low,1
SunAir,Denver,Houston,1718,5,8,4,1,Snow,Medium,0
PacificFly,Miami,Seattle,684,15,16,5,9,Clear,Medium,0
AeroLine,Dallas,Los Angeles,1420,23,1,3,12,Clear,Low,0
PacificFly,Seattle,Chicago,914,9,10,6,5,Cloudy,Low,0
PacificFly,Seattle,Chicago,1119,8,10,3,12,Rain,Low,0
SunAir,Miami,Los Angeles,892,6,7,4,4,Rain,Medium,1
NorthStar,Houston,Chicago,2569,13,18,1,4,Clear,Medium,0
AeroLine,Atlanta,Houston,2261,11,15,3,3,Cloudy,Low,1
PacificFly,Seattle,New York,1190,12,14,6,10,Cloudy,Low,0
NorthStar,Miami,Houston,235,16,17,5,6,Rain,Medium,0
SkyJet,New York,Miami,1160,12,14,5,12,Fog,Low,1
PacificFly,Seattle,Houston,1513,20,23,2,9,Fog,Medium,1
BlueWing,Chicago,Dallas,970,12,13,6,12,Rain,Low,0
SkyJet,New York,Dallas,1553,7,10,1,4,Cloudy,Medium,1
BlueWing,Chicago,Los Angeles,1180,0,2,2,5,Clear,Medium,0
AeroLine,New York,Houston,1119,6,8,7,7,Cloudy,Low,0
AeroLine,Dallas,Miami,942,11,12,7,2,Rain,Low,1
SunAir,Atlanta,New York,1020,3,5,1,10,Clear,Low,0
BlueWing,Boston,Denver,1098,20,22,7,5,Rain,Medium,0
AeroLine,Dallas,Seattle,1318,17,19,5,5,Fog,Medium,1
SkyJet,Denver,Los Angeles,1524,11,14,6,5,Rain,Low,1
PacificFly,Boston,Denver,920,13,14,1,1,Clear,Medium,0
BlueWing,Miami,Denver,326,6,7,3,1,Clear,Medium,0
AeroLine,New York,Houston,652,0,1,5,4,Rain,Low,0
SkyJet,Los Angeles,Chicago,536,5,6,5,4,Clear,Low,1
PacificFly,Miami,Denver,1807,1,4,2,9,Clear,High,0
PacificFly,New York,Houston,1042,5,7,3,3,Rain,Low,0
BlueWing,Miami,Seattle,1128,6,8,1,1,Clear,High,0
BlueWing,New York,Houston,1884,7,10,2,1,Clear,Medium,0
SkyJet,Houston,Dallas,711,17,18,3,1,Cloudy,Medium,0
SunAir,New York,Chicago,1251,12,14,7,1,Cloudy,Low,0
NorthStar,Boston,Chicago,1755,5,8,6,7,Clear,Low,0
AeroLine,Los Angeles,New York,781,20,21,6,11,Rain,High,0
SkyJet,Boston,Seattle,2054,0,4,4,11,Cloudy,Low,0
SunAir,Los Angeles,Boston,1679,13,16,2,1,Fog,Medium,1
SunAir,Los Angeles,Miami,573,23,0,3,2,Clear,Low,0
BlueWing,Chicago,Los Angeles,1046,9,11,7,2,Rain,Low,0
BlueWing,Houston,Boston,1113,10,12,1,10,Cloudy,Low,0
SunAir,New York,Boston,963,6,7,2,7,Cloudy,Low,0
PacificFly,Chicago,New York,1549,2,5,1,3,Fog,Low,1
BlueWing,Atlanta,Chicago,774,21,22,1,10,Clear,Low,0
NorthStar,Los Angeles,New York,1319,17,19,6,7,Clear,High,1
PacificFly,Houston,Denver,1188,23,1,1,7,Rain,High,1
SunAir,Seattle,Houston,2074,15,19,3,10,Cloudy,Medium,1
SkyJet,Los Angeles,Dallas,1115,12,14,3,12,Fog,Low,1
AeroLine,Chicago,Miami,1713,10,13,6,11,Cloudy,High,0
BlueWing,Los Angeles,Miami,2191,10,14,7,12,Cloudy,High,0
NorthStar,Miami,Atlanta,2396,8,12,1,8,Storm,High,1
AeroLine,Atlanta,Seattle,1264,13,15,3,10,Snow,High,1
AeroLine,Atlanta,New York,1569,12,15,4,8,Rain,Medium,0
SkyJet,Houston,Chicago,1804,16,19,6,5,Clear,Low,0
SkyJet,Miami,Los Angeles,1279,13,15,2,7,Clear,Medium,0
PacificFly,Chicago,Houston,1859,7,10,6,10,Snow,Medium,0
SkyJet,Dallas,Houston,1581,3,6,3,2,Rain,Medium,0
NorthStar,Chicago,Boston,429,3,4,6,2,Cloudy,High,0
SkyJet,Los Angeles,Dallas,1316,6,8,6,4,Rain,Low,0
NorthStar,Chicago,Denver,671,12,13,6,6,Cloudy,Low,0
SkyJet,Denver,Chicago,843,18,19,2,12,Fog,Medium,1
AeroLine,Seattle,Miami,1111,11,13,3,7,Clear,Low,0
NorthStar,Miami,New York,1326,22,0,7,11,Clear,High,1
AeroLine,Miami,Seattle,1132,12,14,7,10,Clear,High,0
SunAir,Los Angeles,Atlanta,1230,21,23,5,12,Snow,Low,0
BlueWing,Houston,Denver,1556,12,15,6,9,Clear,Low,0
PacificFly,Los Angeles,Atlanta,1363,10,12,4,12,Fog,Low,0
SkyJet,Dallas,Miami,1635,13,16,6,5,Clear,High,0
AeroLine,New York,Atlanta,2120,17,21,6,10,Cloudy,Low,0
BlueWing,New York,Boston,944,21,22,2,12,Clear,Low,1
BlueWing,Seattle,Houston,1283,19,21,1,1,Clear,High,0
SunAir,Denver,Atlanta,1412,1,3,4,9,Cloudy,Medium,0
BlueWing,Chicago,New York,1509,13,16,6,11,Snow,Low,1
BlueWing,Atlanta,New York,1191,17,19,5,9,Clear,Medium,0
SkyJet,Houston,Seattle,1646,19,22,1,3,Clear,High,0
SunAir,Chicago,New York,1214,19,21,1,3,Clear,Low,0
NorthStar,Denver,Los Angeles,1572,16,19,4,6,Clear,Low,0
NorthStar,Miami,Los Angeles,1229,17,19,4,6,Clear,Low,1
BlueWing,Miami,Boston,1246,0,2,6,10,Clear,Medium,0
SkyJet,Seattle,Dallas,1446,12,14,1,5,Cloudy,Medium,0
BlueWing,Atlanta,Seattle,645,16,17,7,2,Cloudy,Low,0
NorthStar,Houston,Denver,486,1,2,4,11,Snow,Low,1
PacificFly,Miami,Boston,1491,1,3,5,7,Clear,High,1
NorthStar,Denver,Chicago,1573,20,23,1,11,Clear,Low,1
NorthStar,Los Angeles,Seattle,1332,12,14,5,12,Clear,Low,0
PacificFly,Seattle,Miami,787,10,11,5,2,Clear,Low,0
BlueWing,Chicago,Boston,1630,3,6,7,1,Fog,Medium,1
SunAir,Dallas,Los Angeles,1528,20,23,7,3,Rain,Low,0
SunAir,New York,Miami,1038,18,20,5,4,Storm,High,1
SunAir,Houston,New York,764,0,1,1,11,Cloudy,Medium,1
NorthStar,Dallas,Miami,1470,4,6,1,11,Clear,Medium,0
AeroLine,Seattle,New York,1416,22,0,6,11,Clear,Medium,0
BlueWing,Houston,Los Angeles,1214,23,1,2,3,Storm,Low,0
SkyJet,Denver,Boston,340,6,7,4,9,Storm,Low,1
NorthStar,Los Angeles,Houston,817,14,15,2,12,Rain,Low,0
SunAir,New York,Atlanta,1501,0,3,3,2,Rain,Low,0
NorthStar,New York,Dallas,1469,5,7,6,2,Storm,Low,0
NorthStar,Miami,New York,1734,2,5,2,8,Rain,Low,0
AeroLine,Miami,Atlanta,1036,20,22,4,9,Clear,Medium,1
AeroLine,Houston,Seattle,1396,22,0,3,3,Storm,Low,0
PacificFly,Chicago,Seattle,1042,8,10,6,11,Rain,Medium,0
PacificFly,Los Angeles,Seattle,1201,2,4,4,4,Cloudy,Medium,0
PacificFly,Boston,Denver,1130,3,5,3,1,Cloudy,Low,0
AeroLine,Miami,Atlanta,1540,13,16,7,7,Snow,Medium,0
NorthStar,Chicago,Seattle,1226,23,1,2,10,Clear,Low,0
SunAir,New York,Houston,890,2,3,5,11,Snow,High,1
SunAir,Boston,Dallas,972,21,22,6,4,Cloudy,Medium,0
BlueWing,Denver,New York,697,0,1,7,9,Clear,Medium,0
SunAir,Chicago,Miami,797,14,15,5,5,Cloudy,Low,0
BlueWing,Atlanta,Seattle,1308,21,23,1,11,Clear,Medium,0
SkyJet,Miami,Houston,1654,20,23,1,5,Clear,High,0
SunAir,Seattle,New York,1637,6,9,4,7,Snow,High,1
NorthStar,Miami,Los Angeles,1398,12,14,7,12,Rain,High,1
BlueWing,Boston,Seattle,640,9,10,2,12,Rain,Low,1
AeroLine,Dallas,Chicago,1929,19,22,1,12,Cloudy,Low,0
AeroLine,Denver,Boston,989,7,8,4,11,Clear,Low,1
AeroLine,Denver,Dallas,1699,15,18,2,8,Cloudy,Medium,0
AeroLine,Miami,Chicago,1207,22,0,4,10,Clear,Low,0
AeroLine,Atlanta,Seattle,1631,2,5,5,3,Cloudy,High,0
SkyJet,New York,Atlanta,468,5,6,1,4,Storm,Low,1
PacificFly,Los Angeles,Houston,1676,14,17,7,10,Rain,High,0
BlueWing,Boston,Miami,1327,5,7,5,1,Clear,Medium,1
NorthStar,Dallas,New York,1127,0,2,7,2,Cloudy,Medium,0
AeroLine,Los Angeles,Seattle,719,10,11,7,10,Rain,Low,0
PacificFly,Miami,Dallas,1305,4,6,4,11,Clear,Low,0
SunAir,New York,Dallas,605,20,21,4,1,Cloudy,High,0
SunAir,Los Angeles,Denver,1042,22,0,3,7,Cloudy,Medium,0
BlueWing,Houston,Dallas,1046,11,13,1,2,Clear,Low,0
PacificFly,New York,Los Angeles,856,23,0,4,3,Clear,Low,1
NorthStar,Denver,Seattle,1761,13,16,6,3,Rain,Low,0
NorthStar,Los Angeles,Dallas,1328,14,16,3,1,Snow,Medium,0
AeroLine,Seattle,Miami,1921,11,14,2,6,Clear,Medium,1
NorthStar,Seattle,Atlanta,1981,19,22,7,10,Clear,Low,0
PacificFly,Boston,New York,1341,13,15,2,1,Clear,High,1
SkyJet,Boston,Houston,587,21,22,5,4,Storm,Low,0
AeroLine,New York,Los Angeles,1009,13,15,3,9,Cloudy,Low,0
SkyJet,Atlanta,New York,1333,7,9,2,8,Cloudy,Medium,1
BlueWing,Boston,Dallas,1379,6,8,3,7,Rain,Medium,1
NorthStar,Seattle,Boston,999,5,6,1,10,Cloudy,Low,1
NorthStar,Boston,Denver,1470,5,7,1,9,Clear,Medium,0
NorthStar,Dallas,Boston,2082,3,7,3,10,Clear,Medium,0
PacificFly,Atlanta,Dallas,1390,15,17,7,6,Fog,Low,0
NorthStar,Los Angeles,Denver,567,17,18,1,9,Cloudy,Low,0
AeroLine,Dallas,Chicago,1897,14,17,5,12,Clear,Low,0
PacificFly,Atlanta,Los Angeles,1126,2,4,1,5,Cloudy,High,0
SunAir,Chicago,Denver,1082,3,5,6,11,Clear,Low,0
SkyJet,Denver,Los Angeles,916,18,19,1,12,Clear,Medium,0
BlueWing,Los Angeles,Dallas,1423,10,12,1,11,Rain,High,1
NorthStar,Seattle,Houston,208,16,17,3,9,Clear,High,0
NorthStar,Atlanta,Boston,770,7,8,5,7,Cloudy,Low,1
NorthStar,Los Angeles,Seattle,779,0,1,3,5,Cloudy,Medium,1
SkyJet,Dallas,New York,1278,6,8,6,11,Clear,Low,1
SkyJet,Denver,Chicago,380,1,2,5,4,Snow,Low,1
BlueWing,Chicago,New York,1134,14,16,4,8,Cloudy,Medium,1
AeroLine,Atlanta,Houston,1022,4,6,2,9,Snow,High,1
AeroLine,Denver,Dallas,893,8,9,1,5,Clear,Medium,0
SunAir,Seattle,Miami,1985,15,18,7,11,Rain,Low,0
NorthStar,Atlanta,Houston,819,16,17,3,2,Clear,Low,0
AeroLine,Seattle,Atlanta,594,0,1,1,2,Rain,High,1
PacificFly,Atlanta,Denver,1357,23,1,3,4,Snow,Low,0
BlueWing,Dallas,Houston,1001,8,10,3,5,Rain,High,1
BlueWing,Dallas,Denver,1762,20,23,2,10,Cloudy,Medium,0
AeroLine,New York,Miami,824,4,5,7,11,Rain,Medium,0
AeroLine,Boston,Los Angeles,858,20,21,2,6,Cloudy,Low,0
PacificFly,Boston,Los Angeles,1761,9,12,6,11,Clear,Medium,1
PacificFly,New York,Atlanta,1388,6,8,6,5,Clear,Low,0
SkyJet,Atlanta,Seattle,1545,20,23,7,6,Cloudy,Medium,1
NorthStar,Houston,Seattle,1102,3,5,6,8,Storm,Low,1
SunAir,Denver,Boston,1696,1,4,1,6,Clear,High,0
NorthStar,Seattle,Denver,803,9,10,4,9,Rain,Medium,1
SunAir,Los Angeles,Denver,1083,16,18,1,2,Clear,Low,0
AeroLine,New York,Chicago,614,1,2,2,5,Rain,High,0
NorthStar,New York,Los Angeles,1538,9,12,2,11,Cloudy,Medium,1
SkyJet,Chicago,Los Angeles,1106,13,15,3,10,Rain,Low,1
BlueWing,Miami,Boston,1153,4,6,1,10,Snow,Low,0
AeroLine,Atlanta,Dallas,2275,22,2,3,5,Clear,Low,0
BlueWing,Los Angeles,Boston,1642,18,21,6,3,Storm,Low,1
BlueWing,Seattle,Atlanta,1016,0,2,7,4,Clear,Medium,0
SkyJet,Boston,Chicago,731,22,23,6,6,Snow,Low,1
SkyJet,Boston,Denver,1137,18,20,5,12,Clear,Medium,0
BlueWing,Houston,Miami,604,3,4,2,3,Storm,Low,0
SkyJet,Denver,Dallas,1082,7,9,6,6,Storm,Medium,0
AeroLine,Chicago,Miami,601,22,23,2,10,Rain,High,0
SkyJet,Atlanta,Los Angeles,1454,8,10,5,7,Rain,High,1
NorthStar,Miami,Denver,1439,20,22,6,12,Clear,Low,0
SkyJet,Chicago,Seattle,1128,6,8,5,9,Storm,Low,1
PacificFly,Boston,Chicago,150,10,11,7,2,Rain,Low,0
AeroLine,Los Angeles,Miami,1782,20,23,2,3,Cloudy,Low,1
PacificFly,Dallas,Seattle,1328,0,2,3,11,Clear,Low,0
PacificFly,Seattle,Boston,1144,6,8,1,1,Clear,Low,1
BlueWing,Dallas,Atlanta,1877,16,19,1,10,Snow,Medium,1
NorthStar,Boston,Miami,1384,3,5,2,8,Clear,Low,1
SunAir,Seattle,Atlanta,989,21,22,4,2,Rain,Low,0
PacificFly,Atlanta,Chicago,1897,20,23,6,4,Clear,Medium,1
NorthStar,Seattle,Dallas,1351,2,4,4,10,Storm,Low,0
PacificFly,Denver,Seattle,1294,15,17,5,8,Clear,Medium,1
PacificFly,Los Angeles,Houston,1049,23,1,4,1,Fog,Low,1
BlueWing,Boston,Denver,1144,16,18,7,11,Snow,Low,0
NorthStar,Seattle,Dallas,1279,3,5,1,6,Clear,Low,0
SkyJet,Seattle,Houston,1011,18,20,6,2,Cloudy,Low,0
BlueWing,Houston,New York,1107,16,18,3,1,Rain,Low,0
SunAir,Miami,Seattle,1585,4,7,6,9,Fog,Medium,1
SunAir,Dallas,New York,836,1,2,1,9,Clear,High,1
AeroLine,Seattle,New York,1125,15,17,6,1,Snow,Low,1
SkyJet,New York,Denver,1539,13,16,2,8,Fog,Medium,0
SkyJet,Chicago,Los Angeles,1670,16,19,2,3,Rain,Low,0
SkyJet,Los Angeles,Chicago,158,16,17,1,11,Cloudy,High,1
AeroLine,Los Angeles,New York,150,5,6,4,6,Clear,High,1
SkyJet,Houston,Chicago,1749,14,17,5,1,Fog,Low,0
BlueWing,Boston,New York,863,5,6,3,3,Clear,Medium,0
AeroLine,Atlanta,Miami,860,12,13,1,10,Clear,Medium,0
NorthStar,New York,Denver,1297,19,21,2,10,Clear,Medium,1
AeroLine,Denver,Dallas,161,1,2,3,4,Clear,High,0
NorthStar,Miami,Denver,1086,6,8,1,10,Rain,Low,0
PacificFly,Dallas,Houston,661,5,6,3,1,Clear,Medium,0
BlueWing,Denver,New York,1112,13,15,3,8,Fog,Medium,0
SkyJet,Chicago,Denver,990,18,19,6,3,Clear,Medium,0
BlueWing,Seattle,Los Angeles,1344,14,16,2,6,Rain,Low,0
SunAir,Denver,Atlanta,796,5,6,1,1,Clear,Medium,0
AeroLine,New York,Boston,662,20,21,4,3,Clear,High,0
PacificFly,Dallas,Boston,1710,13,16,6,9,Clear,Low,0
NorthStar,Atlanta,Seattle,2107,11,15,4,8,Cloudy,Medium,1
SkyJet,Boston,Seattle,1383,22,0,6,10,Rain,Medium,0
AeroLine,Denver,Los Angeles,789,20,21,6,8,Cloudy,Low,1
BlueWing,Dallas,Boston,1122,16,18,3,4,Cloudy,High,1
SunAir,Seattle,Chicago,743,18,19,4,9,Cloudy,Low,0
SunAir,Miami,Houston,1382,2,4,5,11,Clear,Medium,1
SkyJet,Seattle,Houston,1486,3,5,1,6,Clear,Low,0
SkyJet,Miami,Chicago,1784,0,3,2,1,Cloudy,High,1
SkyJet,Los Angeles,Chicago,1210,10,12,7,1,Clear,Low,0
SunAir,Denver,Houston,1940,4,7,4,2,Snow,Low,1
AeroLine,Boston,Atlanta,1147,15,17,6,12,Cloudy,Medium,1
SkyJet,New York,Atlanta,1053,2,4,3,12,Fog,Low,0
AeroLine,New York,Miami,1505,4,7,2,9,Clear,Low,0
BlueWing,Atlanta,Dallas,1270,17,19,3,5,Clear,Medium,0
NorthStar,New York,Chicago,245,1,2,1,5,Snow,Low,1
BlueWing,Atlanta,Denver,799,22,23,3,1,Storm,Medium,1
PacificFly,Chicago,Los Angeles,1045,5,7,1,2,Cloudy,Low,0
PacificFly,Chicago,Seattle,1155,16,18,3,2,Storm,Medium,1
SkyJet,Los Angeles,Atlanta,842,5,6,1,12,Clear,Medium,1
NorthStar,Denver,Miami,1257,8,10,6,11,Rain,Medium,1
SunAir,New York,Miami,1102,2,4,6,11,Cloudy,Medium,0
SunAir,Boston,Seattle,223,19,20,3,10,Clear,Low,0
AeroLine,Los Angeles,Seattle,2026,14,18,4,12,Cloudy,Low,0
SunAir,New York,Miami,881,6,7,7,4,Clear,Low,0
BlueWing,Los Angeles,Boston,1197,17,19,3,2,Clear,Low,0
SunAir,Seattle,Dallas,349,14,15,5,5,Clear,Low,0
SkyJet,Houston,Atlanta,1047,2,4,7,11,Clear,Low,0
PacificFly,Chicago,Seattle,606,22,23,2,11,Clear,Low,0
NorthStar,Miami,Boston,1469,12,14,3,3,Cloudy,Low,0
PacificFly,New York,Denver,797,9,10,3,8,Clear,Medium,0
PacificFly,Seattle,Atlanta,202,17,18,6,10,Clear,High,1
PacificFly,Denver,Dallas,1469,0,2,2,7,Storm,Medium,1
BlueWing,Seattle,Miami,150,10,11,4,9,Clear,Medium,0
SunAir,Houston,Chicago,524,16,17,1,5,Clear,Low,0
AeroLine,Los Angeles,Atlanta,547,2,3,5,11,Cloudy,Medium,0
AeroLine,Atlanta,Denver,1064,4,6,5,2,Rain,High,0
BlueWing,Boston,New York,1954,4,7,5,2,Fog,Low,1
NorthStar,Houston,Dallas,1259,1,3,5,1,Clear,High,1
SkyJet,Atlanta,Houston,739,14,15,6,11,Clear,High,0
AeroLine,Denver,Miami,1358,5,7,2,11,Storm,Medium,1
NorthStar,Denver,Houston,1795,23,2,2,7,Snow,High,0
NorthStar,Houston,Dallas,1025,7,9,7,6,Clear,Medium,0
NorthStar,Denver,Seattle,1482,6,8,2,1,Clear,Low,0
NorthStar,Atlanta,Miami,1287,7,9,6,10,Clear,Medium,1
AeroLine,Houston,Miami,1966,17,20,7,4,Cloudy,Medium,1
PacificFly,Boston,Miami,1407,21,23,7,8,Storm,High,1
BlueWing,Atlanta,Dallas,1231,8,10,1,11,Cloudy,Medium,0
NorthStar,Dallas,Chicago,1147,9,11,5,8,Cloudy,Medium,0
PacificFly,Dallas,Miami,530,3,4,5,12,Cloudy,Low,0
PacificFly,New York,Atlanta,1138,22,0,3,1,Rain,Low,1
AeroLine,Chicago,Denver,1413,21,23,4,5,Clear,High,0
BlueWing,Dallas,Atlanta,1527,6,9,7,5,Cloudy,Medium,1
BlueWing,Boston,New York,1010,19,21,4,12,Cloudy,High,1
SkyJet,Miami,Los Angeles,304,21,22,2,7,Snow,Medium,1
SkyJet,Houston,New York,855,9,10,6,9,Clear,Low,0
NorthStar,Houston,Denver,2009,9,13,7,4,Fog,Low,1
SunAir,New York,Denver,365,22,23,7,11,Storm,Medium,1
BlueWing,Dallas,Denver,1672,9,12,2,4,Cloudy,Medium,0
BlueWing,Seattle,Los Angeles,791,8,9,2,3,Cloudy,Medium,0
BlueWing,Seattle,Houston,1113,5,7,3,8,Rain,Low,0
NorthStar,Houston,Denver,2095,16,20,2,10,Cloudy,High,1
AeroLine,Los Angeles,Houston,1456,18,20,3,5,Cloudy,High,1
NorthStar,Miami,Boston,1094,6,8,6,2,Fog,Low,1
AeroLine,Denver,Chicago,2414,18,22,2,3,Storm,Medium,0
BlueWing,Atlanta,Houston,1074,19,21,4,9,Storm,Low,1
SunAir,Dallas,Seattle,1318,12,14,2,12,Clear,Low,1
BlueWing,Boston,Denver,1339,8,10,3,6,Snow,Low,1
AeroLine,Chicago,Seattle,784,10,11,4,3,Storm,Medium,1
PacificFly,Dallas,Chicago,2098,11,15,1,2,Clear,Low,0
SkyJet,Dallas,Chicago,546,17,18,4,8,Cloudy,Medium,0
SunAir,Houston,Atlanta,452,5,6,4,6,Clear,Medium,0
SunAir,Chicago,New York,630,4,5,5,6,Clear,Medium,0
NorthStar,New York,Seattle,276,14,15,1,7,Clear,Low,0
SunAir,Houston,New York,1086,8,10,5,2,Clear,High,0
SunAir,Houston,Denver,1236,19,21,5,2,Cloudy,Medium,1
SkyJet,Seattle,Chicago,1696,19,22,7,11,Clear,Medium,1
NorthStar,New York,Houston,1920,17,20,2,3,Rain,High,1
AeroLine,Houston,Seattle,1547,15,18,5,2,Cloudy,Low,0
SunAir,Dallas,Atlanta,1591,8,11,6,6,Fog,High,1
NorthStar,Los Angeles,New York,1128,8,10,4,3,Clear,Low,1
SunAir,Dallas,New York,150,20,21,6,5,Clear,Medium,0
AeroLine,Denver,Houston,1778,18,21,4,2,Snow,Low,1
NorthStar,New York,Chicago,920,15,16,6,10,Cloudy,Medium,1
BlueWing,Boston,Houston,1091,15,17,4,8,Clear,High,0
AeroLine,Dallas,Miami,1594,17,20,2,4,Fog,Low,0
NorthStar,Chicago,Seattle,150,23,0,5,5,Clear,Low,0
AeroLine,Miami,Denver,1406,9,11,7,10,Clear,High,0
SunAir,Miami,Boston,1388,9,11,7,12,Cloudy,High,0
NorthStar,Denver,Dallas,1110,6,8,6,10,Fog,Low,0
SkyJet,Boston,Chicago,1325,0,2,7,10,Clear,Low,0
SunAir,Los Angeles,Seattle,479,19,20,1,4,Clear,Low,0
PacificFly,Denver,Atlanta,2040,20,0,4,6,Snow,High,1
BlueWing,Boston,Miami,1760,8,11,1,12,Storm,High,1
PacificFly,Seattle,Dallas,1542,11,14,1,4,Clear,Medium,0
BlueWing,Chicago,New York,505,19,20,4,5,Fog,High,1
NorthStar,New York,Houston,1865,20,23,4,4,Clear,Low,0
BlueWing,Los Angeles,Denver,1064,16,18,7,10,Clear,Low,0
BlueWing,Boston,Los Angeles,745,2,3,4,6,Rain,Medium,1
PacificFly,Boston,Los Angeles,886,1,2,3,4,Clear,Low,0
SkyJet,Houston,New York,1500,15,18,7,8,Clear,Low,0
AeroLine,New York,Atlanta,1902,21,0,1,12,Rain,Low,0
NorthStar,Los Angeles,Chicago,1672,15,18,4,8,Fog,Medium,1
SkyJet,Atlanta,Seattle,938,2,3,4,10,Clear,High,0
BlueWing,Boston,Miami,1123,3,5,2,1,Clear,Medium,0
NorthStar,New York,Chicago,478,11,12,5,9,Clear,Medium,0
SkyJet,Los Angeles,New York,308,21,22,2,12,Snow,High,1
AeroLine,Boston,Los Angeles,1560,19,22,1,11,Fog,Medium,1
SunAir,Houston,Seattle,1590,1,4,2,12,Clear,Medium,1
SkyJet,Dallas,Denver,1012,10,12,7,10,Rain,High,1
NorthStar,New York,Atlanta,967,10,11,1,7,Clear,Medium,0
NorthStar,Boston,Houston,150,4,5,1,12,Cloudy,High,0
SunAir,Miami,Houston,615,6,7,4,10,Clear,Low,1
BlueWing,Seattle,Atlanta,1147,22,0,4,1,Cloudy,Low,0
SunAir,Seattle,Dallas,1465,12,14,5,12,Clear,Low,0
PacificFly,Houston,Los Angeles,481,16,17,2,6,Snow,Low,0
SunAir,Dallas,Los Angeles,1365,5,7,6,10,Rain,Low,0
SunAir,Miami,Boston,1020,12,14,7,12,Clear,Medium,0
SunAir,Miami,Chicago,971,18,19,7,6,Fog,Medium,1
SunAir,Houston,Atlanta,413,9,10,1,2,Clear,Low,0
SkyJet,Denver,Los Angeles,816,14,15,2,10,Fog,High,0
AeroLine,Chicago,New York,1976,9,12,1,5,Clear,Low,0
BlueWing,Atlanta,Dallas,837,17,18,6,7,Rain,Medium,0
PacificFly,Dallas,Houston,993,14,15,3,9,Cloudy,Low,0
NorthStar,New York,Seattle,986,10,11,2,9,Clear,Low,0
PacificFly,Dallas,Boston,2123,17,21,6,2,Cloudy,Medium,0
SunAir,Miami,Denver,548,10,11,1,8,Cloudy,Low,0
BlueWing,Dallas,Houston,810,0,1,5,12,Clear,Medium,0
PacificFly,Miami,Boston,990,18,19,5,3,Fog,Low,0
SkyJet,Chicago,Denver,433,21,22,5,12,Fog,High,1
AeroLine,New York,Seattle,1360,20,22,3,7,Storm,Low,0
BlueWing,Miami,Los Angeles,1580,18,21,7,10,Clear,Low,0
NorthStar,Miami,Chicago,227,3,4,1,12,Clear,Medium,1
SunAir,Dallas,Chicago,1120,6,8,2,8,Rain,Medium,1
NorthStar,Boston,Seattle,466,15,16,7,2,Clear,Medium,0
NorthStar,Chicago,Houston,1332,12,14,1,3,Fog,Medium,1
SunAir,Seattle,Chicago,556,22,23,7,4,Rain,Low,1
PacificFly,Miami,New York,1569,19,22,5,4,Clear,Low,1
SunAir,Miami,Boston,150,5,6,7,1,Storm,Low,1
SunAir,Atlanta,Denver,2434,13,17,4,4,Clear,Low,0
BlueWing,Atlanta,Dallas,1315,3,5,6,9,Fog,Medium,0
AeroLine,New York,Chicago,1275,18,20,1,6,Clear,Medium,1
BlueWing,Seattle,Los Angeles,1276,11,13,2,1,Rain,High,1
BlueWing,Atlanta,Miami,1011,10,12,4,4,Cloudy,Low,0
AeroLine,Denver,Atlanta,1398,0,2,4,9,Clear,Low,0
NorthStar,Dallas,Los Angeles,677,1,2,6,11,Rain,Medium,0
SkyJet,Los Angeles,Seattle,1146,15,17,7,11,Clear,Medium,0
SkyJet,Boston,Houston,970,16,17,4,10,Clear,Low,0
BlueWing,Boston,Chicago,1949,22,1,3,4,Fog,Low,0
AeroLine,Boston,Miami,837,12,13,2,9,Rain,Low,1
SunAir,Chicago,Denver,933,0,1,4,4,Cloudy,High,0
BlueWing,Miami,Seattle,1247,8,10,1,9,Clear,Low,0
NorthStar,Houston,Los Angeles,1809,10,13,4,4,Cloudy,Low,0
PacificFly,Houston,Denver,771,22,23,6,6,Fog,Low,1
SunAir,Boston,Atlanta,1247,0,2,6,11,Clear,Low,0
PacificFly,Miami,Denver,1364,20,22,1,1,Cloudy,Medium,1
AeroLine,Chicago,New York,1075,18,20,1,11,Rain,Medium,0
PacificFly,New York,Seattle,728,11,12,5,12,Clear,High,1
SunAir,New York,Denver,1888,5,8,4,10,Cloudy,Medium,0
NorthStar,Los Angeles,New York,1155,20,22,1,7,Storm,Low,1
BlueWing,Denver,Seattle,921,8,9,6,11,Fog,High,1
NorthStar,Dallas,Boston,811,10,11,6,11,Clear,Medium,0
NorthStar,Houston,New York,665,19,20,6,11,Cloudy,Low,1
SkyJet,Dallas,New York,2185,10,14,4,11,Clear,Low,0
AeroLine,Boston,Chicago,2033,19,23,1,8,Clear,High,1
AeroLine,Houston,New York,2110,15,19,5,7,Cloudy,Medium,0
SkyJet,Atlanta,Seattle,770,15,16,5,11,Rain,Low,0
SkyJet,Denver,Chicago,1162,10,12,3,5,Fog,Medium,1
AeroLine,Chicago,Atlanta,150,0,1,3,1,Cloudy,High,0
SunAir,New York,Dallas,777,0,1,3,12,Rain,Medium,1
SunAir,Los Angeles,Seattle,1895,3,6,6,9,Clear,High,0
NorthStar,Los Angeles,Atlanta,772,19,20,5,11,Storm,Low,1
AeroLine,Chicago,Dallas,1542,15,18,5,12,Fog,Medium,0
BlueWing,Seattle,Chicago,1314,2,4,3,7,Clear,Medium,0
NorthStar,Seattle,Atlanta,468,19,20,5,12,Clear,Medium,0
BlueWing,Dallas,Houston,1083,1,3,1,9,Snow,Medium,0
SunAir,Los Angeles,Atlanta,793,5,6,4,11,Clear,Low,0
NorthStar,Chicago,Denver,763,0,1,5,2,Cloudy,Medium,0
BlueWing,Miami,Boston,1021,18,20,6,10,Storm,Medium,1
SkyJet,Miami,Seattle,1776,4,7,5,4,Cloudy,Low,0
BlueWing,Denver,Atlanta,1039,6,8,7,5,Clear,Low,0
SunAir,Miami,Houston,974,16,17,6,2,Cloudy,Medium,0
SunAir,Miami,Dallas,1336,5,7,4,3,Fog,High,1
SkyJet,Los Angeles,New York,1128,4,6,3,11,Clear,Low,0
SkyJet,Dallas,Houston,876,10,11,5,12,Clear,Medium,1
AeroLine,Miami,Houston,1499,5,7,2,10,Clear,Low,0
NorthStar,Houston,New York,1046,8,10,6,5,Rain,Low,1
SkyJet,Chicago,New York,1694,8,11,7,10,Clear,High,1
BlueWing,Boston,New York,1005,15,17,2,10,Snow,Medium,1
SunAir,Miami,Dallas,1085,6,8,6,2,Clear,Low,0
SunAir,Los Angeles,Seattle,1614,23,2,5,5,Fog,Medium,1
PacificFly,New York,Houston,1893,22,1,2,11,Rain,Medium,1
SunAir,Chicago,Denver,1238,15,17,1,6,Clear,Low,0
SkyJet,Dallas,Los Angeles,1130,7,9,1,4,Rain,Medium,1
SunAir,Los Angeles,Miami,1298,21,23,6,3,Cloudy,Low,0
AeroLine,Miami,Dallas,938,7,8,1,10,Clear,Low,0
SunAir,Dallas,Los Angeles,1661,8,11,4,4,Clear,Low,0
NorthStar,Houston,Denver,1049,22,0,3,10,Fog,High,1
NorthStar,Houston,Seattle,1016,10,12,2,11,Clear,Medium,0
PacificFly,Boston,Los Angeles,1599,16,19,4,7,Clear,Low,0
NorthStar,Seattle,Miami,1685,19,22,7,4,Clear,High,1
NorthStar,Atlanta,Boston,1816,16,19,6,6,Clear,Low,0
PacificFly,Miami,New York,335,10,11,6,7,Clear,Medium,0
PacificFly,Los Angeles,Miami,2036,15,19,7,11,Clear,Low,0
NorthStar,Houston,Miami,1057,7,9,5,5,Storm,Medium,1
BlueWing,Houston,Dallas,831,18,19,6,11,Clear,Low,0
BlueWing,New York,Los Angeles,1179,22,0,5,3,Cloudy,Medium,0
PacificFly,Atlanta,Chicago,582,14,15,1,11,Rain,Low,0
BlueWing,Denver,Atlanta,413,0,1,5,5,Snow,Medium,1
SunAir,Los Angeles,New York,1309,12,14,5,4,Cloudy,Low,0
BlueWing,Denver,Miami,768,21,22,7,10,Clear,Low,0
SkyJet,Miami,Seattle,1755,20,23,1,3,Clear,Medium,0
PacificFly,New York,Houston,958,3,4,1,10,Fog,Medium,1
NorthStar,Denver,Boston,1402,18,20,5,2,Rain,Medium,0
PacificFly,New York,Los Angeles,1232,2,4,7,7,Clear,Low,0
PacificFly,Boston,Dallas,1011,1,3,5,7,Fog,Low,1
NorthStar,Boston,New York,1180,19,21,1,9,Storm,Medium,1
SunAir,Houston,Seattle,798,9,10,6,4,Cloudy,Low,0
NorthStar,Denver,Houston,1586,16,19,3,8,Clear,Low,0
NorthStar,Los Angeles,Miami,1100,4,6,5,5,Clear,High,0
AeroLine,Dallas,Houston,1116,8,10,1,2,Clear,Medium,0
SkyJet,Denver,Boston,405,16,17,2,5,Clear,Medium,1
SunAir,Boston,Dallas,1196,13,15,2,6,Rain,Low,0
SunAir,Miami,Seattle,520,16,17,1,7,Fog,Medium,1
SunAir,Seattle,Los Angeles,2025,12,16,6,11,Clear,Medium,0
AeroLine,Los Angeles,Denver,761,17,18,2,8,Cloudy,Medium,0
SkyJet,Miami,Dallas,2236,22,2,1,11,Clear,Low,0
NorthStar,Boston,Seattle,379,6,7,5,4,Rain,Low,0
SunAir,Houston,Boston,1181,12,14,5,11,Cloudy,Medium,0
NorthStar,Denver,Miami,1293,16,18,4,5,Cloudy,Medium,0
PacificFly,Denver,Boston,1141,5,7,3,10,Clear,Medium,0
SunAir,New York,Chicago,1771,4,7,5,12,Clear,High,0
SunAir,Miami,Boston,618,15,16,7,6,Cloudy,Low,0
PacificFly,Seattle,Atlanta,503,8,9,2,12,Clear,Low,0
PacificFly,Atlanta,Chicago,879,0,1,6,7,Cloudy,Medium,0
SunAir,Houston,Chicago,2096,15,19,6,9,Clear,Medium,0
BlueWing,Dallas,Boston,698,5,6,2,1,Cloudy,Medium,1
NorthStar,Atlanta,Chicago,690,5,6,7,5,Clear,Low,0
SunAir,Chicago,Denver,1177,12,14,7,6,Cloudy,Low,0
AeroLine,Miami,Chicago,719,4,5,6,2,Snow,Medium,0
PacificFly,Houston,Dallas,844,10,11,4,8,Storm,High,1
PacificFly,Seattle,Houston,883,16,17,1,10,Clear,Medium,1
SunAir,Los Angeles,Seattle,1285,11,13,7,3,Fog,Low,1
BlueWing,Seattle,Denver,1154,20,22,1,11,Clear,High,1
BlueWing,Seattle,Boston,2219,6,10,4,12,Rain,Low,1
AeroLine,Boston,Houston,1110,1,3,7,8,Snow,Medium,0
AeroLine,Boston,Houston,908,8,9,3,3,Cloudy,Low,0
SkyJet,Los Angeles,Miami,1146,8,10,4,8,Rain,Low,0
PacificFly,Boston,Seattle,1841,12,15,5,4,Clear,High,1
NorthStar,New York,Dallas,482,0,1,1,5,Cloudy,Medium,0
SkyJet,Dallas,Seattle,1064,22,0,4,2,Clear,Medium,1
NorthStar,Denver,New York,1080,3,5,2,4,Rain,High,1
AeroLine,New York,Seattle,506,7,8,4,12,Fog,Medium,1
AeroLine,Miami,Dallas,1132,5,7,2,1,Cloudy,Medium,0
BlueWing,Denver,Miami,733,17,18,2,7,Clear,Low,1
SunAir,Boston,Los Angeles,1588,7,10,3,12,Rain,High,1
NorthStar,New York,Boston,1784,11,14,4,9,Fog,Low,0
PacificFly,Seattle,Atlanta,150,2,3,3,11,Rain,Medium,0
PacificFly,Miami,Chicago,1396,10,12,1,2,Clear,High,0
AeroLine,Dallas,Atlanta,1083,16,18,5,12,Clear,Medium,1
PacificFly,Houston,Chicago,961,9,10,2,3,Clear,Low,0
NorthStar,Los Angeles,Miami,1070,16,18,6,3,Storm,Medium,1
AeroLine,New York,Dallas,383,9,10,1,7,Clear,High,0
BlueWing,Denver,Atlanta,1335,7,9,3,11,Rain,High,0
AeroLine,Dallas,Seattle,1331,8,10,6,10,Fog,Low,1
NorthStar,Miami,Dallas,1284,19,21,4,4,Cloudy,Medium,1
NorthStar,New York,Chicago,1940,6,9,3,3,Storm,Low,1
BlueWing,Dallas,Houston,427,3,4,3,1,Clear,Low,1
NorthStar,Boston,Los Angeles,1264,4,6,3,4,Snow,Medium,1
PacificFly,Seattle,Atlanta,2134,0,4,7,3,Clear,Medium,1
PacificFly,Houston,Boston,1240,0,2,5,4,Snow,Low,0
SunAir,Atlanta,Denver,205,16,17,2,11,Clear,Medium,1
SkyJet,Dallas,Seattle,1541,1,4,5,9,Storm,Medium,1
NorthStar,Seattle,Denver,1295,11,13,6,9,Clear,Low,0
SkyJet,Houston,Atlanta,1818,22,1,3,6,Rain,High,1
SunAir,Boston,New York,1399,9,11,2,6,Rain,Low,0
SunAir,New York,Miami,872,9,10,4,8,Clear,Medium,0
PacificFly,Los Angeles,Miami,645,6,7,7,6,Cloudy,Low,0
NorthStar,Seattle,Los Angeles,552,9,10,7,12,Rain,Medium,0
PacificFly,Dallas,Los Angeles,1012,23,1,3,8,Storm,Medium,1
SunAir,New York,Chicago,1762,14,17,7,3,Rain,Low,0
SunAir,Houston,Los Angeles,1188,17,19,7,8,Clear,Medium,1
BlueWing,Los Angeles,Houston,1833,3,6,5,12,Clear,Low,0
PacificFly,Denver,Chicago,668,18,19,1,3,Rain,Medium,0
SkyJet,Seattle,Chicago,911,17,18,4,8,Clear,Medium,0
PacificFly,Seattle,Denver,1749,6,9,6,1,Clear,Low,0
SkyJet,Houston,Chicago,1658,2,5,2,5,Fog,Low,0
PacificFly,Boston,Los Angeles,1190,14,16,1,12,Clear,Low,0
SkyJet,Denver,Atlanta,182,20,21,1,6,Snow,Medium,0
PacificFly,Denver,Miami,1486,3,5,7,2,Clear,Medium,0
AeroLine,Seattle,Houston,1069,6,8,3,3,Clear,Low,0
BlueWing,Boston,Atlanta,1109,3,5,5,12,Snow,Low,0
NorthStar,Boston,Los Angeles,364,23,0,3,12,Clear,Medium,0
AeroLine,Houston,Denver,668,10,11,2,12,Fog,High,1
SkyJet,Seattle,Houston,1309,9,11,4,10,Clear,Medium,0
SkyJet,Seattle,Atlanta,1806,23,2,7,8,Fog,Low,1
PacificFly,Dallas,Houston,1318,20,22,6,11,Clear,High,1
SunAir,Dallas,Atlanta,946,13,14,1,9,Rain,Low,0
SunAir,Boston,Denver,1880,22,1,4,4,Rain,Low,0
BlueWing,Miami,Denver,1539,16,19,6,6,Rain,Low,0
SunAir,New York,Miami,582,23,0,5,4,Clear,Medium,0
SunAir,Chicago,Houston,1234,22,0,7,2,Clear,Low,0
SunAir,Chicago,Atlanta,1351,5,7,6,4,Cloudy,Low,0
AeroLine,Seattle,Chicago,1787,0,3,7,3,Clear,Medium,0
PacificFly,Chicago,Los Angeles,1661,20,23,1,11,Snow,Low,1
SkyJet,Chicago,Miami,1834,15,18,4,3,Clear,Low,0
PacificFly,Los Angeles,Dallas,1668,17,20,2,11,Clear,Medium,1
NorthStar,New York,Dallas,818,6,7,1,4,Clear,High,1
AeroLine,New York,Los Angeles,707,22,23,5,7,Rain,Medium,1
AeroLine,Miami,Seattle,1405,18,20,2,7,Clear,High,0
SunAir,Denver,Miami,659,7,8,2,6,Storm,Medium,1
PacificFly,Houston,Miami,474,11,12,4,11,Clear,Low,0
NorthStar,Seattle,Chicago,726,0,1,7,11,Clear,Medium,1
SkyJet,Dallas,Houston,1712,19,22,1,1,Clear,Low,0
AeroLine,Miami,Houston,1473,17,19,5,7,Fog,Low,0
SunAir,Chicago,Miami,844,21,22,7,12,Storm,Low,1
BlueWing,Denver,Los Angeles,1246,21,23,1,2,Rain,Medium,1
AeroLine,Miami,Dallas,1436,13,15,4,10,Fog,High,1
AeroLine,Miami,Los Angeles,1140,11,13,7,3,Storm,Low,0
NorthStar,Boston,Atlanta,1197,22,0,6,1,Clear,Medium,0
SunAir,Miami,Dallas,1733,20,23,4,3,Cloudy,Low,0
SunAir,Seattle,Houston,1211,0,2,3,5,Storm,Low,1
SunAir,Chicago,Denver,1218,23,1,5,12,Cloudy,Low,1
SkyJet,Dallas,Atlanta,884,12,13,4,6,Clear,Low,0
SkyJet,Chicago,Los Angeles,1885,18,21,2,4,Cloudy,Low,0
AeroLine,Atlanta,Miami,1253,11,13,5,10,Cloudy,Low,0
NorthStar,Dallas,Denver,898,3,4,1,3,Clear,Medium,1
NorthStar,Boston,Denver,1908,16,19,4,11,Cloudy,Low,0
NorthStar,New York,Atlanta,1351,15,17,4,1,Rain,Low,0
BlueWing,Seattle,Atlanta,1579,18,21,6,10,Storm,Medium,0
AeroLine,Los Angeles,Dallas,575,4,5,7,2,Storm,Low,0
PacificFly,Miami,Atlanta,1327,3,5,5,4,Fog,Medium,1
PacificFly,Atlanta,New York,1347,6,8,3,10,Rain,Low,0
SkyJet,Boston,Los Angeles,801,7,8,7,1,Clear,Low,0
AeroLine,Seattle,New York,1289,4,6,4,9,Cloudy,Medium,0
SkyJet,Chicago,Boston,849,11,12,4,10,Rain,Medium,1
NorthStar,New York,Houston,951,9,10,6,4,Cloudy,Low,0
SunAir,Los Angeles,New York,984,14,15,4,6,Cloudy,Low,1
SunAir,New York,Miami,1198,20,22,1,5,Clear,Low,0
AeroLine,Atlanta,Dallas,161,6,7,6,5,Clear,Low,0
BlueWing,New York,Boston,1062,8,10,2,8,Fog,Medium,0
SunAir,Houston,Los Angeles,983,12,13,6,12,Fog,Low,1
NorthStar,Dallas,Boston,1354,20,22,7,2,Clear,Low,0
BlueWing,Houston,Dallas,672,17,18,5,6,Fog,Low,0
PacificFly,Miami,Boston,858,4,5,2,4,Rain,Medium,1
SkyJet,Boston,Dallas,1051,16,18,1,1,Rain,Low,0
BlueWing,Seattle,Los Angeles,2242,11,15,5,9,Clear,Low,0
NorthStar,Chicago,Denver,1311,5,7,6,5,Clear,High,0
NorthStar,Seattle,Miami,323,5,6,1,5,Clear,Medium,1
PacificFly,Dallas,Atlanta,859,20,21,7,9,Snow,Medium,1
NorthStar,Boston,Denver,1726,15,18,3,3,Storm,Low,1
SunAir,Denver,Chicago,948,4,5,2,1,Clear,Low,0
SunAir,Dallas,Denver,1522,9,12,6,9,Clear,High,0
PacificFly,Denver,Chicago,1410,5,7,5,5,Clear,Medium,0
SunAir,Chicago,Seattle,1158,5,7,7,7,Cloudy,Low,0
AeroLine,New York,Chicago,1593,15,18,6,11,Cloudy,Low,0
SunAir,New York,Miami,535,1,2,7,1,Snow,Low,0
PacificFly,Seattle,Chicago,1214,4,6,6,6,Fog,High,1
SkyJet,Los Angeles,Seattle,1713,21,0,1,7,Clear,Medium,0
PacificFly,Los Angeles,New York,1038,13,15,1,7,Fog,Medium,1
AeroLine,Los Angeles,Seattle,150,3,4,3,11,Snow,Medium,1
SkyJet,Boston,Dallas,1473,15,17,4,3,Fog,Low,0
PacificFly,Miami,Denver,1708,9,12,3,1,Clear,Medium,0
SunAir,Miami,Atlanta,1320,8,10,6,6,Rain,Low,1
PacificFly,Boston,New York,950,9,10,4,4,Cloudy,Medium,0
NorthStar,New York,Miami,1856,4,7,5,12,Rain,Low,0
SunAir,Denver,Miami,1017,6,8,7,1,Rain,Medium,0
SunAir,New York,Seattle,1983,10,13,4,11,Cloudy,Low,0
SkyJet,Atlanta,Los Angeles,2086,5,9,3,3,Clear,Low,0
NorthStar,Miami,Los Angeles,747,21,22,7,3,Rain,Medium,1
NorthStar,Chicago,Los Angeles,1949,8,11,6,9,Clear,Medium,0
AeroLine,Atlanta,Los Angeles,1097,11,13,7,2,Cloudy,Medium,0
PacificFly,Atlanta,Boston,1152,19,21,7,2,Rain,High,1
BlueWing,New York,Chicago,535,6,7,4,11,Cloudy,Medium,1
BlueWing,Houston,Atlanta,816,18,19,4,7,Clear,Low,0
BlueWing,Los Angeles,Seattle,2291,3,7,2,6,Clear,Low,0
PacificFly,Denver,Seattle,1301,19,21,5,3,Fog,Medium,1
SkyJet,Boston,New York,939,3,4,4,4,Clear,Medium,0
SunAir,Denver,New York,542,9,10,3,3,Clear,Low,0
NorthStar,Denver,Dallas,1747,9,12,1,11,Cloudy,Medium,1
PacificFly,New York,Dallas,1139,0,2,2,10,Clear,Low,0
SunAir,Denver,Miami,1897,23,2,1,8,Cloudy,Low,1
PacificFly,Chicago,Boston,1951,23,2,7,12,Cloudy,Low,0
PacificFly,Houston,Atlanta,1833,8,11,3,12,Rain,High,0
NorthStar,Miami,Los Angeles,503,20,21,5,2,Clear,Low,0
AeroLine,Denver,New York,1071,1,3,5,4,Fog,Medium,1
SkyJet,Denver,Chicago,2104,11,15,3,1,Rain,Medium,1
NorthStar,New York,Miami,1267,16,18,4,6,Clear,Low,0
PacificFly,Seattle,Chicago,1224,17,19,4,4,Storm,High,1
SunAir,Seattle,Houston,1324,2,4,3,10,Clear,Low,0
SunAir,Miami,New York,1429,14,16,1,4,Clear,Medium,0
BlueWing,Los Angeles,Boston,1113,7,9,3,6,Rain,Low,1
AeroLine,Atlanta,Miami,1050,1,3,1,11,Clear,Medium,0
PacificFly,Boston,Los Angeles,1454,17,19,1,11,Rain,Medium,0
AeroLine,Chicago,Dallas,1568,3,6,1,10,Clear,Low,0
PacificFly,Houston,Boston,1382,13,15,5,9,Snow,Low,1
AeroLine,Chicago,Miami,1090,8,10,7,7,Clear,Medium,0
NorthStar,New York,Boston,768,15,16,6,10,Clear,Low,0
NorthStar,Dallas,Seattle,630,11,12,6,11,Clear,High,0
NorthStar,New York,Houston,263,17,18,4,11,Clear,Medium,0
SunAir,Chicago,Atlanta,1770,14,17,5,3,Cloudy,Medium,0
PacificFly,Dallas,Boston,1509,0,3,1,6,Clear,Low,0
PacificFly,Houston,Boston,1235,7,9,4,11,Clear,Low,0
AeroLine,Dallas,Houston,929,10,11,7,6,Clear,Medium,0
SkyJet,Chicago,Atlanta,895,23,0,5,3,Storm,High,1
NorthStar,Atlanta,Dallas,1148,15,17,6,11,Fog,High,1
SunAir,Chicago,Boston,1128,5,7,4,11,Snow,Medium,1
SkyJet,Boston,New York,1558,1,4,1,8,Clear,High,1
AeroLine,Seattle,Chicago,1427,12,14,6,4,Clear,High,1
SunAir,Atlanta,Chicago,886,19,20,5,6,Cloudy,High,0
NorthStar,Boston,New York,905,23,0,6,9,Rain,Low,0
BlueWing,Atlanta,Houston,963,18,19,2,1,Clear,High,0
SunAir,Dallas,New York,888,5,6,1,8,Cloudy,Low,0
AeroLine,Denver,Houston,1470,20,22,4,6,Clear,High,0
PacificFly,Boston,Seattle,1780,2,5,2,12,Clear,Low,0
SkyJet,Atlanta,Los Angeles,1679,5,8,7,7,Snow,Low,0
SunAir,New York,Atlanta,970,15,16,7,7,Clear,Low,0
SunAir,Denver,Atlanta,1633,11,14,6,12,Cloudy,Medium,0
NorthStar,Chicago,Houston,1915,6,9,6,7,Rain,Medium,0
NorthStar,Boston,Houston,233,15,16,4,11,Clear,High,1
SunAir,Seattle,Houston,452,10,11,3,12,Clear,Low,0
AeroLine,Los Angeles,Miami,638,8,9,3,11,Fog,High,1
SkyJet,Los Angeles,Chicago,759,6,7,7,7,Clear,High,0
SunAir,Boston,Chicago,1176,0,2,2,12,Cloudy,Low,1
AeroLine,New York,Chicago,1041,15,17,2,5,Rain,High,1
NorthStar,Boston,Miami,652,14,15,2,12,Cloudy,Medium,0
AeroLine,Denver,Dallas,2384,17,21,5,5,Cloudy,Medium,1
PacificFly,Atlanta,Dallas,468,5,6,2,9,Rain,Medium,0
BlueWing,Chicago,Boston,1164,1,3,7,10,Rain,Low,0
NorthStar,Dallas,Los Angeles,1112,5,7,6,11,Clear,Low,0
BlueWing,Houston,New York,1166,3,5,4,8,Clear,Low,1
BlueWing,Los Angeles,Denver,1078,12,14,2,3,Storm,Low,1
PacificFly,Atlanta,Denver,1074,7,9,3,3,Rain,Low,0
PacificFly,Dallas,Los Angeles,1162,2,4,2,9,Rain,Low,0
SunAir,Los Angeles,Atlanta,1194,5,7,7,3,Rain,Medium,1
NorthStar,Houston,Denver,150,6,7,5,5,Cloudy,Low,0
PacificFly,Houston,New York,1440,19,21,7,2,Fog,Medium,0
NorthStar,Denver,Chicago,226,19,20,6,10,Rain,High,0
NorthStar,Seattle,Chicago,1196,23,1,1,4,Rain,Medium,1
BlueWing,Los Angeles,Boston,1631,8,11,6,7,Cloudy,Low,0
SkyJet,Boston,Seattle,1735,1,4,4,5,Clear,High,0
SkyJet,Boston,Seattle,1034,0,2,6,5,Storm,Medium,1
SunAir,Denver,Atlanta,1902,21,0,7,7,Clear,Medium,0
PacificFly,Chicago,Seattle,2100,17,21,5,7,Rain,High,1
BlueWing,Chicago,Seattle,534,9,10,6,6,Clear,Low,0
SkyJet,Los Angeles,Miami,1144,7,9,1,11,Clear,High,0
SkyJet,New York,Atlanta,989,17,18,7,7,Cloudy,Medium,0
AeroLine,Denver,Miami,874,20,21,7,11,Clear,Low,1
SunAir,Chicago,Dallas,395,2,3,6,4,Clear,Low,0
NorthStar,Houston,Denver,1445,8,10,5,2,Fog,Low,1
AeroLine,Chicago,New York,282,21,22,6,11,Snow,Low,0
SkyJet,Miami,Atlanta,580,9,10,6,12,Storm,Medium,1
SunAir,Dallas,Seattle,748,5,6,2,4,Clear,Medium,0
SunAir,Boston,Los Angeles,1296,13,15,5,1,Clear,Low,0
BlueWing,Chicago,Miami,1145,17,19,1,8,Cloudy,Medium,1
SkyJet,Chicago,Denver,1372,11,13,6,11,Fog,Low,1
PacificFly,Miami,Seattle,1811,23,2,2,2,Cloudy,Low,0
SunAir,Boston,Chicago,667,23,0,3,2,Snow,Medium,1
NorthStar,Dallas,Seattle,529,18,19,1,5,Clear,Low,0
PacificFly,Atlanta,Denver,1907,12,15,2,6,Clear,Low,0
PacificFly,Miami,Dallas,633,12,13,6,12,Cloudy,Medium,0
AeroLine,Denver,Atlanta,897,12,13,2,9,Fog,Low,0
NorthStar,Dallas,Houston,337,3,4,5,6,Rain,Low,1
BlueWing,Boston,Los Angeles,900,16,17,7,8,Clear,Medium,0
NorthStar,Boston,Dallas,1133,11,13,3,11,Clear,Low,1
BlueWing,Boston,Houston,1652,17,20,3,5,Cloudy,Medium,1
SunAir,Miami,Seattle,1322,12,14,5,8,Clear,Low,0
SkyJet,Denver,Atlanta,383,21,22,7,10,Rain,Medium,1
NorthStar,New York,Miami,1646,14,17,7,7,Rain,Low,1
BlueWing,Miami,Los Angeles,1281,20,22,4,4,Clear,High,1
AeroLine,Miami,Denver,1168,11,13,5,3,Clear,Low,0
SkyJet,Seattle,New York,888,12,13,2,3,Clear,Medium,0
AeroLine,Houston,Chicago,1619,22,1,7,8,Fog,High,1
AeroLine,Miami,Chicago,1721,17,20,4,9,Snow,High,1
PacificFly,Miami,Boston,962,7,8,7,11,Cloudy,Medium,0
NorthStar,Houston,Boston,1017,6,8,5,1,Snow,Medium,1
PacificFly,Chicago,New York,1337,9,11,6,10,Rain,Low,0
AeroLine,Miami,Atlanta,150,18,19,2,12,Clear,High,1
SunAir,Boston,New York,1283,15,17,2,9,Clear,High,0
AeroLine,Dallas,Atlanta,1320,10,12,2,1,Storm,Medium,1
NorthStar,Miami,Chicago,1516,5,8,1,10,Clear,Low,0
SkyJet,New York,Boston,1069,18,20,3,7,Rain,Medium,1
PacificFly,Miami,Atlanta,2144,7,11,1,9,Clear,High,0
SunAir,Denver,Atlanta,907,8,9,6,5,Storm,Medium,1
BlueWing,Dallas,Seattle,1006,13,15,5,3,Rain,Medium,0
BlueWing,Houston,Boston,756,21,22,7,4,Cloudy,Low,1
SkyJet,Houston,Chicago,1682,1,4,2,7,Clear,High,1
BlueWing,Los Angeles,Boston,2070,11,15,6,3,Clear,Low,0
PacificFly,Dallas,Denver,798,21,22,1,8,Rain,Low,1
SkyJet,Dallas,Miami,918,1,2,7,9,Clear,High,0
NorthStar,New York,Los Angeles,1497,6,8,5,6,Cloudy,Low,0
PacificFly,Los Angeles,Dallas,1415,11,13,5,9,Cloudy,High,0
PacificFly,New York,Seattle,986,9,10,6,10,Rain,Medium,1
BlueWing,Atlanta,Chicago,2398,12,16,7,4,Fog,Low,0
AeroLine,Atlanta,New York,2099,7,11,7,12,Clear,Medium,0
SunAir,Atlanta,Chicago,1441,21,23,5,12,Snow,High,1
NorthStar,Boston,Dallas,980,5,6,1,12,Clear,High,0
SkyJet,New York,Miami,1184,13,15,1,7,Clear,Medium,0
SunAir,Los Angeles,Boston,236,10,11,3,4,Clear,Medium,0
BlueWing,Los Angeles,New York,752,6,7,2,11,Clear,Low,0
PacificFly,Miami,Chicago,1747,22,1,2,4,Clear,Low,1
SunAir,Boston,New York,1156,16,18,6,9,Clear,Medium,0
NorthStar,Dallas,Chicago,1219,18,20,4,11,Snow,Low,1
SunAir,Denver,Boston,694,6,7,1,10,Cloudy,Low,0
NorthStar,Miami,Denver,1027,4,6,2,11,Clear,Medium,0
SkyJet,New York,Boston,640,9,10,4,11,Clear,Medium,0
PacificFly,Boston,Dallas,1218,0,2,6,6,Clear,Low,0
BlueWing,Los Angeles,Houston,995,17,18,6,6,Storm,Low,1
PacificFly,Denver,Houston,1509,23,2,2,6,Clear,Medium,0
PacificFly,Miami,Boston,1692,16,19,7,1,Clear,Medium,0
AeroLine,Chicago,Denver,851,7,8,4,4,Clear,Low,0
SunAir,Denver,Boston,1934,22,1,4,7,Rain,Low,0
PacificFly,New York,Denver,1325,20,22,5,11,Cloudy,Medium,0
BlueWing,Seattle,Denver,1464,0,2,2,12,Rain,Low,1
NorthStar,New York,Atlanta,384,2,3,6,6,Clear,Low,0
NorthStar,Denver,Seattle,1008,21,23,7,7,Clear,Low,0
BlueWing,Los Angeles,Denver,1082,23,1,1,2,Rain,Low,0
PacificFly,Chicago,New York,1468,3,5,5,6,Fog,Low,0
PacificFly,Seattle,New York,150,8,9,5,5,Clear,Low,0
NorthStar,Boston,Seattle,1669,17,20,5,4,Fog,Medium,1
PacificFly,Denver,Miami,1567,7,10,6,11,Clear,Medium,1
SunAir,Los Angeles,Denver,1486,20,22,6,4,Clear,Medium,0
PacificFly,Atlanta,Seattle,214,9,10,5,5,Rain,Low,0
SkyJet,Boston,Denver,675,21,22,7,3,Rain,Medium,0
NorthStar,Boston,Seattle,1008,10,12,4,10,Clear,Medium,1
NorthStar,Houston,Los Angeles,1584,9,12,4,4,Cloudy,Medium,0
BlueWing,Dallas,Miami,1201,9,11,5,2,Cloudy,Medium,1
PacificFly,Miami,Boston,1310,14,16,7,12,Cloudy,Low,0
BlueWing,Dallas,Atlanta,965,10,11,2,2,Clear,Low,0
PacificFly,Miami,Houston,1007,23,1,4,8,Clear,Low,0
PacificFly,Boston,Chicago,2421,4,8,1,9,Storm,Medium,1
AeroLine,Denver,Miami,1745,8,11,1,7,Fog,Medium,1
AeroLine,New York,Atlanta,938,8,9,4,4,Fog,Low,0
SunAir,Miami,Denver,1902,9,12,3,10,Clear,Medium,0
SunAir,Miami,Dallas,1436,3,5,1,5,Rain,Low,0
BlueWing,Miami,Los Angeles,939,1,2,4,12,Rain,High,1
AeroLine,Boston,Denver,1864,10,13,7,11,Rain,Low,0
SkyJet,Denver,Dallas,870,0,1,6,12,Clear,Medium,0
SunAir,Denver,Seattle,1554,20,23,5,3,Storm,High,1
SunAir,Boston,Chicago,1094,13,15,4,10,Storm,High,1
AeroLine,Chicago,Atlanta,150,16,17,3,12,Clear,High,1
NorthStar,Seattle,Atlanta,709,10,11,6,9,Cloudy,Low,0
AeroLine,Seattle,Atlanta,969,11,12,1,6,Clear,High,0
AeroLine,Miami,Atlanta,1450,9,11,4,9,Fog,Low,0
AeroLine,Seattle,Los Angeles,1946,21,0,2,2,Clear,Medium,0
PacificFly,Atlanta,Chicago,2013,5,9,1,12,Clear,Medium,0
BlueWing,Boston,Chicago,1174,16,18,3,4,Clear,Medium,0
SunAir,New York,Boston,1254,2,4,2,6,Rain,Low,1
NorthStar,Houston,New York,1661,7,10,2,2,Clear,Medium,1
PacificFly,Miami,New York,1125,11,13,4,3,Cloudy,High,0
SkyJet,Dallas,Houston,1682,8,11,2,8,Clear,Low,0
BlueWing,Houston,Miami,1415,16,18,5,10,Fog,Medium,0
BlueWing,Boston,Los Angeles,1591,22,1,2,2,Snow,High,1
SunAir,New York,Seattle,1901,15,18,3,8,Clear,High,1
SunAir,Miami,Houston,954,3,4,4,2,Clear,High,0
PacificFly,Los Angeles,Seattle,150,18,19,1,8,Clear,High,0
NorthStar,New York,Dallas,2553,2,7,4,2,Storm,Low,1
AeroLine,Los Angeles,Seattle,968,3,4,2,12,Storm,Medium,1
AeroLine,Los Angeles,New York,1342,22,0,4,4,Clear,Medium,0
AeroLine,New York,Chicago,1311,9,11,6,2,Cloudy,Low,0
SunAir,Atlanta,Dallas,1384,12,14,6,2,Clear,Low,0
PacificFly,Denver,Atlanta,549,17,18,2,12,Clear,Medium,0
PacificFly,Houston,Chicago,1223,2,4,1,7,Storm,Low,1
SunAir,Seattle,Boston,1390,22,0,3,1,Rain,Medium,0
SunAir,Atlanta,New York,1846,19,22,3,6,Clear,Medium,0
SkyJet,Los Angeles,Denver,577,22,23,3,6,Clear,High,1
PacificFly,Houston,Atlanta,729,23,0,2,4,Fog,Low,0
SkyJet,New York,Seattle,1098,20,22,3,9,Snow,High,0
PacificFly,Chicago,Atlanta,1268,10,12,6,10,Clear,Medium,0
SunAir,Seattle,Dallas,1043,4,6,7,12,Fog,High,1
PacificFly,Boston,Houston,1718,11,14,5,2,Snow,Medium,1
SunAir,Denver,New York,1556,0,3,6,10,Clear,High,0
SkyJet,Los Angeles,Miami,769,15,16,7,6,Fog,High,1
BlueWing,Boston,Los Angeles,830,23,0,5,7,Clear,High,1
BlueWing,Dallas,Boston,2127,4,8,2,1,Storm,High,1
BlueWing,Chicago,Boston,1751,7,10,5,4,Clear,Low,0
SunAir,Boston,Atlanta,1413,5,7,5,10,Cloudy,Medium,0
SkyJet,Atlanta,Seattle,1360,20,22,3,9,Cloudy,High,0
NorthStar,Seattle,Houston,1828,18,21,3,7,Storm,Low,1
NorthStar,Chicago,Miami,1713,11,14,2,8,Clear,Medium,0
BlueWing,Atlanta,Boston,2483,18,22,1,4,Rain,Low,0
AeroLine,New York,Chicago,977,3,4,7,10,Clear,Low,0
BlueWing,Dallas,Seattle,515,12,13,5,7,Clear,Low,0
PacificFly,Atlanta,Dallas,272,13,14,5,6,Rain,Medium,0
SunAir,New York,Houston,310,9,10,4,11,Clear,Low,1
AeroLine,Dallas,Seattle,1201,18,20,4,2,Cloudy,Medium,0
NorthStar,Atlanta,Dallas,2251,19,23,4,5,Storm,Low,1
AeroLine,Los Angeles,Denver,2292,2,6,6,8,Clear,Medium,0
SunAir,Denver,Houston,1557,8,11,5,3,Clear,Medium,1
BlueWing,Atlanta,Seattle,633,21,22,5,6,Storm,Low,1
SunAir,Chicago,Boston,1000,4,6,6,6,Fog,High,1
SkyJet,Boston,Seattle,962,0,1,5,4,Rain,Low,1
SkyJet,Seattle,Dallas,2515,23,4,4,12,Cloudy,Low,0
AeroLine,Denver,Atlanta,1289,7,9,3,1,Rain,Low,0
BlueWing,Atlanta,Miami,378,15,16,1,10,Rain,Low,1
NorthStar,Houston,Chicago,1005,6,8,4,8,Cloudy,High,1
PacificFly,Dallas,Houston,1205,10,12,4,12,Cloudy,Medium,1
AeroLine,Atlanta,Denver,150,21,22,5,10,Rain,Low,0
SunAir,Houston,Seattle,507,17,18,2,5,Clear,Medium,0
NorthStar,Dallas,New York,2255,1,5,1,1,Rain,Low,1
SkyJet,Miami,Atlanta,1101,4,6,2,3,Cloudy,Low,1
PacificFly,New York,Houston,1032,8,10,7,12,Clear,Medium,0
AeroLine,Dallas,New York,2108,11,15,6,1,Clear,Low,0
SunAir,Atlanta,Dallas,811,1,2,1,2,Clear,High,1
NorthStar,Houston,New York,641,1,2,5,10,Clear,Low,0
BlueWing,Boston,Houston,2061,3,7,3,6,Rain,Medium,1
AeroLine,Seattle,Dallas,595,0,1,4,11,Fog,Low,1
SunAir,Chicago,Seattle,2096,5,9,7,10,Clear,Low,0
PacificFly,Houston,New York,1111,7,9,1,2,Rain,High,1
SunAir,Boston,Atlanta,1579,17,20,1,6,Clear,Medium,0
NorthStar,Dallas,Chicago,1004,12,14,1,4,Storm,Medium,1
BlueWing,New York,Dallas,1768,5,8,4,8,Clear,Medium,0
BlueWing,Atlanta,New York,1486,11,13,7,1,Fog,Low,0
NorthStar,Los Angeles,Miami,1603,4,7,3,9,Clear,Low,0
PacificFly,Denver,New York,1351,16,18,7,1,Clear,Low,0
NorthStar,Denver,Chicago,1531,2,5,5,1,Clear,Low,0
SkyJet,Atlanta,Dallas,1809,18,21,6,1,Rain,Low,1
SunAir,Los Angeles,Boston,1227,6,8,5,3,Cloudy,High,0
AeroLine,Houston,Boston,150,0,1,2,5,Clear,Low,0
AeroLine,Atlanta,Dallas,1479,14,16,6,5,Clear,High,0
AeroLine,Houston,Seattle,1741,14,17,6,1,Clear,Medium,0
SunAir,Seattle,Houston,1509,5,8,5,1,Cloudy,Medium,0
SunAir,Chicago,Miami,503,3,4,6,12,Rain,High,1
NorthStar,Atlanta,Miami,1643,22,1,1,10,Snow,Low,1
SunAir,Chicago,Atlanta,1699,19,22,7,6,Cloudy,Medium,0
AeroLine,Los Angeles,Seattle,1900,15,18,3,8,Storm,Medium,1
PacificFly,Denver,Houston,820,6,7,1,2,Cloudy,High,1
SkyJet,Boston,Seattle,1553,17,20,3,3,Fog,Medium,1
PacificFly,Atlanta,New York,1864,17,20,5,8,Fog,Low,1
SunAir,Atlanta,New York,1252,5,7,7,2,Rain,Low,0
SunAir,Miami,Houston,1158,20,22,6,1,Clear,Medium,0
AeroLine,Denver,Dallas,876,17,18,1,5,Storm,Low,0
BlueWing,New York,Houston,916,10,11,2,9,Rain,Medium,1
AeroLine,Chicago,Los Angeles,580,14,15,7,6,Cloudy,Medium,0
BlueWing,Dallas,Boston,1461,6,8,4,7,Clear,Low,1
PacificFly,Seattle,Miami,956,11,12,3,1,Snow,Medium,1
SunAir,Atlanta,Los Angeles,1706,20,23,4,7,Cloudy,Low,0
AeroLine,Boston,Atlanta,1653,2,5,7,6,Cloudy,Medium,1
PacificFly,New York,Miami,919,19,20,7,4,Clear,Medium,0
SkyJet,Atlanta,New York,1182,14,16,6,10,Rain,Medium,1
AeroLine,Denver,Miami,1575,5,8,3,4,Clear,High,0
BlueWing,Houston,Dallas,1296,12,14,1,8,Fog,Low,0
SkyJet,Chicago,Los Angeles,1858,10,13,5,1,Clear,Medium,0
AeroLine,Los Angeles,Seattle,347,22,23,3,4,Fog,High,1
BlueWing,Boston,Chicago,409,20,21,7,9,Fog,Low,0
AeroLine,Dallas,Atlanta,1284,12,14,6,5,Snow,Low,0
SkyJet,Houston,Los Angeles,1452,4,6,3,3,Storm,Medium,1
AeroLine,Houston,New York,1024,5,7,2,10,Clear,Medium,1
NorthStar,New York,Houston,650,12,13,6,11,Fog,Low,0
BlueWing,Los Angeles,Seattle,150,17,18,6,6,Cloudy,Low,0
NorthStar,Seattle,Houston,1160,23,1,5,2,Rain,Low,1
PacificFly,Miami,Atlanta,1943,0,3,1,10,Rain,Low,0
SunAir,Seattle,Chicago,1767,22,1,4,10,Storm,Low,1
AeroLine,Los Angeles,Boston,1509,20,23,7,10,Fog,Medium,1
BlueWing,Dallas,Seattle,1756,9,12,2,9,Clear,Medium,0
NorthStar,Houston,Dallas,1054,20,22,7,3,Fog,High,1
PacificFly,Denver,New York,1176,23,1,7,3,Rain,Medium,0
BlueWing,Chicago,Houston,2247,15,19,2,9,Clear,Medium,0
NorthStar,Los Angeles,Chicago,2135,2,6,7,2,Fog,Medium,1
BlueWing,Atlanta,Miami,473,4,5,1,1,Cloudy,Medium,1
AeroLine,Miami,Los Angeles,1204,23,1,3,12,Cloudy,Low,0
PacificFly,Dallas,Atlanta,1047,10,12,1,3,Clear,Medium,0
PacificFly,Denver,New York,1109,19,21,5,7,Cloudy,Low,0
AeroLine,Boston,Seattle,1559,19,22,5,11,Snow,Low,0
NorthStar,Houston,New York,421,14,15,7,9,Cloudy,Medium,1
BlueWing,Seattle,Los Angeles,1136,22,0,1,9,Clear,Low,0
SunAir,Boston,Seattle,1392,17,19,3,12,Clear,Medium,0
BlueWing,Seattle,Miami,723,1,2,6,5,Snow,High,0
AeroLine,Houston,Chicago,522,17,18,6,9,Clear,Low,1
AeroLine,Chicago,Houston,900,15,16,1,8,Clear,Low,0
SkyJet,Chicago,Denver,2094,9,13,2,10,Cloudy,Medium,1
NorthStar,Chicago,Los Angeles,1075,0,2,3,1,Storm,Low,1
SunAir,Miami,Denver,989,11,12,1,3,Clear,Low,0
SunAir,Dallas,Seattle,1732,8,11,5,4,Clear,High,1
AeroLine,Denver,Miami,1407,2,4,5,12,Cloudy,Low,0
AeroLine,Boston,Chicago,1277,10,12,1,6,Snow,Medium,0
SkyJet,Houston,Miami,698,22,23,4,9,Snow,Low,1
SkyJet,Houston,Boston,809,3,4,1,8,Cloudy,Medium,0
SkyJet,Miami,Houston,1813,10,13,7,12,Clear,Medium,1
SunAir,New York,Atlanta,1392,1,3,1,8,Cloudy,Medium,0
BlueWing,Boston,Chicago,1367,19,21,3,2,Clear,High,1
AeroLine,Dallas,Atlanta,1278,5,7,4,7,Storm,High,1
BlueWing,Chicago,Houston,2182,6,10,4,2,Storm,Medium,1
NorthStar,New York,Dallas,1936,11,14,4,2,Fog,Low,0
AeroLine,Los Angeles,Seattle,660,10,11,4,2,Rain,Low,0
SunAir,New York,Miami,1399,18,20,5,9,Clear,Low,0
NorthStar,Boston,Houston,662,21,22,3,6,Cloudy,Low,0
BlueWing,Boston,Atlanta,822,15,16,4,6,Storm,Medium,1
PacificFly,Atlanta,Denver,932,13,14,2,8,Clear,Low,1
NorthStar,Atlanta,Boston,785,20,21,2,4,Storm,Low,1
AeroLine,Atlanta,Houston,1695,11,14,5,2,Rain,Low,1
SkyJet,New York,Dallas,1936,20,23,2,10,Rain,Low,0
SunAir,Seattle,Boston,720,1,2,3,5,Rain,Low,0
BlueWing,New York,Atlanta,1312,2,4,6,5,Storm,High,1
SkyJet,Los Angeles,Atlanta,1832,6,9,5,6,Clear,Low,0
NorthStar,Denver,Houston,1006,13,15,6,1,Cloudy,Medium,0
PacificFly,Atlanta,Seattle,751,23,0,3,5,Storm,Medium,1
PacificFly,Atlanta,Denver,1006,14,16,5,1,Clear,High,1
AeroLine,Dallas,Chicago,1047,4,6,7,6,Storm,Medium,1
PacificFly,Boston,Seattle,1303,12,14,2,3,Snow,Medium,1
BlueWing,Denver,Dallas,1790,13,16,6,1,Cloudy,Low,0
BlueWing,Dallas,New York,1721,23,2,7,3,Cloudy,Medium,0
BlueWing,Chicago,Los Angeles,642,0,1,5,8,Snow,Low,0
SunAir,Chicago,Denver,637,17,18,1,5,Cloudy,Medium,0
BlueWing,Dallas,Los Angeles,547,16,17,5,7,Snow,Medium,1
SkyJet,Dallas,Denver,1719,17,20,7,3,Cloudy,Low,0
BlueWing,Los Angeles,Seattle,1289,1,3,6,3,Rain,Medium,0
NorthStar,Atlanta,Miami,1523,4,7,3,10,Clear,Low,0
SunAir,Atlanta,Boston,1469,23,1,4,9,Cloudy,High,0
PacificFly,Dallas,New York,1230,18,20,5,6,Cloudy,Medium,1
PacificFly,Boston,New York,238,19,20,3,7,Clear,Low,1
SkyJet,Seattle,New York,492,16,17,6,7,Clear,Low,1
SunAir,Atlanta,Seattle,567,21,22,3,6,Clear,Medium,1
BlueWing,Atlanta,Chicago,1094,14,16,7,8,Clear,Medium,0
SunAir,Boston,Houston,1778,21,0,6,8,Rain,Medium,0
BlueWing,Miami,New York,991,17,18,3,8,Clear,Medium,1
AeroLine,Atlanta,Dallas,1349,17,19,2,5,Snow,Low,1
BlueWing,Atlanta,New York,982,22,23,3,6,Cloudy,Low,0
SunAir,Seattle,Atlanta,448,14,15,3,2,Cloudy,Medium,0
BlueWing,Atlanta,Miami,919,12,13,1,5,Cloudy,Low,1
AeroLine,Atlanta,Chicago,1412,7,9,7,8,Fog,Medium,0
SunAir,Los Angeles,Houston,1568,11,14,6,5,Clear,Medium,0
BlueWing,Houston,Seattle,1586,0,3,6,11,Storm,Low,0
SkyJet,New York,Dallas,1076,21,23,3,1,Clear,Low,0
SunAir,Miami,Seattle,2058,2,6,2,3,Clear,Medium,0
BlueWing,Denver,Boston,1150,1,3,1,4,Clear,High,0
SunAir,Boston,Seattle,969,11,12,3,1,Rain,Low,1
SunAir,Los Angeles,Dallas,622,5,6,3,11,Cloudy,High,0
NorthStar,New York,Miami,1631,15,18,5,9,Clear,Medium,0
SkyJet,Seattle,Los Angeles,2394,9,13,5,5,Storm,Medium,0
SunAir,Atlanta,Chicago,1628,13,16,5,6,Rain,Medium,1
PacificFly,New York,Dallas,976,9,10,3,9,Clear,Low,0
SunAir,Atlanta,Chicago,2264,20,0,6,3,Cloudy,Medium,0
NorthStar,Los Angeles,Dallas,1050,10,12,6,6,Cloudy,Low,0
AeroLine,Boston,Denver,980,7,8,5,8,Clear,Low,0
SunAir,Miami,Los Angeles,1057,16,18,1,4,Rain,Medium,1
PacificFly,Boston,Denver,1774,4,7,3,4,Cloudy,High,1
AeroLine,Denver,Boston,633,5,6,1,8,Clear,Medium,0
PacificFly,Chicago,Atlanta,1694,13,16,1,3,Clear,Low,1
PacificFly,Seattle,Atlanta,1791,21,0,6,4,Clear,Medium,0
SunAir,Seattle,Los Angeles,1718,21,0,4,10,Clear,High,1
NorthStar,Denver,Atlanta,738,18,19,6,11,Storm,Medium,1
AeroLine,Miami,Boston,389,21,22,4,6,Clear,Low,0
NorthStar,Seattle,Miami,922,3,4,3,4,Cloudy,Low,0
AeroLine,Atlanta,Los Angeles,1307,4,6,7,9,Storm,Medium,0
PacificFly,Chicago,Los Angeles,1077,21,23,7,2,Snow,Low,0
AeroLine,New York,Boston,1151,19,21,3,1,Fog,Low,1
AeroLine,Miami,Seattle,2283,5,9,2,6,Cloudy,Low,0
SkyJet,Denver,Miami,1459,4,6,6,5,Clear,Medium,0
SkyJet,Denver,Boston,455,20,21,2,10,Clear,High,1
BlueWing,Atlanta,Boston,1479,21,23,7,12,Clear,Medium,0
AeroLine,Miami,Los Angeles,1633,10,13,5,11,Clear,Low,0
NorthStar,Boston,New York,774,19,20,7,1,Snow,Medium,1
SkyJet,Los Angeles,Dallas,2304,11,15,5,8,Rain,Low,0
SunAir,Seattle,Boston,1851,13,16,2,11,Clear,Low,0
BlueWing,Boston,Denver,1241,1,3,1,2,Clear,Medium,0
BlueWing,Denver,Los Angeles,1208,7,9,5,4,Fog,Low,0
SkyJet,Seattle,Dallas,1043,15,17,3,4,Clear,Medium,0
AeroLine,Dallas,Boston,890,23,0,2,6,Cloudy,Medium,0
NorthStar,Miami,Seattle,1953,10,13,7,7,Storm,High,0
SkyJet,Chicago,Atlanta,1541,2,5,4,5,Clear,High,1
PacificFly,Dallas,Boston,872,0,1,3,3,Clear,Low,0
BlueWing,Denver,Dallas,1406,18,20,3,8,Rain,High,0
PacificFly,New York,Los Angeles,804,4,5,5,12,Fog,Medium,1
NorthStar,Houston,New York,1285,14,16,3,8,Cloudy,Medium,0
AeroLine,Miami,Dallas,1078,6,8,2,4,Clear,Medium,0
SunAir,Miami,Boston,1476,8,10,5,3,Cloudy,Low,0
BlueWing,Houston,New York,150,15,16,2,8,Clear,Low,0
BlueWing,Dallas,Houston,905,12,13,5,12,Rain,Medium,1
NorthStar,Seattle,New York,1657,2,5,4,4,Cloudy,Medium,1
SunAir,Denver,Chicago,452,7,8,2,6,Cloudy,High,1
SunAir,Denver,Chicago,1462,20,22,5,10,Storm,Medium,1
AeroLine,Boston,Miami,1391,16,18,1,8,Clear,High,0
BlueWing,Chicago,Seattle,1829,13,16,3,5,Clear,Low,0
AeroLine,Boston,Miami,1362,19,21,2,2,Clear,High,0
SunAir,Chicago,New York,1830,16,19,5,5,Storm,Low,0
AeroLine,New York,Houston,1176,18,20,5,4,Storm,Medium,1
AeroLine,Atlanta,New York,1114,10,12,3,2,Storm,Medium,0
SunAir,Denver,New York,1343,11,13,5,5,Clear,Low,0
NorthStar,Los Angeles,Atlanta,551,21,22,6,7,Clear,Low,0
NorthStar,New York,Houston,550,5,6,2,2,Clear,Low,0
SunAir,Los Angeles,Boston,2227,3,7,5,6,Snow,Medium,1
SunAir,New York,Los Angeles,890,7,8,2,5,Fog,Medium,1
AeroLine,Chicago,Dallas,1537,1,4,7,1,Rain,Medium,0
PacificFly,Houston,Chicago,1829,5,8,6,10,Clear,High,0
SkyJet,New York,Boston,1379,19,21,6,6,Rain,Medium,0
BlueWing,New York,Seattle,1265,14,16,2,6,Clear,Low,0
SkyJet,Miami,Denver,985,14,15,7,1,Rain,Medium,0
PacificFly,Chicago,Seattle,332,20,21,5,11,Clear,High,1
PacificFly,Miami,Chicago,1441,20,22,2,11,Clear,Medium,0
SunAir,Boston,Atlanta,960,20,21,3,8,Cloudy,Low,0
BlueWing,Dallas,Miami,417,12,13,4,7,Clear,Low,0
AeroLine,Boston,Chicago,1382,4,6,2,7,Rain,Medium,1
SkyJet,New York,Chicago,937,6,7,3,5,Snow,High,1
NorthStar,Boston,Seattle,1807,1,4,1,6,Clear,Medium,0
PacificFly,Seattle,Dallas,2056,10,14,5,1,Clear,Low,0
SunAir,Seattle,Boston,503,6,7,5,7,Rain,Low,0
NorthStar,Houston,Miami,388,17,18,6,5,Cloudy,Low,0
NorthStar,Los Angeles,Houston,1328,8,10,6,9,Snow,Medium,1
AeroLine,Dallas,Boston,1042,12,14,7,2,Clear,High,0
SkyJet,Houston,Miami,801,2,3,1,8,Clear,High,0
PacificFly,Seattle,Los Angeles,1691,16,19,1,4,Clear,Low,0
BlueWing,Seattle,Dallas,1591,13,16,4,10,Cloudy,Medium,1
PacificFly,New York,Atlanta,1026,20,22,6,12,Rain,Low,0
SunAir,Houston,Los Angeles,385,0,1,5,4,Clear,Low,0
NorthStar,Chicago,Boston,1002,0,2,2,11,Cloudy,Medium,1
BlueWing,Atlanta,Miami,1357,18,20,4,8,Cloudy,High,1
NorthStar,Seattle,Boston,1871,9,12,2,1,Clear,Low,0
SkyJet,New York,Dallas,1077,21,23,3,7,Fog,Medium,1
SkyJet,Boston,Seattle,878,15,16,1,3,Fog,Medium,1
PacificFly,Miami,Dallas,1712,15,18,6,2,Snow,Medium,0
PacificFly,Miami,Seattle,1412,20,22,3,2,Fog,Low,0
BlueWing,Boston,Houston,1622,9,12,3,10,Rain,Medium,0
AeroLine,New York,Miami,946,23,0,2,1,Rain,Low,0
BlueWing,Los Angeles,Houston,644,23,0,2,6,Snow,High,1
AeroLine,Boston,Los Angeles,2403,3,7,5,12,Clear,Low,0
AeroLine,Denver,Miami,235,22,23,2,12,Fog,Low,1
SkyJet,Denver,Atlanta,831,20,21,4,12,Clear,High,1
SunAir,Denver,Chicago,222,7,8,4,1,Cloudy,High,0
PacificFly,Denver,New York,630,11,12,5,11,Clear,High,1
BlueWing,Houston,Chicago,150,7,8,3,10,Clear,Low,1
NorthStar,Denver,Dallas,516,4,5,7,12,Clear,Medium,0
SunAir,Atlanta,Houston,1122,18,20,1,3,Clear,Medium,0
AeroLine,Dallas,Seattle,1051,1,3,2,5,Snow,High,1
BlueWing,Houston,New York,1549,8,11,3,8,Cloudy,Medium,0
SunAir,Miami,Chicago,1315,14,16,2,11,Clear,High,0
NorthStar,Dallas,Boston,860,10,11,5,10,Cloudy,Medium,1
SunAir,Dallas,Chicago,864,12,13,5,10,Cloudy,Medium,0
AeroLine,Miami,Denver,1563,5,8,6,8,Cloudy,High,0
NorthStar,Boston,Dallas,1541,16,19,3,4,Cloudy,Low,0
PacificFly,New York,Seattle,413,8,9,5,5,Rain,Medium,1
BlueWing,Los Angeles,Houston,904,8,9,4,3,Clear,Medium,0
BlueWing,Chicago,New York,1947,11,14,5,1,Fog,Medium,1
AeroLine,Chicago,Dallas,1132,20,22,3,11,Cloudy,Medium,1
PacificFly,Boston,Houston,454,14,15,1,3,Clear,Low,1
NorthStar,Chicago,New York,1513,7,10,1,10,Clear,Medium,1
BlueWing,Denver,Los Angeles,1564,19,22,4,5,Clear,High,1
SunAir,Atlanta,Miami,610,8,9,5,12,Cloudy,High,1
SunAir,New York,Chicago,1014,22,0,4,9,Clear,Low,0
SunAir,Houston,Boston,1140,1,3,3,8,Clear,High,1
PacificFly,Houston,Miami,884,19,20,3,10,Rain,Low,0
PacificFly,Houston,Miami,771,7,8,1,10,Clear,High,0
PacificFly,Seattle,Dallas,1253,2,4,4,7,Cloudy,Low,0
AeroLine,Los Angeles,New York,1925,14,17,6,2,Clear,Low,0
BlueWing,Boston,New York,1515,9,12,7,7,Clear,Low,0
BlueWing,Denver,Boston,2017,20,0,1,8,Storm,Low,0
SunAir,Boston,Denver,1109,6,8,2,6,Cloudy,Low,0
PacificFly,Miami,Atlanta,247,22,23,2,1,Cloudy,High,1
SunAir,Miami,Boston,1088,9,11,5,6,Cloudy,Medium,1
BlueWing,Los Angeles,New York,1670,17,20,1,8,Fog,Medium,1
BlueWing,New York,Miami,1353,14,16,1,1,Fog,Medium,1
BlueWing,Denver,Atlanta,835,12,13,5,6,Storm,Low,1
BlueWing,Denver,Miami,1932,4,7,3,9,Clear,Medium,0
AeroLine,Atlanta,New York,1193,21,23,4,1,Storm,Medium,1
SkyJet,Atlanta,Boston,1344,2,4,6,1,Rain,Medium,1
NorthStar,Dallas,Boston,1396,4,6,1,8,Clear,Low,0
SkyJet,Dallas,Los Angeles,498,13,14,1,10,Rain,Low,0
BlueWing,Miami,Seattle,997,3,4,4,3,Storm,Medium,1
AeroLine,Chicago,Denver,862,2,3,4,4,Clear,High,0
AeroLine,Boston,Los Angeles,1163,1,3,3,5,Fog,High,1
PacificFly,Chicago,New York,490,18,19,3,2,Clear,Medium,1
SkyJet,Seattle,Los Angeles,1285,15,17,6,12,Storm,Medium,1
SkyJet,Houston,Boston,1323,4,6,2,3,Storm,High,0
PacificFly,Denver,Seattle,1246,20,22,6,6,Cloudy,Low,0
SkyJet,New York,Seattle,1488,1,3,2,4,Snow,Low,0
PacificFly,Chicago,Dallas,974,18,19,2,8,Clear,High,0
SunAir,Seattle,Atlanta,1293,7,9,6,3,Cloudy,Low,0
SkyJet,Los Angeles,Denver,1324,14,16,2,11,Cloudy,Low,0
NorthStar,Los Angeles,Atlanta,890,10,11,1,6,Fog,Medium,1
NorthStar,New York,Houston,1661,17,20,3,7,Clear,Low,1
NorthStar,New York,Boston,1668,1,4,3,10,Cloudy,Medium,1
PacificFly,Dallas,Miami,1240,1,3,6,4,Clear,Low,0
PacificFly,New York,Denver,2382,11,15,5,4,Rain,Medium,0
NorthStar,Denver,New York,1775,21,0,2,5,Clear,Low,0
SkyJet,Houston,Seattle,1384,6,8,2,5,Clear,Low,0
BlueWing,Dallas,Houston,2041,15,19,3,3,Clear,Medium,1
NorthStar,Atlanta,Chicago,1300,7,9,7,3,Clear,Low,0
SkyJet,Denver,Chicago,1195,13,15,3,11,Clear,High,1
AeroLine,Dallas,Denver,1415,19,21,1,9,Snow,High,1
NorthStar,Denver,New York,1039,12,14,4,9,Clear,Medium,0
BlueWing,Los Angeles,Miami,1126,3,5,5,12,Clear,High,1
NorthStar,Seattle,New York,941,21,22,2,1,Rain,Low,0
SkyJet,Dallas,New York,1121,4,6,7,4,Clear,Low,0
SkyJet,Miami,Boston,1580,21,0,1,11,Cloudy,Medium,0
BlueWing,Miami,Dallas,1525,13,16,2,1,Fog,Low,0
AeroLine,Seattle,New York,824,2,3,5,11,Fog,Medium,1
PacificFly,Seattle,Los Angeles,970,0,1,1,8,Cloudy,Low,0
SunAir,Boston,Chicago,1617,8,11,5,1,Rain,Medium,1
SunAir,Dallas,Boston,1436,9,11,7,2,Storm,Medium,0
NorthStar,Miami,Los Angeles,620,17,18,6,6,Clear,Medium,0
NorthStar,Seattle,New York,1078,22,0,7,12,Clear,Low,0
BlueWing,Los Angeles,Houston,708,16,17,4,12,Clear,Medium,1
SkyJet,Houston,Denver,1829,17,20,2,8,Rain,Medium,0
NorthStar,Chicago,Atlanta,198,4,5,5,8,Clear,Low,1
PacificFly,Houston,Denver,788,6,7,2,7,Clear,Low,1
BlueWing,Los Angeles,Chicago,2268,19,23,2,8,Cloudy,High,0
AeroLine,New York,Chicago,1306,9,11,4,2,Snow,Medium,0
NorthStar,Boston,Seattle,2138,17,21,2,4,Fog,Medium,1
SkyJet,Houston,Los Angeles,1241,17,19,1,9,Cloudy,Medium,0
NorthStar,Seattle,Houston,680,23,0,6,12,Cloudy,High,1
PacificFly,New York,Los Angeles,1620,19,22,4,9,Cloudy,Medium,0
AeroLine,Denver,Los Angeles,794,21,22,6,2,Clear,Low,0
NorthStar,Miami,Houston,1944,5,8,1,11,Cloudy,Low,1
SunAir,Dallas,Boston,1131,10,12,3,2,Clear,High,0
PacificFly,Seattle,New York,1859,2,5,1,4,Clear,Low,0
SkyJet,Houston,Atlanta,1936,0,3,7,11,Cloudy,Low,0
BlueWing,Chicago,New York,1271,0,2,5,7,Cloudy,High,0
SkyJet,Seattle,Miami,1265,14,16,2,11,Clear,High,0
AeroLine,Boston,Seattle,1375,16,18,5,2,Cloudy,Low,0
SunAir,Dallas,Houston,612,11,12,4,12,Fog,Medium,1
SkyJet,Denver,Boston,180,2,3,1,8,Rain,Medium,0
NorthStar,Houston,Boston,1155,8,10,4,5,Cloudy,Medium,0
SunAir,Dallas,Seattle,1243,9,11,6,11,Clear,Low,0
PacificFly,New York,Boston,1006,15,17,6,12,Cloudy,High,0
SunAir,Dallas,New York,619,2,3,3,3,Clear,High,1
PacificFly,Dallas,New York,1067,14,16,2,9,Cloudy,Medium,1
PacificFly,Seattle,Chicago,2308,10,14,2,9,Snow,Low,1
AeroLine,Boston,Chicago,1074,20,22,5,1,Rain,Medium,1
NorthStar,Denver,Houston,1095,9,11,3,5,Fog,Low,0
PacificFly,Houston,Atlanta,1182,23,1,4,5,Cloudy,Medium,1
SkyJet,Miami,Atlanta,1465,11,13,3,4,Clear,Low,0
AeroLine,New York,Seattle,2286,21,1,2,3,Clear,High,0
SunAir,Seattle,Boston,1614,16,19,7,2,Storm,High,1
PacificFly,Seattle,Los Angeles,849,13,14,6,12,Storm,Low,1
BlueWing,Atlanta,Denver,1517,10,13,4,4,Clear,Low,0
BlueWing,Miami,Seattle,1134,3,5,6,10,Clear,Medium,0
PacificFly,Chicago,Houston,1555,5,8,5,7,Rain,Low,1
SunAir,Miami,Chicago,939,19,20,3,5,Snow,Low,1
PacificFly,Boston,Los Angeles,1544,8,11,2,4,Cloudy,Medium,1
NorthStar,Atlanta,Houston,1399,5,7,4,12,Clear,Medium,0
NorthStar,Los Angeles,Atlanta,1102,23,1,3,9,Cloudy,Low,0
AeroLine,Los Angeles,Boston,583,19,20,2,10,Fog,Low,1
NorthStar,Los Angeles,New York,1539,10,13,7,1,Rain,Low,0
PacificFly,Houston,Dallas,1689,8,11,7,12,Cloudy,Medium,0
BlueWing,Los Angeles,Atlanta,1990,12,15,3,12,Fog,Medium,1
PacificFly,Boston,Los Angeles,1898,9,12,2,12,Fog,Medium,1
SkyJet,Atlanta,Los Angeles,1202,9,11,7,2,Rain,High,1
PacificFly,Boston,Miami,1952,0,3,7,6,Cloudy,Medium,1
NorthStar,Denver,Atlanta,1063,16,18,2,11,Rain,Low,1
SunAir,Atlanta,Chicago,1124,20,22,5,9,Rain,High,0
AeroLine,Denver,Houston,1443,19,21,1,5,Rain,Medium,1
AeroLine,Boston,Denver,913,17,18,3,5,Clear,Medium,1
BlueWing,Miami,Seattle,1088,6,8,6,12,Rain,High,1
PacificFly,Miami,Los Angeles,1626,5,8,2,11,Cloudy,Medium,0
PacificFly,Los Angeles,Boston,517,16,17,5,4,Rain,Medium,0
NorthStar,Seattle,Los Angeles,2036,22,2,4,8,Cloudy,Low,0
BlueWing,Boston,New York,1910,2,5,4,10,Clear,Medium,0
BlueWing,Dallas,New York,538,23,0,2,4,Rain,Low,0
SkyJet,Miami,Houston,962,5,6,6,12,Rain,Medium,1
SunAir,New York,Denver,1265,6,8,4,3,Storm,Medium,1
NorthStar,Denver,Boston,642,0,1,3,4,Rain,Low,0
NorthStar,Denver,New York,2259,23,3,2,6,Cloudy,High,0
NorthStar,Houston,Los Angeles,422,20,21,3,8,Clear,High,1
SkyJet,Seattle,Houston,1534,10,13,1,12,Cloudy,Medium,0
NorthStar,New York,Miami,815,3,4,3,3,Storm,Medium,1
PacificFly,Atlanta,Miami,1322,10,12,5,3,Rain,Medium,0
BlueWing,Houston,Seattle,1436,8,10,2,5,Rain,Medium,1
PacificFly,New York,Seattle,1388,12,14,5,2,Rain,High,0
SunAir,Los Angeles,New York,1887,6,9,1,5,Rain,Low,0
SkyJet,Seattle,Miami,1590,20,23,5,2,Clear,Medium,0
NorthStar,Miami,Denver,1828,22,1,2,1,Clear,High,1
SkyJet,Atlanta,Chicago,1225,20,22,2,3,Rain,Low,1
AeroLine,Houston,Atlanta,416,8,9,1,9,Cloudy,Medium,1
AeroLine,Denver,Chicago,516,18,19,4,8,Cloudy,Medium,1
PacificFly,Denver,Atlanta,1494,18,20,5,1,Cloudy,Low,0
SkyJet,Dallas,Seattle,893,19,20,6,12,Cloudy,Low,0
PacificFly,Denver,Boston,150,16,17,5,4,Snow,Low,1
PacificFly,Denver,Dallas,905,1,2,5,10,Rain,Low,1
AeroLine,Los Angeles,Houston,869,20,21,3,5,Rain,High,0
PacificFly,Chicago,Denver,634,14,15,2,9,Fog,Medium,0
SunAir,New York,Seattle,730,14,15,1,2,Fog,Low,0
SkyJet,Dallas,Boston,824,14,15,3,4,Clear,Low,0
SkyJet,Seattle,Denver,934,13,14,7,1,Cloudy,Medium,0
SkyJet,Dallas,New York,978,14,15,2,2,Clear,Medium,0
AeroLine,Dallas,Houston,2372,7,11,2,1,Rain,Low,0
AeroLine,Chicago,Seattle,994,14,15,5,11,Cloudy,Medium,0
AeroLine,Miami,Dallas,220,19,20,4,10,Clear,Low,0
SunAir,Miami,Atlanta,1653,3,6,7,4,Clear,Medium,0
NorthStar,Denver,Houston,1990,8,11,3,2,Rain,Medium,0
AeroLine,Dallas,Boston,1064,0,2,4,7,Clear,High,0
AeroLine,Dallas,Denver,1458,7,9,6,7,Cloudy,Low,0
BlueWing,Chicago,Denver,1381,0,2,6,3,Clear,High,0
SunAir,New York,Chicago,1955,17,20,1,7,Fog,Low,1
SunAir,Miami,Houston,2203,1,5,6,11,Clear,High,0
SunAir,Miami,Denver,1797,2,5,6,10,Rain,High,0
SkyJet,Seattle,Miami,641,8,9,3,3,Fog,Low,1
SunAir,Denver,Dallas,446,1,2,5,7,Cloudy,Low,0
BlueWing,Denver,Atlanta,728,16,17,7,7,Clear,High,0
SunAir,Houston,Atlanta,1006,15,17,7,11,Clear,Low,0
BlueWing,Boston,Los Angeles,935,13,14,2,5,Snow,Low,0
PacificFly,Miami,New York,647,18,19,4,3,Clear,High,1
NorthStar,Atlanta,Seattle,1624,23,2,7,1,Cloudy,Low,1
PacificFly,Chicago,Seattle,2414,22,2,4,7,Fog,Medium,1
SkyJet,Los Angeles,Atlanta,1686,15,18,6,8,Cloudy,High,0
PacificFly,Chicago,Atlanta,969,23,0,4,5,Clear,High,1
AeroLine,Boston,New York,755,1,2,3,4,Cloudy,Low,0
SkyJet,Atlanta,Houston,150,7,8,1,8,Snow,Low,0
AeroLine,Miami,Dallas,1912,5,8,6,12,Clear,Medium,1
AeroLine,Dallas,Los Angeles,150,9,10,2,7,Cloudy,High,0
SunAir,Dallas,Seattle,1313,10,12,1,11,Rain,High,1
SkyJet,Dallas,Seattle,1550,18,21,5,12,Clear,Low,1
SunAir,Denver,Chicago,313,15,16,2,10,Clear,High,0
AeroLine,Seattle,Boston,1788,18,21,2,3,Rain,Low,0
AeroLine,Chicago,Houston,1508,15,18,5,4,Storm,Low,0
NorthStar,Boston,Seattle,1063,9,11,6,3,Fog,High,1
PacificFly,Atlanta,Boston,402,14,15,7,9,Storm,Medium,1
AeroLine,Miami,Houston,762,10,11,7,12,Clear,Low,1
PacificFly,Chicago,Miami,1573,13,16,3,5,Clear,High,0
AeroLine,New York,Denver,359,7,8,3,10,Snow,High,1
AeroLine,Boston,Los Angeles,1789,0,3,1,1,Clear,Medium,0
NorthStar,Houston,Denver,508,15,16,7,10,Cloudy,Low,0
BlueWing,Boston,Atlanta,1046,4,6,5,8,Storm,High,0
NorthStar,Denver,Los Angeles,1007,11,13,1,7,Clear,High,1
PacificFly,Houston,Los Angeles,714,4,5,6,10,Clear,High,0
NorthStar,Dallas,Chicago,1989,17,20,7,10,Rain,Medium,1
NorthStar,New York,Atlanta,2051,22,2,3,9,Cloudy,Medium,1
SkyJet,Houston,Boston,404,6,7,6,1,Rain,Medium,0
SkyJet,Seattle,Los Angeles,1614,3,6,5,6,Snow,Medium,1
NorthStar,Dallas,Chicago,150,2,3,6,9,Fog,Medium,1
SunAir,Seattle,Dallas,1085,17,19,6,1,Cloudy,Low,0
BlueWing,Miami,New York,1922,21,0,1,12,Clear,Low,0
SunAir,New York,Boston,288,9,10,1,7,Clear,Low,0
BlueWing,Boston,Miami,1712,0,3,3,11,Clear,Low,0
AeroLine,Atlanta,Dallas,2210,7,11,4,1,Clear,Medium,0
BlueWing,Houston,Chicago,1863,10,13,1,7,Rain,High,1
AeroLine,Atlanta,Denver,1191,19,21,3,6,Fog,High,1
SkyJet,Miami,New York,981,22,23,5,8,Clear,Low,0
SkyJet,Los Angeles,Denver,251,1,2,7,9,Storm,Medium,1
BlueWing,Denver,Dallas,1158,9,11,7,6,Rain,Medium,1
AeroLine,Los Angeles,Seattle,522,5,6,5,11,Clear,Low,0
BlueWing,Chicago,Dallas,902,5,6,2,9,Snow,Medium,1
SkyJet,Denver,Seattle,1440,8,10,3,10,Clear,Low,0
SunAir,Chicago,Miami,1252,23,1,4,4,Storm,Medium,1
SunAir,Los Angeles,Seattle,1038,16,18,4,9,Cloudy,Low,0
PacificFly,Los Angeles,Dallas,680,18,19,7,9,Cloudy,Medium,1
PacificFly,Boston,Atlanta,1837,22,1,7,2,Clear,High,0
BlueWing,Miami,Houston,390,2,3,2,3,Clear,Low,0
BlueWing,Denver,Houston,932,15,16,7,4,Clear,Low,0
PacificFly,Boston,Atlanta,2081,10,14,7,10,Rain,Medium,1
NorthStar,Houston,Atlanta,777,15,16,7,10,Clear,Low,0
PacificFly,Miami,Denver,1595,7,10,1,4,Cloudy,High,0
NorthStar,Atlanta,Boston,982,5,6,6,9,Rain,Medium,0
NorthStar,New York,Los Angeles,248,1,2,7,10,Storm,Low,0
BlueWing,Dallas,Atlanta,1079,3,5,7,5,Clear,High,0
AeroLine,Miami,Boston,1670,3,6,5,10,Clear,Medium,0
PacificFly,Atlanta,New York,899,22,23,2,4,Cloudy,High,1
AeroLine,Seattle,Atlanta,1592,3,6,7,6,Clear,Low,0
SkyJet,Seattle,Miami,1254,9,11,4,1,Cloudy,High,0
PacificFly,Miami,Seattle,1184,10,12,2,3,Clear,Low,0
PacificFly,Miami,Denver,1206,17,19,3,3,Snow,Low,0
BlueWing,Los Angeles,Boston,1119,18,20,1,9,Cloudy,Medium,0
SkyJet,Denver,Houston,606,19,20,3,8,Clear,High,1
AeroLine,Denver,Atlanta,1186,12,14,1,12,Clear,Low,0
SkyJet,Atlanta,Boston,1090,12,14,3,2,Snow,Low,0
NorthStar,Los Angeles,Chicago,1712,11,14,1,6,Cloudy,Medium,1
PacificFly,Houston,Boston,1040,12,14,2,5,Clear,Low,1
BlueWing,Chicago,Denver,1721,16,19,2,11,Clear,Low,0
NorthStar,Boston,New York,218,21,22,3,3,Cloudy,Low,0
AeroLine,Houston,Los Angeles,770,8,9,1,7,Snow,Low,0
AeroLine,Dallas,Denver,359,3,4,5,9,Clear,Low,0
NorthStar,Seattle,Houston,1042,21,23,3,5,Clear,High,0
PacificFly,Houston,Seattle,960,21,22,5,7,Cloudy,Low,1
SkyJet,Miami,Denver,2275,23,3,5,10,Clear,High,0
BlueWing,New York,Chicago,1508,8,11,4,1,Storm,Medium,1
PacificFly,New York,Chicago,1036,17,19,1,12,Storm,Medium,1
AeroLine,Denver,Houston,1386,3,5,3,4,Clear,High,0
SkyJet,New York,Denver,625,17,18,4,8,Clear,Low,0
BlueWing,Atlanta,Miami,1442,23,1,4,11,Clear,Medium,1
SunAir,Chicago,Denver,1720,14,17,1,10,Cloudy,Low,0
SkyJet,Seattle,Houston,573,6,7,4,3,Snow,Medium,1
BlueWing,Seattle,Dallas,440,0,1,2,7,Clear,Medium,0
AeroLine,Houston,Dallas,1705,12,15,4,1,Storm,High,1
NorthStar,New York,Houston,1592,6,9,2,4,Cloudy,Medium,0
AeroLine,Boston,Chicago,1615,12,15,5,9,Cloudy,Medium,0
NorthStar,Chicago,New York,1468,18,20,3,11,Cloudy,Low,0
NorthStar,Denver,Houston,1546,18,21,3,7,Cloudy,High,1
AeroLine,Houston,Chicago,649,2,3,2,5,Storm,Medium,1
SkyJet,Houston,Miami,984,23,0,4,12,Clear,Low,0
SunAir,Seattle,Miami,634,9,10,6,12,Snow,Medium,1
NorthStar,Los Angeles,Miami,1004,23,1,4,8,Rain,Low,0
PacificFly,Chicago,Dallas,656,15,16,5,10,Cloudy,Medium,1
SkyJet,Atlanta,Miami,883,2,3,4,9,Fog,Medium,0
NorthStar,Chicago,Boston,1345,13,15,3,3,Snow,Medium,1
PacificFly,Miami,Los Angeles,964,4,5,7,9,Clear,High,0
SunAir,Boston,Chicago,1337,2,4,6,1,Clear,Medium,1
AeroLine,Chicago,Dallas,364,11,12,1,4,Storm,Low,1
BlueWing,Los Angeles,New York,942,23,0,7,4,Clear,Low,0
PacificFly,Atlanta,Houston,1585,22,1,7,10,Rain,Low,0
BlueWing,Denver,Chicago,619,17,18,7,9,Snow,Medium,1
SunAir,Los Angeles,Atlanta,933,16,17,4,6,Cloudy,Low,1
SunAir,Houston,Boston,1177,22,0,6,2,Rain,Medium,0
PacificFly,Dallas,Chicago,1706,5,8,1,10,Rain,High,1
AeroLine,Boston,Houston,1535,0,3,2,10,Clear,Medium,0
SunAir,Denver,Miami,2190,5,9,3,8,Clear,Medium,1
SunAir,Dallas,Houston,1015,1,3,5,4,Fog,Low,1
NorthStar,New York,Chicago,150,21,22,5,10,Clear,High,0
BlueWing,Chicago,Dallas,1064,6,8,5,9,Snow,High,1
AeroLine,Chicago,Dallas,750,18,19,5,2,Clear,Medium,0
AeroLine,New York,Chicago,1292,0,2,4,8,Clear,High,1
AeroLine,Los Angeles,Chicago,1268,8,10,5,11,Fog,Low,1
NorthStar,Los Angeles,New York,1544,11,14,1,7,Fog,Low,1
NorthStar,Atlanta,Miami,1038,21,23,2,10,Cloudy,Low,0
AeroLine,Dallas,Denver,1932,7,10,5,5,Rain,Medium,1
NorthStar,Miami,Denver,1022,2,4,2,12,Clear,Medium,1
SkyJet,Seattle,Houston,1279,14,16,5,3,Cloudy,Low,0
NorthStar,Denver,New York,842,0,1,5,6,Rain,High,1
NorthStar,Los Angeles,Denver,978,23,0,7,9,Clear,Low,0
PacificFly,Houston,Dallas,1346,0,2,4,9,Rain,High,0
NorthStar,Atlanta,Denver,1788,13,16,7,5,Fog,Medium,0
BlueWing,Seattle,Boston,2361,20,0,1,8,Clear,Low,1
AeroLine,Denver,Chicago,400,7,8,3,9,Clear,Medium,0
PacificFly,Chicago,Boston,1573,19,22,6,11,Rain,Low,0
PacificFly,Houston,Atlanta,642,17,18,7,10,Rain,High,0
PacificFly,Chicago,New York,1758,19,22,1,9,Storm,High,1
PacificFly,Houston,Denver,517,13,14,2,2,Storm,Low,0
AeroLine,Houston,Dallas,716,18,19,7,6,Clear,Low,0
NorthStar,Chicago,Miami,729,3,4,1,1,Fog,Medium,0
PacificFly,Atlanta,Chicago,933,21,22,1,1,Storm,Low,1
PacificFly,Houston,Dallas,1926,5,8,6,6,Cloudy,Low,0
SkyJet,New York,Dallas,1693,11,14,7,2,Rain,Low,1
SkyJet,Chicago,Seattle,1667,12,15,5,9,Clear,Low,0
NorthStar,Boston,Dallas,580,4,5,2,7,Clear,Low,0
NorthStar,Seattle,New York,869,9,10,5,7,Snow,High,1
NorthStar,Denver,Atlanta,701,5,6,1,6,Rain,Medium,0
NorthStar,New York,Chicago,1420,15,17,3,1,Clear,Medium,0
PacificFly,Dallas,Chicago,643,8,9,1,8,Clear,Low,0
NorthStar,Miami,Los Angeles,712,12,13,3,7,Clear,Medium,0
PacificFly,Boston,Chicago,1497,12,14,7,5,Clear,Low,0
AeroLine,Chicago,Denver,1725,11,14,1,2,Clear,Low,0
AeroLine,Seattle,Chicago,678,7,8,3,5,Rain,Low,0
NorthStar,Denver,Boston,1587,16,19,2,3,Cloudy,Low,0
BlueWing,New York,Boston,800,0,1,2,8,Clear,High,0
SunAir,Miami,New York,2019,23,3,1,5,Cloudy,Medium,0
BlueWing,Los Angeles,New York,1131,12,14,3,6,Cloudy,Medium,1
SkyJet,Boston,New York,1206,23,1,5,3,Clear,Low,0
PacificFly,Seattle,New York,1736,18,21,6,12,Clear,Medium,1
SkyJet,Dallas,New York,432,7,8,1,8,Rain,Low,0
NorthStar,Seattle,Denver,1297,18,20,7,2,Clear,Low,0
SunAir,Los Angeles,Atlanta,1341,3,5,6,1,Storm,Low,1
SkyJet,New York,Boston,1423,0,2,4,9,Rain,High,1
AeroLine,Denver,New York,821,6,7,2,9,Clear,Medium,0
SunAir,Boston,Miami,1721,15,18,6,1,Fog,Medium,1
AeroLine,Chicago,New York,2160,4,8,5,12,Clear,Low,0
NorthStar,Seattle,Chicago,1050,19,21,1,8,Clear,Medium,1
PacificFly,Houston,Boston,1050,22,0,5,1,Cloudy,Low,1
AeroLine,Denver,New York,1305,10,12,5,5,Clear,Low,0
PacificFly,Houston,New York,535,7,8,4,9,Clear,Medium,0
NorthStar,Los Angeles,Miami,1398,20,22,2,7,Fog,Medium,1
AeroLine,Chicago,Boston,1979,18,21,7,6,Clear,High,1
AeroLine,Seattle,Houston,553,22,23,1,2,Rain,High,1
AeroLine,Atlanta,Seattle,1753,2,5,6,4,Clear,Low,0
AeroLine,Seattle,New York,1323,6,8,2,9,Clear,Medium,0
NorthStar,Seattle,Los Angeles,2701,19,0,3,8,Cloudy,Medium,1
SunAir,Miami,Dallas,804,10,11,7,4,Clear,High,0
SkyJet,Dallas,Miami,1404,21,23,6,6,Clear,Low,0
AeroLine,Los Angeles,Denver,1670,5,8,6,8,Rain,Medium,1
AeroLine,New York,Chicago,1414,23,1,2,1,Fog,Low,0
BlueWing,New York,Atlanta,1376,8,10,7,12,Rain,High,1
BlueWing,New York,Atlanta,1433,18,20,5,10,Clear,Low,0
PacificFly,Atlanta,Boston,1342,8,10,1,5,Rain,Medium,1
BlueWing,Chicago,Boston,2031,18,22,1,6,Rain,Low,0
BlueWing,Los Angeles,Dallas,1074,2,4,5,4,Clear,High,0
BlueWing,Chicago,Miami,1505,7,10,7,7,Rain,Medium,0
NorthStar,Dallas,Boston,1059,20,22,6,5,Fog,Low,1
BlueWing,Chicago,New York,1981,0,3,2,2,Rain,Low,0
SkyJet,Dallas,Miami,1104,16,18,7,9,Fog,High,1
SunAir,Chicago,New York,273,7,8,4,10,Cloudy,Medium,0
AeroLine,Boston,Los Angeles,1145,13,15,7,11,Storm,Medium,0
SkyJet,New York,Dallas,1083,5,7,5,8,Clear,Medium,1
PacificFly,Denver,Chicago,712,8,9,7,10,Clear,Medium,0
SunAir,New York,Chicago,1541,15,18,4,1,Fog,Medium,1
PacificFly,New York,Los Angeles,2050,2,6,6,9,Cloudy,High,1
BlueWing,Los Angeles,Dallas,1400,11,13,4,10,Cloudy,Medium,0
AeroLine,Atlanta,Dallas,539,18,19,1,7,Cloudy,Medium,1
SunAir,Boston,Los Angeles,1307,10,12,4,9,Cloudy,Low,0
PacificFly,Los Angeles,Dallas,232,7,8,4,10,Cloudy,Medium,0
SunAir,Seattle,Los Angeles,1046,17,19,4,3,Clear,Medium,0
PacificFly,Atlanta,Dallas,2111,8,12,4,7,Storm,Medium,1
AeroLine,Atlanta,Dallas,1554,21,0,5,1,Cloudy,Low,0
NorthStar,Seattle,Los Angeles,414,21,22,7,5,Rain,Low,1
NorthStar,Denver,Atlanta,1323,11,13,7,8,Cloudy,Low,0
BlueWing,Denver,Chicago,1455,21,23,3,2,Clear,Low,0
SunAir,Chicago,Boston,1313,7,9,2,9,Clear,Low,0
NorthStar,Seattle,Dallas,633,8,9,3,1,Clear,High,0
SunAir,Seattle,Dallas,1596,1,4,5,12,Clear,Low,0
NorthStar,Chicago,Atlanta,1447,3,5,7,1,Clear,Medium,0
SkyJet,Miami,Dallas,1105,0,2,1,5,Cloudy,Medium,1
PacificFly,Dallas,New York,1285,5,7,5,3,Clear,High,0
BlueWing,Atlanta,Chicago,1278,20,22,4,4,Cloudy,High,0
AeroLine,Los Angeles,Houston,798,23,0,3,11,Clear,Low,0
NorthStar,Boston,Houston,377,2,3,1,3,Cloudy,Medium,0
BlueWing,Chicago,New York,1528,21,0,2,7,Snow,Medium,1
NorthStar,Houston,Dallas,995,11,12,5,4,Snow,Medium,1
SunAir,Chicago,Dallas,1294,4,6,6,12,Rain,Medium,0
SunAir,Dallas,Atlanta,2314,14,18,7,12,Clear,Low,0
NorthStar,Denver,Miami,1742,22,1,3,11,Rain,High,0
AeroLine,Atlanta,Chicago,1361,11,13,4,7,Clear,Medium,0
SunAir,Denver,Boston,1179,23,1,1,3,Rain,High,0
SunAir,New York,Atlanta,1295,23,1,2,5,Snow,Medium,1
AeroLine,Boston,Houston,1571,20,23,7,8,Clear,Medium,0
SunAir,Chicago,Boston,2115,21,1,7,12,Rain,Low,0
AeroLine,Dallas,Boston,1072,4,6,7,11,Snow,Medium,0
PacificFly,Houston,Seattle,1640,17,20,5,1,Clear,Low,0
PacificFly,Chicago,Houston,929,5,6,3,11,Rain,Low,0
SkyJet,New York,Seattle,1979,9,12,5,5,Clear,Low,0
NorthStar,Denver,Los Angeles,878,17,18,1,8,Clear,Low,0
SkyJet,New York,Houston,1652,15,18,5,5,Clear,Low,0
NorthStar,Boston,New York,2299,21,1,7,2,Cloudy,Low,0
PacificFly,Los Angeles,Chicago,1677,2,5,5,3,Storm,Low,1
NorthStar,Houston,Chicago,927,15,16,7,6,Rain,Low,1
BlueWing,Denver,New York,292,2,3,3,5,Snow,High,1
AeroLine,Chicago,Dallas,150,15,16,6,6,Fog,Medium,1
SkyJet,Dallas,New York,1999,9,12,7,10,Clear,Low,0
AeroLine,Dallas,Houston,1294,3,5,5,12,Clear,Low,1
SunAir,Dallas,Denver,1640,3,6,2,7,Cloudy,Medium,1
SkyJet,Houston,Boston,1998,11,14,1,12,Clear,High,0
BlueWing,Houston,Atlanta,743,19,20,7,10,Cloudy,Low,0
SkyJet,New York,Houston,1638,5,8,1,2,Storm,Medium,1
SkyJet,Houston,Los Angeles,873,3,4,2,7,Clear,Medium,0
PacificFly,Denver,Los Angeles,832,7,8,4,9,Rain,High,1
SunAir,Dallas,Chicago,1412,0,2,2,3,Clear,Medium,0
PacificFly,Atlanta,Miami,1450,17,19,6,11,Cloudy,High,0
BlueWing,Atlanta,Denver,1626,23,2,1,4,Rain,Low,0
NorthStar,Dallas,Chicago,904,17,18,3,10,Clear,Low,0
SunAir,Denver,Atlanta,790,15,16,1,3,Cloudy,Medium,0
AeroLine,Seattle,Los Angeles,387,7,8,4,5,Cloudy,Medium,0
SkyJet,Denver,Houston,1798,1,4,1,3,Fog,Medium,1
SkyJet,Chicago,Seattle,1098,0,2,4,8,Clear,Medium,0
SkyJet,Seattle,Los Angeles,835,1,2,7,12,Cloudy,High,1
BlueWing,New York,Atlanta,1480,15,17,3,2,Cloudy,Low,0
AeroLine,Miami,Chicago,1020,10,12,3,6,Rain,High,0
SkyJet,Atlanta,Dallas,1082,12,14,5,4,Cloudy,Low,1
SkyJet,New York,Dallas,1835,5,8,7,10,Fog,Low,1
NorthStar,Dallas,Houston,1307,22,0,1,10,Clear,Medium,1
SkyJet,Boston,Houston,1102,11,13,7,5,Cloudy,Low,0
AeroLine,Dallas,New York,1016,9,11,2,1,Fog,Medium,1
SkyJet,Seattle,Los Angeles,1622,3,6,4,3,Clear,Medium,0
PacificFly,Chicago,Miami,1451,16,18,1,5,Snow,Low,0
NorthStar,Seattle,Chicago,1728,21,0,5,5,Clear,Low,0
AeroLine,Los Angeles,Houston,709,23,0,6,5,Fog,Low,0
PacificFly,New York,Los Angeles,1684,13,16,3,4,Clear,High,0
BlueWing,Miami,Denver,1626,10,13,4,10,Clear,Low,0
SkyJet,Houston,Boston,1424,6,8,4,9,Snow,Low,0
BlueWing,Chicago,Dallas,1276,22,0,1,7,Storm,High,1
SunAir,Chicago,Los Angeles,2867,2,7,6,11,Storm,Medium,0
SkyJet,Los Angeles,Chicago,1374,15,17,5,1,Snow,High,0
PacificFly,Miami,Denver,2170,9,13,5,9,Clear,High,1
PacificFly,Atlanta,Chicago,1716,22,1,6,2,Snow,High,1
SkyJet,Seattle,Los Angeles,1598,14,17,3,8,Rain,Low,1
NorthStar,Houston,Seattle,1733,0,3,4,9,Storm,Medium,1
NorthStar,Dallas,Miami,1448,20,22,4,2,Clear,Low,0
PacificFly,Dallas,Denver,848,4,5,3,1,Clear,Medium,0
AeroLine,Dallas,New York,1720,9,12,2,1,Snow,Medium,1
NorthStar,Dallas,Boston,938,12,13,1,3,Clear,Low,0
PacificFly,New York,Houston,1343,13,15,2,6,Rain,Low,0
NorthStar,New York,Atlanta,870,4,5,6,1,Clear,Low,0
BlueWing,Chicago,Boston,1151,6,8,5,5,Cloudy,Medium,0
BlueWing,New York,Boston,2668,17,22,5,11,Snow,Medium,1
SunAir,New York,Boston,1852,21,0,5,1,Cloudy,Medium,0
PacificFly,Houston,Dallas,150,4,5,1,1,Clear,Low,0
BlueWing,Miami,Dallas,1833,1,4,6,6,Snow,High,1
SunAir,Los Angeles,Miami,1872,11,14,5,5,Fog,Medium,1
BlueWing,Houston,New York,1488,20,22,4,5,Fog,Medium,1
AeroLine,Atlanta,Boston,1818,10,13,7,3,Cloudy,Low,0
PacificFly,Seattle,Atlanta,898,5,6,7,5,Cloudy,Low,0
NorthStar,Miami,Los Angeles,844,22,23,7,12,Rain,Medium,0
PacificFly,Dallas,Houston,991,20,21,3,9,Clear,Medium,0
PacificFly,Seattle,Los Angeles,1510,7,10,2,7,Cloudy,Low,0
NorthStar,New York,Los Angeles,1133,10,12,2,8,Cloudy,High,0
PacificFly,Miami,Denver,480,4,5,2,7,Clear,Low,0
AeroLine,Dallas,Los Angeles,857,16,17,5,2,Clear,High,1
BlueWing,Houston,Denver,961,18,19,5,12,Cloudy,Medium,1
SkyJet,Los Angeles,New York,1437,4,6,4,10,Rain,Medium,1
BlueWing,Seattle,Atlanta,1357,12,14,7,5,Fog,Medium,0
PacificFly,Los Angeles,Denver,746,19,20,2,2,Clear,Low,1
SkyJet,Houston,Miami,1049,5,7,4,1,Clear,Medium,0
AeroLine,Houston,Chicago,1131,17,19,7,9,Storm,Medium,1
AeroLine,Atlanta,Boston,979,3,4,1,12,Fog,Low,0
SunAir,Dallas,Miami,1313,22,0,2,2,Snow,Medium,0
SunAir,Miami,Denver,1971,0,3,4,2,Clear,Low,0
BlueWing,Miami,Boston,1904,23,2,2,9,Cloudy,Medium,0
NorthStar,Chicago,Houston,1544,1,4,5,11,Snow,Medium,1
BlueWing,Dallas,New York,1776,5,8,3,6,Clear,Low,0
SunAir,Seattle,New York,1352,1,3,6,4,Clear,Low,0
AeroLine,New York,Boston,1333,1,3,4,7,Rain,Medium,1
BlueWing,Chicago,New York,305,20,21,7,1,Clear,High,1
SunAir,Boston,Atlanta,1554,15,18,3,8,Cloudy,Medium,0
SkyJet,Los Angeles,Seattle,542,3,4,3,2,Clear,Medium,0
SkyJet,New York,Seattle,1579,15,18,3,11,Snow,Low,1
PacificFly,Denver,New York,1322,20,22,3,10,Cloudy,Low,1
PacificFly,Dallas,Denver,1364,3,5,6,10,Snow,Low,0
SkyJet,Houston,Boston,834,23,0,4,10,Rain,High,0
BlueWing,Atlanta,Miami,1448,7,9,5,3,Clear,High,0
PacificFly,New York,Houston,649,4,5,2,4,Snow,Medium,1
BlueWing,Denver,Chicago,1322,6,8,4,8,Clear,Medium,1
SunAir,Chicago,Miami,1186,2,4,3,12,Rain,Medium,1
NorthStar,Miami,Boston,1340,12,14,5,8,Rain,Medium,1
AeroLine,Seattle,Houston,1117,2,4,2,7,Clear,Low,1
SkyJet,New York,Houston,1670,17,20,1,6,Clear,Low,0
AeroLine,Houston,Boston,1334,8,10,4,9,Rain,High,0
PacificFly,Miami,Los Angeles,893,12,13,3,1,Snow,Low,0
BlueWing,Miami,Los Angeles,1409,16,18,5,11,Rain,Low,0
AeroLine,Chicago,Dallas,1711,11,14,7,2,Snow,Low,0
NorthStar,Los Angeles,Miami,1167,1,3,4,11,Rain,Low,0
NorthStar,Boston,Seattle,2132,1,5,1,11,Rain,Low,1
AeroLine,Denver,Dallas,1742,4,7,3,11,Cloudy,Medium,0
SunAir,New York,Los Angeles,1973,3,6,1,5,Fog,High,1
BlueWing,Atlanta,Los Angeles,1986,18,21,2,1,Rain,Medium,1
AeroLine,Dallas,Chicago,1949,4,7,7,1,Clear,Low,0
BlueWing,Dallas,Seattle,1761,17,20,6,8,Cloudy,Low,0
SkyJet,Denver,Seattle,552,3,4,2,11,Rain,Low,0
NorthStar,Boston,Houston,846,21,22,3,3,Fog,Low,1
BlueWing,Denver,Atlanta,1083,14,16,2,3,Clear,Low,0
SunAir,Houston,Atlanta,1783,21,0,1,8,Storm,Low,1
PacificFly,Denver,Houston,150,5,6,6,11,Clear,High,0
SunAir,New York,Los Angeles,1786,18,21,5,4,Clear,High,0
BlueWing,Los Angeles,Houston,1880,13,16,5,2,Cloudy,Medium,1
AeroLine,Chicago,Houston,1532,23,2,4,8,Storm,High,0
SkyJet,New York,Dallas,945,23,0,3,10,Snow,High,0
SkyJet,Seattle,New York,1253,4,6,2,10,Storm,Low,0
NorthStar,Chicago,Los Angeles,799,1,2,5,9,Snow,Medium,1
NorthStar,Boston,Seattle,630,19,20,2,12,Cloudy,Low,0
BlueWing,Dallas,Chicago,1339,4,6,7,4,Cloudy,High,0
SkyJet,New York,Los Angeles,969,4,5,6,8,Clear,Low,0
SkyJet,Denver,Atlanta,2159,22,2,2,9,Clear,Medium,0
BlueWing,Seattle,New York,1030,23,1,6,12,Fog,Low,0
SunAir,Chicago,Atlanta,1986,0,3,4,10,Snow,Low,0
NorthStar,Dallas,Seattle,1482,3,5,6,2,Rain,Low,0
NorthStar,Miami,Denver,1588,7,10,2,1,Rain,Medium,0
PacificFly,Miami,Los Angeles,1888,19,22,6,4,Cloudy,Low,1
PacificFly,Boston,Chicago,1758,20,23,3,1,Clear,Low,1
PacificFly,Dallas,Boston,1283,13,15,4,10,Cloudy,Low,0
PacificFly,Houston,New York,1404,9,11,7,9,Clear,Medium,1
NorthStar,Chicago,Seattle,1452,18,20,2,8,Storm,Low,1
PacificFly,Denver,Atlanta,922,6,7,1,7,Clear,Medium,1
AeroLine,Denver,Seattle,993,9,10,7,9,Clear,Low,0
BlueWing,Houston,Seattle,1458,1,3,4,6,Fog,Medium,1
SkyJet,Seattle,Denver,957,13,14,6,10,Clear,Medium,0
SkyJet,New York,Seattle,428,18,19,1,3,Clear,Medium,1
SkyJet,Los Angeles,Boston,850,23,0,2,3,Clear,Medium,0
SkyJet,Miami,Seattle,1447,17,19,1,10,Rain,High,1
BlueWing,Dallas,New York,1454,22,0,5,3,Clear,Medium,1
NorthStar,Seattle,Atlanta,1517,3,6,5,1,Rain,High,1
AeroLine,Chicago,Los Angeles,1397,19,21,1,11,Clear,Medium,0
BlueWing,Dallas,Los Angeles,1980,8,11,6,11,Rain,Medium,0
NorthStar,Dallas,Denver,392,23,0,6,2,Snow,High,1
BlueWing,Atlanta,Boston,969,7,8,2,4,Clear,Low,0
AeroLine,Atlanta,Houston,1336,23,1,2,8,Clear,Medium,0
NorthStar,Seattle,Los Angeles,978,16,17,1,2,Clear,Low,0
SkyJet,Atlanta,New York,1427,7,9,5,5,Cloudy,Low,0
NorthStar,Boston,Houston,439,9,10,5,10,Cloudy,High,0
PacificFly,Denver,Dallas,1651,6,9,5,8,Clear,Low,0
SunAir,Denver,Los Angeles,2236,9,13,6,12,Clear,Medium,0
BlueWing,Dallas,Seattle,1027,11,13,7,9,Rain,Medium,1
SunAir,New York,Denver,1521,5,8,6,1,Cloudy,Low,1
SunAir,Boston,Dallas,1445,7,9,3,6,Clear,High,0
BlueWing,Seattle,Chicago,809,10,11,7,12,Clear,Medium,0
SunAir,Atlanta,Boston,1374,9,11,5,4,Rain,Medium,0
BlueWing,Houston,Seattle,627,18,19,6,12,Rain,Medium,1
SunAir,Seattle,Dallas,928,15,16,5,5,Fog,High,1
BlueWing,Dallas,Houston,892,15,16,4,6,Rain,Low,0
SkyJet,Los Angeles,Miami,1030,4,6,3,12,Cloudy,Low,0
BlueWing,Boston,Seattle,1725,14,17,4,11,Cloudy,Medium,0
AeroLine,New York,Denver,1145,0,2,1,9,Clear,Medium,0
AeroLine,Houston,Miami,421,0,1,7,9,Rain,Medium,1
NorthStar,Denver,Atlanta,1409,1,3,5,7,Clear,Medium,1
NorthStar,Chicago,Miami,963,18,19,4,2,Rain,Low,0
PacificFly,Seattle,New York,774,2,3,5,11,Cloudy,Low,0
SunAir,Dallas,Seattle,1045,11,13,3,6,Clear,High,1
PacificFly,Boston,New York,799,5,6,5,4,Cloudy,Low,0
SunAir,Chicago,Houston,858,1,2,1,6,Clear,Medium,0
NorthStar,Denver,Los Angeles,1614,8,11,2,11,Snow,Medium,1
SunAir,Seattle,Miami,1824,13,16,4,3,Fog,Medium,1
BlueWing,Houston,Boston,1421,6,8,4,3,Clear,High,0
BlueWing,Los Angeles,Denver,1457,15,17,4,1,Snow,High,1
SkyJet,Dallas,Miami,2406,3,7,7,1,Clear,Medium,0
PacificFly,Atlanta,Seattle,1266,22,0,7,4,Storm,Low,1
PacificFly,Los Angeles,Miami,1457,19,21,5,5,Clear,Low,0
SkyJet,Los Angeles,Seattle,717,0,1,1,9,Rain,Medium,0
NorthStar,Miami,Chicago,650,22,23,4,11,Storm,Medium,1
BlueWing,Seattle,Boston,2209,7,11,6,10,Snow,Low,1
NorthStar,Houston,Denver,548,6,7,3,5,Snow,Medium,1
NorthStar,Boston,Chicago,1210,11,13,5,9,Storm,High,1
AeroLine,Boston,Chicago,1234,22,0,5,2,Fog,Medium,1
SunAir,Seattle,Miami,1205,1,3,4,1,Rain,Medium,0
PacificFly,Dallas,Atlanta,649,20,21,5,6,Clear,Low,0
PacificFly,New York,Seattle,780,9,10,7,1,Cloudy,Low,0
PacificFly,Denver,Houston,1444,3,5,2,8,Clear,Medium,0
SunAir,Miami,Houston,1498,14,16,6,9,Clear,Low,0
NorthStar,Miami,Chicago,530,3,4,3,5,Storm,High,1
NorthStar,Los Angeles,Atlanta,1141,20,22,2,5,Cloudy,Medium,1
NorthStar,Chicago,Boston,150,2,3,2,4,Rain,Low,1
AeroLine,Houston,Los Angeles,1939,2,5,1,3,Rain,Medium,1
AeroLine,Miami,Seattle,860,0,1,5,4,Storm,High,1
PacificFly,Chicago,Atlanta,874,12,13,4,4,Fog,High,1
PacificFly,Los Angeles,Atlanta,1621,7,10,5,2,Cloudy,Medium,0
AeroLine,Atlanta,Dallas,458,23,0,5,11,Clear,Low,0
SkyJet,Boston,Dallas,1096,6,8,1,12,Storm,Medium,0
NorthStar,Boston,Dallas,1728,15,18,4,1,Rain,Low,0
SunAir,Houston,Atlanta,1190,21,23,6,3,Clear,High,0
SunAir,Seattle,New York,1724,20,23,1,1,Rain,Medium,0
NorthStar,Seattle,Boston,792,15,16,4,10,Clear,High,0
SkyJet,Denver,Atlanta,411,17,18,3,8,Cloudy,High,1
PacificFly,Houston,Dallas,1814,3,6,5,5,Fog,Low,1
PacificFly,Boston,Atlanta,224,0,1,6,3,Rain,Low,1
SkyJet,Atlanta,Houston,743,3,4,7,8,Cloudy,Medium,0
SunAir,Seattle,Miami,861,1,2,6,4,Clear,Medium,0
PacificFly,Denver,Houston,150,15,16,7,1,Clear,High,1
BlueWing,Seattle,Denver,757,20,21,2,6,Clear,High,0
BlueWing,Los Angeles,Boston,728,13,14,4,12,Clear,High,1
SkyJet,Chicago,Dallas,597,5,6,4,8,Rain,High,1
SkyJet,Miami,Boston,1040,11,13,4,6,Storm,Low,1
SkyJet,Houston,Miami,167,3,4,4,8,Clear,Low,0
SunAir,New York,Dallas,1216,10,12,3,3,Rain,High,0
SunAir,New York,Atlanta,2430,0,4,4,9,Clear,Low,0
SkyJet,Dallas,Atlanta,1794,6,9,5,12,Cloudy,Medium,0
SunAir,Boston,New York,432,8,9,3,10,Snow,Low,1
AeroLine,Atlanta,Boston,319,18,19,5,10,Rain,Medium,1
PacificFly,Atlanta,Seattle,1354,3,5,7,5,Clear,Low,0
SkyJet,Dallas,Denver,407,16,17,2,11,Clear,Medium,1
BlueWing,Atlanta,Houston,990,7,8,1,2,Clear,Low,0
PacificFly,New York,Houston,947,23,0,5,12,Cloudy,Medium,0
NorthStar,Dallas,Los Angeles,1600,0,3,7,12,Clear,Medium,1
AeroLine,Boston,New York,782,5,6,6,6,Cloudy,Low,0
SkyJet,New York,Atlanta,1431,7,9,5,8,Cloudy,Medium,0
PacificFly,Denver,Los Angeles,1220,10,12,2,8,Snow,Medium,0
NorthStar,Houston,Dallas,637,17,18,6,5,Clear,Medium,0
BlueWing,Atlanta,Denver,1378,8,10,5,11,Fog,Low,1
PacificFly,Los Angeles,Boston,1554,5,8,5,10,Cloudy,Low,0
AeroLine,Seattle,Atlanta,903,18,19,2,6,Rain,High,1
SunAir,Chicago,Dallas,1616,12,15,3,11,Fog,Low,0
SunAir,Boston,Atlanta,692,17,18,7,11,Storm,Low,1
PacificFly,Atlanta,New York,1406,10,12,2,6,Fog,Low,0
SkyJet,Boston,Miami,733,14,15,6,9,Snow,High,0
PacificFly,Seattle,Miami,1780,22,1,5,10,Cloudy,High,1
SunAir,Atlanta,Chicago,329,21,22,4,8,Clear,Medium,0
SunAir,Atlanta,Los Angeles,1047,8,10,4,10,Fog,Low,1
NorthStar,Dallas,Atlanta,826,7,8,5,7,Clear,Low,1
AeroLine,Seattle,Houston,896,14,15,1,5,Fog,High,0
PacificFly,Chicago,Seattle,2611,4,9,5,1,Clear,Medium,0
NorthStar,Los Angeles,Atlanta,1423,13,15,5,5,Rain,Medium,0
NorthStar,Chicago,Los Angeles,988,1,2,1,8,Clear,Low,0
BlueWing,Miami,Boston,2595,17,22,5,8,Snow,Low,0
BlueWing,Houston,Chicago,967,10,11,2,10,Rain,Medium,1
SkyJet,Seattle,Dallas,1007,19,21,5,4,Cloudy,Low,0
PacificFly,Dallas,Boston,1040,16,18,4,8,Clear,High,0
PacificFly,Boston,Los Angeles,870,22,23,2,1,Fog,Medium,1
PacificFly,Atlanta,New York,852,20,21,4,6,Clear,Low,0
PacificFly,Houston,Chicago,1091,21,23,6,9,Rain,Medium,0
SunAir,New York,Denver,1943,16,19,6,9,Fog,Medium,1
SkyJet,Los Angeles,Chicago,1309,20,22,4,6,Clear,Low,0
NorthStar,Houston,Los Angeles,1178,1,3,5,9,Clear,Medium,0
PacificFly,Boston,Seattle,754,17,18,1,6,Snow,High,0
AeroLine,New York,Denver,1793,16,19,6,11,Clear,Medium,1
NorthStar,Chicago,Denver,1645,11,14,5,5,Clear,High,0
BlueWing,Miami,Chicago,1639,1,4,2,11,Clear,High,0
SunAir,Boston,New York,946,14,15,6,12,Rain,High,1
SkyJet,New York,Denver,1345,1,3,6,2,Cloudy,Medium,0
BlueWing,Seattle,Denver,962,16,17,3,7,Cloudy,Low,0
BlueWing,Seattle,Chicago,1420,1,3,1,9,Fog,Low,0
NorthStar,New York,Seattle,1606,7,10,2,6,Rain,Low,1
PacificFly,Chicago,Houston,595,4,5,5,6,Cloudy,Low,0
BlueWing,Dallas,Los Angeles,1534,8,11,5,3,Snow,Low,0
NorthStar,Los Angeles,Houston,954,16,17,1,8,Storm,High,1
AeroLine,Houston,New York,1498,15,17,4,5,Rain,Medium,0
NorthStar,Boston,Dallas,1729,22,1,7,11,Clear,High,0
SunAir,Dallas,Los Angeles,936,14,15,6,11,Cloudy,Medium,1
PacificFly,Seattle,New York,1428,3,5,2,11,Storm,High,1
BlueWing,Boston,Miami,1617,20,23,4,2,Rain,Low,1
SkyJet,Atlanta,Boston,1223,15,17,3,5,Rain,Medium,1
PacificFly,Seattle,Denver,787,0,1,6,3,Clear,Low,0
SkyJet,Miami,Boston,1434,23,1,1,8,Cloudy,Medium,0
AeroLine,Dallas,Houston,1341,6,8,5,9,Clear,Low,0
PacificFly,New York,Chicago,1187,0,2,5,8,Cloudy,Low,0
PacificFly,Denver,Chicago,1174,20,22,7,12,Cloudy,Low,1
SunAir,New York,Chicago,742,16,17,7,2,Clear,Medium,1
PacificFly,Miami,Chicago,546,2,3,1,2,Clear,High,1
BlueWing,Chicago,Miami,1383,4,6,2,7,Rain,Low,0
NorthStar,Dallas,Boston,263,3,4,7,1,Rain,Medium,1
NorthStar,Dallas,Atlanta,1506,7,10,7,1,Rain,Low,0
BlueWing,Atlanta,New York,362,23,0,3,11,Snow,Medium,1
BlueWing,Dallas,Atlanta,2265,3,7,1,7,Clear,Medium,1
NorthStar,Atlanta,Chicago,673,6,7,2,2,Snow,High,1
PacificFly,Atlanta,Boston,862,2,3,7,3,Cloudy,Low,0
PacificFly,Dallas,Atlanta,584,2,3,6,4,Storm,High,0
BlueWing,New York,Miami,1269,13,15,3,2,Cloudy,Medium,1
NorthStar,New York,Houston,685,3,4,3,10,Clear,Low,0
BlueWing,Seattle,Miami,1846,23,2,5,7,Clear,Low,1
AeroLine,Los Angeles,Chicago,366,5,6,7,12,Rain,Low,1
BlueWing,New York,Chicago,689,8,9,5,12,Rain,Medium,1
PacificFly,Denver,Dallas,747,7,8,3,5,Rain,Low,0
AeroLine,Atlanta,Miami,1054,3,5,3,7,Clear,Medium,0
SkyJet,Miami,Chicago,864,21,22,7,2,Snow,Low,1
NorthStar,Seattle,Miami,2432,19,23,3,7,Snow,Medium,1
AeroLine,Denver,Dallas,150,2,3,3,7,Rain,Medium,0
AeroLine,Miami,Boston,514,1,2,5,7,Fog,Low,1
BlueWing,Miami,Boston,1562,4,7,5,5,Cloudy,High,0
SkyJet,Chicago,Denver,396,19,20,5,11,Clear,Medium,1
BlueWing,Boston,Seattle,431,20,21,4,2,Cloudy,Medium,0
PacificFly,Denver,Miami,1035,16,18,6,7,Clear,Low,0
AeroLine,Dallas,Seattle,695,18,19,2,10,Cloudy,High,1
SunAir,Seattle,Dallas,344,15,16,4,9,Rain,Low,1
NorthStar,Los Angeles,Boston,970,13,14,3,9,Clear,Medium,1
SunAir,Dallas,Boston,1387,3,5,2,3,Storm,Low,0
BlueWing,Los Angeles,Boston,943,0,1,1,3,Storm,Medium,1
BlueWing,Dallas,Houston,952,7,8,7,8,Clear,Low,0
AeroLine,Denver,Atlanta,553,11,12,6,3,Clear,Medium,0
SkyJet,Chicago,Denver,2066,10,14,5,2,Clear,Medium,0
SunAir,Boston,Seattle,1030,4,6,2,3,Rain,Medium,0
SkyJet,Miami,Boston,668,2,3,1,11,Rain,Medium,0
BlueWing,Boston,Dallas,685,19,20,4,2,Fog,High,0
NorthStar,Boston,Seattle,965,5,6,2,10,Clear,Low,0
NorthStar,New York,Dallas,1063,19,21,2,7,Rain,Low,0
PacificFly,Denver,Houston,1719,9,12,5,12,Snow,High,1
PacificFly,Chicago,Denver,1529,11,14,1,3,Clear,Medium,0
NorthStar,Chicago,Dallas,972,10,11,3,9,Cloudy,Low,0
AeroLine,Boston,New York,1526,18,21,1,5,Cloudy,Medium,1
BlueWing,Seattle,Chicago,1434,9,11,2,5,Clear,Low,0
NorthStar,Chicago,Miami,671,20,21,5,10,Cloudy,Low,1
NorthStar,Los Angeles,Denver,1611,22,1,5,12,Rain,Medium,0
NorthStar,Boston,Denver,1463,5,7,4,1,Clear,Medium,1
NorthStar,Atlanta,New York,1523,2,5,6,1,Storm,Low,1
AeroLine,Los Angeles,Houston,1585,13,16,7,9,Rain,Medium,1
SkyJet,Atlanta,Los Angeles,1120,10,12,3,10,Storm,High,1
SunAir,Los Angeles,Miami,1173,14,16,6,3,Fog,Medium,1
SunAir,Seattle,Chicago,1368,10,12,4,6,Snow,Medium,1
NorthStar,Seattle,Chicago,2208,8,12,6,8,Snow,Low,0
AeroLine,Houston,Atlanta,282,1,2,1,3,Cloudy,Low,0
SunAir,Seattle,Chicago,1508,16,19,4,4,Clear,High,0
NorthStar,Los Angeles,Boston,1111,12,14,1,2,Snow,Low,0
AeroLine,Boston,Houston,2017,14,18,6,2,Cloudy,Medium,0
SkyJet,Boston,Miami,2223,14,18,5,8,Rain,Low,0
SunAir,Houston,Dallas,150,6,7,3,9,Cloudy,Medium,0
SkyJet,New York,Denver,348,22,23,4,12,Storm,Medium,0
AeroLine,Los Angeles,Houston,1754,19,22,5,12,Rain,Medium,0
SkyJet,Chicago,Denver,683,18,19,6,11,Rain,Medium,1
SkyJet,Houston,New York,713,11,12,4,5,Clear,High,1
BlueWing,Dallas,Seattle,1170,22,0,4,12,Rain,Medium,0
AeroLine,Miami,Chicago,822,4,5,1,3,Clear,Medium,0
PacificFly,Boston,Dallas,447,1,2,2,3,Rain,Low,0
PacificFly,Miami,Chicago,1862,1,4,6,1,Rain,Low,1
PacificFly,Chicago,Dallas,542,18,19,6,4,Fog,Low,1
SkyJet,Boston,Miami,1166,20,22,7,10,Clear,High,0
SunAir,Houston,Seattle,1893,1,4,6,10,Clear,Low,0
BlueWing,Boston,Atlanta,905,23,0,2,3,Cloudy,Medium,0
SkyJet,Los Angeles,Atlanta,598,3,4,7,10,Clear,High,1
NorthStar,Boston,Denver,1210,2,4,7,9,Storm,High,1
PacificFly,Boston,Atlanta,1651,1,4,2,6,Fog,Medium,0
PacificFly,New York,Dallas,1463,17,19,4,11,Clear,High,0
PacificFly,Miami,Los Angeles,1611,14,17,1,12,Clear,Low,0
SkyJet,Chicago,Seattle,1569,19,22,5,3,Clear,Medium,1
SunAir,Houston,Dallas,1551,23,2,6,1,Clear,Medium,0
SkyJet,Boston,Miami,964,11,12,5,6,Cloudy,Low,0
AeroLine,Boston,Miami,350,9,10,4,6,Clear,Low,0
SunAir,Miami,Seattle,420,9,10,4,2,Cloudy,High,1
PacificFly,New York,Dallas,1307,2,4,3,2,Fog,Medium,1
BlueWing,Miami,New York,799,8,9,5,5,Rain,Low,1
SkyJet,Atlanta,Miami,2046,10,14,1,9,Clear,Low,0
PacificFly,Seattle,New York,1090,2,4,4,7,Storm,Medium,1
SkyJet,Atlanta,Houston,1357,8,10,6,5,Clear,Medium,0
SkyJet,Dallas,Boston,2066,19,23,3,6,Clear,Low,0
BlueWing,Houston,Seattle,2022,21,1,6,9,Clear,High,0
PacificFly,New York,Miami,150,12,13,4,8,Clear,High,0
PacificFly,Atlanta,Boston,1387,2,4,7,4,Clear,High,0
PacificFly,Dallas,New York,1099,7,9,1,8,Storm,Medium,1
NorthStar,Dallas,New York,797,22,23,5,4,Clear,Low,0
PacificFly,Denver,Chicago,1057,21,23,6,6,Cloudy,Medium,0
SunAir,New York,Boston,410,4,5,2,7,Clear,Low,0
PacificFly,Houston,Boston,1285,23,1,5,7,Cloudy,High,1
PacificFly,Houston,Boston,956,7,8,6,7,Snow,Low,1
SkyJet,Dallas,New York,834,10,11,1,7,Cloudy,Low,0
BlueWing,Los Angeles,Boston,1165,4,6,1,12,Clear,Medium,1
PacificFly,Atlanta,Denver,1010,19,21,6,9,Fog,Low,0
SkyJet,Miami,Seattle,1204,6,8,1,9,Cloudy,Low,0
BlueWing,Chicago,Dallas,1582,4,7,2,12,Fog,Low,1
BlueWing,Chicago,Seattle,2303,3,7,2,4,Clear,High,0
PacificFly,Atlanta,Miami,150,23,0,2,10,Clear,Low,0
PacificFly,Atlanta,New York,1371,20,22,2,9,Cloudy,Low,0
AeroLine,Miami,Dallas,1836,17,20,1,8,Storm,High,1
AeroLine,Miami,Chicago,1279,16,18,5,11,Clear,Medium,0
SunAir,Denver,Chicago,245,0,1,5,7,Cloudy,Low,0
PacificFly,Seattle,Boston,1838,19,22,6,9,Clear,Low,0
SunAir,Seattle,Los Angeles,1030,17,19,3,8,Cloudy,Low,0
BlueWing,Los Angeles,Dallas,1186,9,11,3,8,Clear,Low,0
PacificFly,Houston,Boston,1717,15,18,2,11,Clear,Low,0
PacificFly,Los Angeles,Denver,1834,6,9,7,10,Clear,Low,0
SkyJet,Miami,Denver,1512,23,2,2,6,Clear,Low,1
AeroLine,Houston,Miami,480,23,0,4,7,Fog,Low,1
AeroLine,Seattle,Houston,850,15,16,4,1,Fog,Medium,1
AeroLine,Denver,Seattle,640,0,1,5,2,Cloudy,Low,0
BlueWing,Boston,Houston,1336,11,13,4,7,Cloudy,Low,1
PacificFly,Miami,Los Angeles,881,14,15,1,4,Rain,Low,1
BlueWing,Chicago,Houston,1742,20,23,3,3,Fog,Low,1
NorthStar,Miami,Boston,1605,10,13,2,1,Clear,Low,0
SunAir,Los Angeles,New York,1497,12,14,6,11,Cloudy,Medium,0
SkyJet,Miami,Denver,1143,16,18,7,7,Clear,Low,0
NorthStar,Dallas,Atlanta,500,20,21,3,6,Clear,Low,0
NorthStar,Los Angeles,Seattle,1680,4,7,7,8,Clear,Low,0
SunAir,Seattle,Atlanta,1546,16,19,6,1,Clear,Medium,0
SunAir,Dallas,Boston,729,18,19,6,6,Clear,Medium,1
BlueWing,Boston,Chicago,150,18,19,7,8,Fog,Low,1
BlueWing,New York,Atlanta,1654,19,22,3,6,Snow,Low,1
SkyJet,Houston,Chicago,977,20,21,1,7,Storm,Medium,1
SkyJet,Atlanta,Los Angeles,756,0,1,7,6,Snow,Medium,1
SkyJet,Chicago,Miami,1123,9,11,4,7,Clear,Medium,1
NorthStar,Houston,Chicago,955,12,13,1,4,Cloudy,Low,0
SunAir,Boston,Los Angeles,507,3,4,5,11,Snow,Medium,0
PacificFly,Los Angeles,Chicago,367,8,9,6,2,Snow,High,0
PacificFly,Miami,Dallas,1497,19,21,2,4,Storm,High,1
NorthStar,Boston,Miami,1017,19,21,3,8,Storm,Low,0
BlueWing,Dallas,Miami,1133,20,22,5,7,Cloudy,Low,1
PacificFly,Dallas,Houston,1176,2,4,3,3,Snow,Medium,0
AeroLine,Chicago,Denver,1282,4,6,1,12,Clear,Medium,1
SunAir,Dallas,Los Angeles,1092,6,8,1,3,Storm,Low,1
NorthStar,Houston,Miami,1257,1,3,2,1,Clear,Low,0
NorthStar,Los Angeles,Seattle,1885,22,1,1,8,Clear,Low,0
SunAir,Los Angeles,Chicago,1807,14,17,6,10,Clear,High,0
AeroLine,Chicago,New York,1921,2,5,5,9,Clear,Medium,0
SunAir,Denver,Houston,1220,5,7,1,10,Clear,Low,0
SkyJet,New York,Denver,1266,3,5,7,11,Cloudy,Medium,0
PacificFly,Atlanta,Seattle,1050,14,16,4,2,Snow,Medium,1
AeroLine,Seattle,Denver,605,11,12,3,7,Rain,Low,0
SunAir,Chicago,Houston,1098,5,7,1,2,Cloudy,Low,1
SkyJet,Atlanta,New York,1817,7,10,6,6,Clear,Low,0
PacificFly,Chicago,Seattle,1424,5,7,4,7,Clear,Low,1
PacificFly,New York,Denver,1904,0,3,2,4,Clear,Medium,0
PacificFly,Los Angeles,New York,1767,21,0,4,7,Fog,High,1
SunAir,Boston,Los Angeles,781,7,8,5,7,Cloudy,High,1
SunAir,Miami,Los Angeles,832,19,20,6,7,Storm,High,1
AeroLine,Miami,Chicago,1766,16,19,1,9,Clear,Medium,1
PacificFly,Los Angeles,Miami,1863,17,20,4,8,Cloudy,Low,1
AeroLine,Dallas,Los Angeles,1560,8,11,3,6,Cloudy,Medium,0
PacificFly,Seattle,Dallas,694,20,21,7,12,Snow,High,1
AeroLine,Atlanta,Denver,897,19,20,2,1,Clear,Medium,1
SkyJet,Denver,Chicago,1526,11,14,5,5,Clear,Medium,1
NorthStar,Denver,Chicago,971,8,9,4,5,Cloudy,Low,0
PacificFly,Denver,Boston,629,10,11,7,10,Clear,Low,1
NorthStar,Atlanta,New York,1425,22,0,6,2,Clear,Medium,0
NorthStar,Houston,Chicago,1191,14,16,3,11,Fog,Low,0
SkyJet,Houston,Denver,1966,11,14,3,6,Clear,Low,0
SkyJet,Boston,Miami,1011,12,14,2,6,Clear,Medium,1
BlueWing,Boston,Miami,1939,15,18,7,9,Storm,Low,1
NorthStar,Denver,New York,1381,19,21,3,4,Fog,Medium,1
AeroLine,Los Angeles,Chicago,681,6,7,3,11,Storm,Low,1
AeroLine,Houston,Chicago,716,2,3,6,7,Clear,Low,1
PacificFly,Seattle,Houston,1067,15,17,7,1,Fog,Medium,0
SkyJet,Denver,Boston,748,0,1,5,1,Clear,Low,0
AeroLine,Houston,Dallas,1562,17,20,7,3,Clear,Low,0
SkyJet,Los Angeles,Atlanta,1425,5,7,3,6,Clear,Low,1
NorthStar,Miami,Houston,901,4,5,3,11,Clear,Low,0
SkyJet,Denver,New York,798,17,18,5,1,Fog,Low,1
AeroLine,Denver,Miami,1625,0,3,3,2,Clear,Medium,0
BlueWing,Los Angeles,Chicago,2550,10,15,6,10,Rain,Medium,0
SkyJet,Chicago,Atlanta,2256,14,18,6,3,Cloudy,Low,0
SkyJet,Denver,Chicago,1887,11,14,1,2,Cloudy,Low,0
NorthStar,Miami,Houston,1006,21,23,4,5,Clear,Medium,1
PacificFly,Denver,Dallas,949,13,14,1,1,Cloudy,Low,1
PacificFly,Seattle,Miami,1336,10,12,1,7,Storm,Low,0
BlueWing,New York,Denver,1752,16,19,1,1,Clear,Medium,0
NorthStar,Dallas,Chicago,2127,14,18,3,5,Clear,Low,0
SkyJet,New York,Chicago,585,15,16,7,8,Storm,Low,1
SunAir,Houston,New York,790,1,2,4,11,Fog,Low,1
BlueWing,Atlanta,Los Angeles,965,13,14,1,10,Clear,Low,0
SunAir,Miami,Chicago,835,7,8,1,12,Clear,Medium,1
SunAir,Boston,Atlanta,1997,15,18,5,12,Clear,Medium,0
SunAir,Miami,Atlanta,864,11,12,4,2,Cloudy,Low,0
BlueWing,Chicago,Boston,195,17,18,5,1,Rain,Low,1
PacificFly,Dallas,Boston,989,21,22,3,2,Cloudy,Low,0
SkyJet,Miami,Dallas,1473,2,4,6,7,Clear,High,1
SkyJet,Seattle,Atlanta,904,17,18,6,11,Cloudy,Low,0
NorthStar,Los Angeles,Miami,1138,17,19,3,7,Clear,Medium,1
PacificFly,New York,Los Angeles,946,16,17,4,6,Clear,Low,1
BlueWing,Los Angeles,Denver,800,14,15,2,7,Clear,Low,0
SkyJet,Houston,Miami,1062,7,9,3,1,Storm,Medium,1
SkyJet,Dallas,New York,2172,8,12,3,10,Fog,Low,0
SunAir,New York,Chicago,710,2,3,1,12,Cloudy,Medium,0
SkyJet,Atlanta,Chicago,1154,4,6,7,1,Clear,Medium,1
NorthStar,New York,Miami,1122,1,3,6,6,Snow,High,1
NorthStar,Houston,Los Angeles,1204,5,7,7,8,Clear,Low,0
PacificFly,Atlanta,New York,928,20,21,3,7,Clear,Low,0
AeroLine,Atlanta,Miami,566,12,13,6,8,Rain,Low,0
SunAir,Dallas,Miami,1769,23,2,7,7,Cloudy,Medium,0
BlueWing,Chicago,Dallas,1229,11,13,3,6,Cloudy,Medium,0
PacificFly,Boston,Chicago,1227,2,4,5,5,Rain,Medium,1
AeroLine,Denver,Los Angeles,1264,9,11,1,9,Storm,High,1
SunAir,Seattle,Atlanta,1287,1,3,6,12,Cloudy,Medium,0
AeroLine,Miami,Atlanta,1181,13,15,6,3,Clear,Low,0
NorthStar,Atlanta,New York,1777,13,16,1,5,Rain,Medium,1
SunAir,Denver,Dallas,1279,4,6,7,4,Cloudy,Low,0
PacificFly,Dallas,Atlanta,2479,18,22,7,2,Clear,High,0
AeroLine,Miami,New York,1175,21,23,7,8,Cloudy,Low,0
AeroLine,Chicago,Dallas,1329,18,20,6,8,Clear,Low,1
SunAir,Denver,Seattle,150,21,22,3,3,Clear,Low,1
AeroLine,Los Angeles,Boston,1098,5,7,6,2,Cloudy,Medium,1
AeroLine,New York,Los Angeles,962,15,16,5,10,Clear,Low,0
PacificFly,Boston,Miami,1277,8,10,1,1,Cloudy,High,1
NorthStar,Miami,Denver,1048,1,3,7,12,Storm,Low,1
NorthStar,New York,Miami,1970,9,12,1,5,Clear,Low,0
AeroLine,Los Angeles,Seattle,1545,16,19,4,6,Clear,High,0
BlueWing,Denver,New York,1201,20,22,6,12,Clear,High,1
SunAir,Seattle,Dallas,1160,6,8,6,8,Clear,Low,1
BlueWing,Houston,Miami,1369,10,12,4,10,Cloudy,Medium,0
BlueWing,Seattle,New York,1545,2,5,7,4,Cloudy,Low,0
BlueWing,Los Angeles,Denver,1547,19,22,1,4,Storm,High,1
SkyJet,Dallas,Boston,1804,22,1,1,8,Cloudy,Low,0
SunAir,Los Angeles,New York,1988,17,20,5,10,Clear,Medium,1
SkyJet,Los Angeles,Miami,2210,23,3,4,4,Clear,Low,0
BlueWing,Seattle,Dallas,2212,23,3,5,9,Rain,Low,1
AeroLine,Los Angeles,Houston,1777,20,23,7,11,Rain,Low,1
NorthStar,Los Angeles,Houston,1794,22,1,2,11,Cloudy,Medium,0
BlueWing,Miami,Los Angeles,1298,1,3,5,5,Clear,High,1
AeroLine,Atlanta,Houston,267,2,3,6,6,Clear,Medium,0
PacificFly,Houston,Seattle,1193,15,17,6,9,Fog,Medium,0
SunAir,Chicago,Atlanta,1054,19,21,6,4,Clear,Medium,0
SkyJet,Atlanta,New York,2165,20,0,1,1,Storm,Medium,1
PacificFly,Houston,Denver,1302,23,1,6,5,Cloudy,Low,0
BlueWing,Dallas,New York,1030,3,5,4,12,Cloudy,Low,0
PacificFly,Dallas,Houston,1213,6,8,4,12,Clear,Medium,0
AeroLine,Miami,Boston,816,11,12,1,1,Storm,Low,0
BlueWing,Los Angeles,Chicago,1934,10,13,4,12,Rain,High,1
BlueWing,Los Angeles,Houston,739,17,18,2,10,Cloudy,Low,0
BlueWing,Atlanta,Houston,580,21,22,6,10,Rain,Low,0
SkyJet,Seattle,Chicago,1981,5,8,4,7,Clear,Medium,0
NorthStar,Los Angeles,Denver,1076,11,13,5,4,Clear,Medium,0
SunAir,Houston,Atlanta,1387,12,14,5,8,Clear,High,0
AeroLine,Boston,Atlanta,1239,23,1,3,11,Clear,Low,0
BlueWing,Chicago,Boston,1700,8,11,5,6,Clear,Low,0
BlueWing,Atlanta,Dallas,1743,8,11,2,4,Cloudy,High,1
SkyJet,Denver,Boston,925,3,4,1,1,Clear,Low,0
AeroLine,Houston,Chicago,1045,13,15,7,7,Clear,Medium,0
SunAir,Seattle,Boston,1548,11,14,3,9,Clear,High,0
SkyJet,Chicago,Houston,939,9,10,4,6,Rain,High,1
BlueWing,Los Angeles,Denver,1986,10,13,5,5,Clear,High,0
SunAir,Seattle,New York,2042,12,16,7,9,Clear,Medium,0
SunAir,Seattle,Chicago,1095,3,5,1,1,Cloudy,Low,0
SunAir,Seattle,New York,1656,9,12,2,4,Snow,Low,1
BlueWing,Boston,Seattle,1148,17,19,6,6,Snow,Low,1
SkyJet,Houston,Miami,379,23,0,3,6,Clear,High,0
NorthStar,Miami,Denver,1387,10,12,6,4,Cloudy,High,0
SkyJet,Dallas,Denver,898,16,17,6,5,Clear,Low,0
SunAir,Los Angeles,Atlanta,822,9,10,2,11,Snow,High,1
PacificFly,Boston,Dallas,1805,23,2,4,3,Rain,Medium,1
NorthStar,Los Angeles,Chicago,2210,5,9,5,9,Clear,Medium,0
NorthStar,Dallas,Boston,342,10,11,2,3,Storm,Low,0
SunAir,Boston,Seattle,1130,15,17,1,10,Clear,Medium,0
AeroLine,Chicago,Houston,1782,10,13,5,6,Clear,Low,0
PacificFly,New York,Seattle,903,3,4,3,3,Cloudy,Medium,1
BlueWing,Houston,Dallas,897,23,0,2,12,Clear,High,1
NorthStar,Chicago,New York,1821,11,14,3,10,Storm,Low,0
AeroLine,Los Angeles,Denver,2248,7,11,3,3,Clear,Low,0
AeroLine,Chicago,Atlanta,1753,21,0,3,4,Clear,Medium,0
SkyJet,New York,Houston,1187,19,21,2,11,Cloudy,Low,0
NorthStar,Denver,Boston,1367,11,13,6,6,Cloudy,Medium,1
AeroLine,Houston,Boston,806,6,7,6,7,Cloudy,Low,0
SkyJet,Dallas,Seattle,1437,5,7,1,10,Clear,High,1
PacificFly,Dallas,New York,729,11,12,6,2,Rain,Medium,1
AeroLine,Los Angeles,Boston,1478,2,4,7,2,Clear,Medium,0
SkyJet,Boston,Dallas,1684,10,13,3,10,Rain,Medium,0
AeroLine,Dallas,Los Angeles,1182,15,17,1,9,Cloudy,Low,0
SunAir,Los Angeles,Dallas,1036,11,13,4,4,Clear,Low,0
BlueWing,Atlanta,Chicago,902,2,3,2,7,Clear,Low,0
AeroLine,Boston,Miami,657,10,11,6,9,Fog,Low,0
AeroLine,New York,Denver,851,11,12,2,10,Snow,Medium,0
AeroLine,Boston,Seattle,1126,20,22,5,6,Clear,High,0
BlueWing,New York,Chicago,151,6,7,4,10,Storm,High,1
SunAir,Miami,Houston,1090,20,22,4,1,Clear,Medium,0
PacificFly,Boston,Seattle,691,14,15,5,3,Clear,Medium,0
BlueWing,Atlanta,Houston,262,11,12,3,2,Rain,Medium,0
PacificFly,New York,Seattle,1165,23,1,3,10,Clear,Low,0
PacificFly,Houston,Chicago,1542,23,2,6,5,Clear,Medium,0
AeroLine,Atlanta,Chicago,1473,2,4,1,2,Clear,High,0
PacificFly,Houston,Seattle,2031,16,20,7,1,Cloudy,Low,0
BlueWing,Houston,Atlanta,1215,0,2,6,1,Clear,Medium,0
NorthStar,New York,Denver,1480,4,6,2,7,Cloudy,Low,0
BlueWing,Atlanta,New York,1462,8,10,4,12,Clear,Low,0
AeroLine,Chicago,Houston,380,18,19,2,10,Clear,Low,0
AeroLine,Los Angeles,Chicago,1367,13,15,5,7,Cloudy,Low,1
BlueWing,Miami,Boston,759,1,2,5,8,Cloudy,Low,0
SkyJet,Houston,Boston,1476,17,19,7,9,Fog,Low,1
NorthStar,Houston,Atlanta,1393,18,20,2,2,Cloudy,Medium,1
SkyJet,Atlanta,Los Angeles,536,23,0,2,7,Clear,Low,1
PacificFly,Los Angeles,New York,471,12,13,7,3,Clear,Medium,0
AeroLine,Los Angeles,Houston,1392,1,3,7,7,Clear,Low,0
NorthStar,Los Angeles,Atlanta,1221,9,11,7,12,Rain,Medium,1
NorthStar,Denver,Dallas,1304,17,19,2,1,Fog,Low,0
PacificFly,Denver,Atlanta,929,4,5,2,10,Cloudy,Low,1
SunAir,Denver,Boston,1986,19,22,2,10,Clear,Medium,0
SkyJet,Denver,Chicago,1218,16,18,3,7,Rain,High,1
BlueWing,Seattle,Atlanta,2503,18,23,1,8,Cloudy,Medium,0
SkyJet,Miami,Dallas,1361,19,21,6,11,Clear,Low,0
SunAir,Houston,Dallas,1251,12,14,6,7,Cloudy,Medium,0
NorthStar,Chicago,Miami,1056,6,8,5,4,Rain,High,0
PacificFly,Los Angeles,New York,1899,8,11,7,4,Clear,High,0
NorthStar,Atlanta,Denver,715,3,4,5,6,Cloudy,Low,0
PacificFly,New York,Los Angeles,1825,14,17,5,3,Clear,Low,0
SunAir,Houston,Chicago,504,22,23,4,1,Clear,Low,0
SunAir,Miami,Atlanta,1537,4,7,5,3,Clear,Medium,0
PacificFly,Chicago,Seattle,1386,19,21,6,3,Clear,Low,0
SkyJet,Atlanta,Dallas,451,15,16,2,9,Clear,Low,0
SunAir,New York,Seattle,539,18,19,5,8,Snow,Low,1
AeroLine,Boston,Atlanta,760,21,22,3,1,Clear,High,0
PacificFly,Denver,Miami,965,7,8,5,9,Clear,Low,0
SunAir,Denver,Boston,1445,2,4,5,6,Storm,Low,1
BlueWing,Chicago,Houston,1441,2,4,4,1,Clear,Low,0
PacificFly,Denver,Boston,1952,9,12,1,1,Clear,Low,1
NorthStar,Dallas,Atlanta,1572,6,9,1,4,Clear,High,0
SunAir,Seattle,Denver,1602,4,7,5,3,Rain,Low,0
PacificFly,Denver,New York,1009,12,14,4,8,Clear,Medium,0
SunAir,New York,Denver,1132,11,13,2,11,Cloudy,Low,0
BlueWing,Los Angeles,New York,1036,1,3,3,2,Clear,Low,0
BlueWing,New York,Chicago,1049,13,15,2,6,Snow,Low,1
SunAir,Seattle,Chicago,1088,23,1,5,12,Clear,Low,0
AeroLine,Denver,Dallas,863,5,6,7,3,Clear,Medium,0
BlueWing,New York,Denver,1166,15,17,1,8,Snow,Low,0
NorthStar,Dallas,Chicago,1008,4,6,6,11,Rain,High,1
SunAir,Seattle,Atlanta,1300,9,11,5,6,Fog,Low,1
BlueWing,Dallas,Miami,783,21,22,1,9,Clear,Medium,0
NorthStar,Seattle,Denver,1951,8,11,4,10,Clear,Low,0
SunAir,Los Angeles,Chicago,1527,19,22,5,10,Clear,Low,0
AeroLine,Seattle,New York,1738,15,18,1,4,Rain,Low,0
AeroLine,Houston,Atlanta,1606,22,1,4,10,Clear,Low,0
NorthStar,Atlanta,Chicago,1080,15,17,3,7,Storm,Low,1
NorthStar,Dallas,Seattle,1866,17,20,6,6,Clear,Low,0
NorthStar,Boston,Atlanta,1018,20,22,1,1,Cloudy,High,1
SkyJet,Seattle,Boston,1375,18,20,2,3,Rain,Low,0
NorthStar,Boston,Denver,1902,12,15,1,9,Cloudy,Low,1
SunAir,Los Angeles,Chicago,297,4,5,1,10,Cloudy,Medium,0
BlueWing,Dallas,Los Angeles,1661,17,20,1,3,Rain,High,1
PacificFly,Boston,Atlanta,941,17,18,7,3,Rain,Medium,0
AeroLine,New York,Atlanta,660,13,14,6,1,Rain,Medium,0
BlueWing,Atlanta,Miami,1509,18,21,6,4,Cloudy,Low,0
SunAir,Denver,Atlanta,1654,11,14,5,1,Rain,Medium,1
BlueWing,Dallas,Miami,1790,17,20,6,3,Storm,Medium,1
BlueWing,Houston,Denver,1451,9,11,4,3,Clear,High,0
SunAir,Miami,Dallas,455,7,8,2,10,Clear,Medium,0
SunAir,Denver,Houston,1869,9,12,4,3,Fog,Low,1
PacificFly,Houston,Los Angeles,1694,15,18,5,10,Fog,Low,1
SunAir,Boston,Miami,1791,17,20,2,7,Cloudy,Low,1
SkyJet,Seattle,Boston,1186,20,22,4,12,Clear,Medium,0
SkyJet,Atlanta,Seattle,2253,3,7,1,2,Clear,Medium,0
NorthStar,Denver,Dallas,674,3,4,1,8,Clear,Medium,1
SkyJet,Houston,Seattle,2027,20,0,7,6,Clear,Low,0
PacificFly,Atlanta,Boston,1090,0,2,5,9,Clear,Medium,0
SkyJet,Chicago,Miami,2283,2,6,3,4,Rain,Medium,1
PacificFly,Dallas,Atlanta,1036,14,16,7,9,Fog,Medium,0
PacificFly,Los Angeles,Boston,1629,18,21,4,10,Clear,Medium,0
NorthStar,Boston,Atlanta,1574,20,23,1,12,Cloudy,Medium,0
AeroLine,Dallas,Denver,1743,16,19,6,8,Clear,High,0
PacificFly,Chicago,New York,479,18,19,7,5,Clear,Low,0
SunAir,Seattle,Boston,1062,1,3,5,6,Cloudy,High,1
NorthStar,Denver,Boston,605,14,15,3,8,Clear,High,1
SunAir,New York,Dallas,1627,14,17,6,2,Rain,Low,0
BlueWing,Atlanta,Dallas,1695,19,22,4,1,Rain,Medium,1
SkyJet,Chicago,Atlanta,804,4,5,5,6,Clear,Low,0
SunAir,Denver,Houston,1446,20,22,6,9,Fog,Low,0
NorthStar,Houston,Atlanta,1782,15,18,3,6,Rain,Low,0
PacificFly,Chicago,Dallas,1824,6,9,1,3,Cloudy,Medium,1
SkyJet,Houston,Boston,1246,14,16,7,12,Rain,Low,1
PacificFly,Dallas,Denver,361,1,2,4,1,Clear,Low,0
SkyJet,Denver,Miami,1271,1,3,5,12,Clear,Medium,0
BlueWing,Chicago,Miami,1134,0,2,1,11,Snow,Medium,1
PacificFly,Seattle,Miami,1727,1,4,7,5,Cloudy,Low,0
SunAir,Dallas,Los Angeles,879,3,4,1,2,Storm,Low,0
AeroLine,Miami,Atlanta,1278,22,0,5,4,Clear,Medium,0
AeroLine,Chicago,Dallas,1546,4,7,5,11,Cloudy,Low,0
SkyJet,Houston,New York,890,8,9,2,4,Rain,Low,0
BlueWing,New York,Los Angeles,1797,1,4,1,5,Fog,High,1
SunAir,Denver,Los Angeles,1580,13,16,2,9,Rain,Medium,1
NorthStar,New York,Dallas,1540,6,9,6,3,Cloudy,Low,1
SunAir,Houston,Miami,1196,9,11,6,1,Cloudy,Low,0
NorthStar,New York,Los Angeles,938,11,12,6,9,Cloudy,Medium,1
SunAir,New York,Dallas,1207,3,5,7,5,Cloudy,Medium,0
SkyJet,Seattle,Dallas,537,3,4,5,10,Snow,Medium,0
SkyJet,Los Angeles,Miami,785,2,3,1,1,Clear,Medium,0
SkyJet,Seattle,Houston,777,23,0,7,7,Snow,Medium,1
PacificFly,Atlanta,Denver,1258,13,15,6,5,Cloudy,Medium,0
SunAir,Houston,Los Angeles,1676,22,1,2,6,Rain,Low,0
AeroLine,Boston,Atlanta,1927,14,17,3,8,Storm,High,1
SkyJet,Boston,Los Angeles,1330,11,13,4,12,Rain,Low,1
PacificFly,Houston,Denver,1611,9,12,2,1,Clear,Low,0
PacificFly,Atlanta,New York,581,14,15,7,6,Cloudy,Low,0
BlueWing,New York,Chicago,1424,13,15,2,6,Clear,Low,0
NorthStar,Boston,Atlanta,1576,3,6,5,12,Clear,Medium,1
BlueWing,Miami,Denver,848,17,18,4,8,Cloudy,Medium,0
SkyJet,Atlanta,Seattle,785,16,17,2,3,Clear,Low,0
AeroLine,Atlanta,Miami,1798,7,10,7,4,Cloudy,Low,0
SkyJet,Los Angeles,New York,1528,0,3,5,9,Fog,Low,0
NorthStar,Atlanta,Denver,2484,1,5,7,4,Clear,Low,0
AeroLine,Los Angeles,Dallas,963,15,16,3,1,Rain,High,1
PacificFly,New York,Chicago,150,19,20,4,7,Clear,Medium,0
SkyJet,Atlanta,Chicago,1445,13,15,6,2,Storm,Medium,1
PacificFly,Atlanta,Denver,894,11,12,6,7,Cloudy,High,1
BlueWing,Los Angeles,Houston,716,10,11,1,3,Clear,Low,0
SkyJet,Denver,New York,391,10,11,6,9,Rain,Low,0
SkyJet,New York,Houston,2046,14,18,6,7,Cloudy,Low,0
AeroLine,Miami,Denver,2170,14,18,4,4,Storm,Low,1
AeroLine,Miami,Dallas,1447,17,19,4,7,Cloudy,High,0
SunAir,Houston,Dallas,2241,14,18,2,4,Clear,Medium,0
SunAir,Denver,Atlanta,327,12,13,5,1,Clear,High,1
SkyJet,Chicago,Denver,876,23,0,3,6,Cloudy,High,1
PacificFly,Boston,Seattle,1009,18,20,1,10,Rain,Low,0
AeroLine,Denver,New York,1500,20,23,7,11,Clear,High,0
SunAir,Dallas,Denver,1625,11,14,6,4,Clear,Low,0
NorthStar,Dallas,Boston,1852,0,3,6,5,Clear,Medium,1
SkyJet,New York,Houston,1021,8,10,5,6,Cloudy,Low,1
PacificFly,Denver,Boston,1173,3,5,4,5,Snow,Medium,1
SunAir,Seattle,Boston,1388,5,7,7,3,Fog,Medium,0
BlueWing,Denver,Miami,1425,18,20,5,6,Fog,Low,1
AeroLine,Atlanta,Denver,1411,2,4,4,1,Clear,Low,0
SunAir,New York,Atlanta,1235,23,1,4,5,Clear,Low,0
AeroLine,Miami,Houston,1560,12,15,6,7,Clear,Low,1
BlueWing,New York,Chicago,1501,16,19,7,5,Cloudy,Low,0
BlueWing,Chicago,Atlanta,1618,13,16,5,4,Storm,Low,1
PacificFly,Denver,Los Angeles,799,20,21,6,4,Clear,High,0
BlueWing,Dallas,Atlanta,912,17,18,7,9,Rain,High,0
PacificFly,Atlanta,Denver,913,16,17,3,12,Cloudy,High,0
NorthStar,Atlanta,New York,772,11,12,6,7,Snow,Low,0
BlueWing,Chicago,Miami,934,5,6,7,3,Clear,High,0
AeroLine,Boston,Los Angeles,1226,0,2,7,5,Clear,High,0
NorthStar,Dallas,Atlanta,410,5,6,7,5,Rain,Low,0
AeroLine,Houston,Chicago,1293,3,5,4,10,Clear,Low,1
SkyJet,Houston,Boston,947,17,18,2,10,Cloudy,High,1
SunAir,Los Angeles,New York,1705,8,11,5,11,Rain,Low,1
AeroLine,Dallas,Denver,1885,15,18,2,8,Cloudy,Medium,0
PacificFly,Los Angeles,Seattle,607,7,8,6,10,Rain,Low,0
PacificFly,Atlanta,Denver,1505,14,17,5,1,Clear,Medium,1
SunAir,Houston,Miami,1700,6,9,1,3,Storm,High,1
SkyJet,Houston,Miami,1822,3,6,5,12,Rain,High,0
AeroLine,Denver,Los Angeles,1473,17,19,7,4,Snow,Medium,1
SunAir,Los Angeles,Miami,1313,4,6,6,3,Clear,Medium,0
PacificFly,Miami,Denver,738,5,6,7,2,Clear,Medium,0
AeroLine,Los Angeles,Denver,1175,12,14,2,7,Rain,High,1
SunAir,Dallas,Chicago,1051,12,14,5,2,Fog,High,1
BlueWing,Miami,New York,1531,15,18,4,6,Cloudy,High,0
SunAir,Los Angeles,Atlanta,150,22,23,1,12,Rain,Medium,1
SkyJet,Atlanta,Seattle,949,18,19,2,12,Snow,Medium,1
NorthStar,Dallas,Los Angeles,1008,22,0,6,4,Storm,Medium,0
SunAir,Los Angeles,Dallas,1705,19,22,1,2,Fog,Medium,1
SunAir,Denver,Atlanta,1695,21,0,7,6,Rain,Low,0
SkyJet,Denver,Boston,1594,1,4,6,3,Clear,Medium,0
AeroLine,Los Angeles,New York,2321,10,14,6,9,Cloudy,Medium,1
SunAir,Seattle,Boston,1774,10,13,1,9,Snow,Low,1
SunAir,Denver,Seattle,1424,2,4,4,4,Storm,High,1
SunAir,New York,Atlanta,1527,19,22,3,7,Cloudy,Medium,1
SunAir,Dallas,Seattle,275,4,5,7,6,Cloudy,Medium,0
BlueWing,Chicago,Atlanta,1266,11,13,3,11,Rain,Low,0
AeroLine,Dallas,Los Angeles,2068,16,20,5,11,Cloudy,Medium,0
SkyJet,Miami,Denver,150,13,14,6,6,Rain,Low,1
BlueWing,Chicago,Los Angeles,1621,15,18,4,7,Storm,Low,1
BlueWing,Los Angeles,Chicago,162,18,19,7,7,Clear,High,1
SkyJet,Atlanta,Dallas,962,15,16,3,3,Storm,High,1
BlueWing,Miami,Dallas,1218,21,23,3,4,Storm,High,1
PacificFly,Denver,Seattle,1396,7,9,5,4,Rain,High,1
BlueWing,Houston,Denver,744,23,0,4,1,Clear,High,1
NorthStar,Seattle,Dallas,1294,16,18,6,6,Fog,Low,0
SunAir,Seattle,Boston,840,21,22,2,6,Clear,Medium,0
SunAir,Houston,Boston,1653,22,1,7,2,Clear,Low,0
PacificFly,Atlanta,Denver,1358,1,3,4,8,Clear,Medium,0
AeroLine,Dallas,Houston,2126,2,6,3,1,Clear,Low,0
AeroLine,Miami,Dallas,1084,12,14,4,4,Rain,Medium,1
PacificFly,Denver,Chicago,589,10,11,4,9,Rain,Medium,0
AeroLine,Denver,Seattle,1285,10,12,6,9,Cloudy,Medium,0
BlueWing,Atlanta,Los Angeles,2437,11,15,1,6,Rain,Medium,0
NorthStar,Atlanta,New York,885,15,16,6,1,Clear,Low,1
PacificFly,New York,Denver,1410,17,19,7,7,Fog,Medium,1
PacificFly,Houston,Denver,1626,8,11,1,1,Cloudy,Low,1
SunAir,Houston,Miami,1279,7,9,6,3,Cloudy,High,0
SunAir,Chicago,Los Angeles,1600,22,1,5,6,Cloudy,Medium,0
PacificFly,Boston,Dallas,1362,18,20,7,2,Storm,Low,0
AeroLine,Miami,New York,352,3,4,1,2,Cloudy,Medium,1
PacificFly,Atlanta,Los Angeles,1675,9,12,6,10,Storm,High,1
BlueWing,Atlanta,Seattle,1706,16,19,3,9,Storm,Low,0
PacificFly,Seattle,Chicago,161,16,17,4,11,Rain,Low,1
PacificFly,Chicago,Boston,1637,11,14,4,3,Clear,Medium,0
SunAir,New York,Boston,470,14,15,5,10,Fog,High,0
AeroLine,Boston,Dallas,2074,22,2,2,12,Cloudy,Medium,1
AeroLine,Los Angeles,Miami,1158,13,15,3,11,Rain,Medium,0
BlueWing,Atlanta,Seattle,751,8,9,1,6,Clear,High,1
NorthStar,Chicago,Seattle,789,0,1,3,9,Cloudy,Low,0
SunAir,Denver,Dallas,836,1,2,7,10,Snow,Low,1
BlueWing,Seattle,Dallas,1112,17,19,1,2,Rain,Medium,0
AeroLine,Atlanta,Boston,843,11,12,3,9,Fog,Low,0
NorthStar,Dallas,Denver,1045,19,21,2,11,Fog,Medium,0
SkyJet,Seattle,New York,1093,20,22,7,10,Cloudy,Medium,0
NorthStar,Denver,New York,438,9,10,5,2,Rain,Low,0
NorthStar,Chicago,Miami,797,15,16,3,4,Clear,Low,0
SkyJet,Seattle,Los Angeles,684,17,18,6,1,Rain,Low,0
SunAir,Seattle,Los Angeles,1610,14,17,5,7,Fog,Low,0
SkyJet,Boston,New York,1083,4,6,4,8,Storm,Low,0
SkyJet,Miami,Seattle,857,0,1,4,2,Rain,Medium,0
AeroLine,Los Angeles,New York,1872,1,4,7,3,Clear,Low,0
SunAir,Atlanta,Chicago,1543,4,7,1,5,Clear,Low,0
PacificFly,Seattle,Boston,1373,17,19,4,4,Cloudy,Low,0
NorthStar,Dallas,Miami,979,17,18,6,10,Cloudy,High,1
SunAir,Chicago,Seattle,713,20,21,5,7,Clear,Medium,1
PacificFly,Los Angeles,Miami,353,6,7,3,2,Clear,High,1
SunAir,Chicago,Dallas,543,8,9,1,8,Storm,Low,0
AeroLine,Dallas,Miami,1724,14,17,7,6,Storm,Medium,1
AeroLine,Denver,Atlanta,804,18,19,3,3,Cloudy,Low,0
SkyJet,Houston,Chicago,430,6,7,3,2,Storm,Low,1
AeroLine,Los Angeles,Atlanta,853,17,18,2,10,Cloudy,High,1
AeroLine,Los Angeles,Atlanta,1221,0,2,6,8,Rain,Low,1
AeroLine,Dallas,Denver,1379,3,5,5,1,Clear,Low,0
NorthStar,Seattle,Los Angeles,849,2,3,6,8,Fog,High,1
SkyJet,Atlanta,Boston,876,8,9,6,6,Clear,Low,0
PacificFly,New York,Los Angeles,1130,0,2,6,9,Cloudy,Low,0
SkyJet,Houston,New York,1802,6,9,4,6,Cloudy,Low,0
BlueWing,Miami,Chicago,2255,21,1,2,11,Clear,Low,0
SkyJet,Miami,Dallas,1483,21,23,6,8,Clear,Low,0
NorthStar,New York,Atlanta,150,16,17,6,5,Fog,Medium,0
SunAir,Miami,Denver,1473,5,7,1,11,Rain,Low,0
SkyJet,Atlanta,New York,1743,3,6,6,12,Clear,Low,0
SunAir,Atlanta,Dallas,710,17,18,3,7,Cloudy,High,1
SunAir,Miami,Boston,332,15,16,5,6,Clear,Low,0
AeroLine,Seattle,Chicago,259,18,19,6,9,Clear,Medium,0
PacificFly,Chicago,Denver,1245,0,2,7,6,Clear,Low,0
PacificFly,Atlanta,Dallas,2404,10,14,2,8,Rain,Low,0
BlueWing,Los Angeles,Houston,1088,3,5,6,2,Fog,Low,1
SkyJet,Denver,Boston,1521,21,0,7,4,Clear,Medium,0
SunAir,Atlanta,Houston,473,5,6,3,9,Cloudy,Medium,0
AeroLine,Seattle,Chicago,948,16,17,6,3,Rain,Low,0
BlueWing,Denver,Atlanta,1543,10,13,1,5,Snow,Low,1
SkyJet,New York,Los Angeles,1255,21,23,2,12,Cloudy,High,1
SkyJet,Seattle,Boston,1443,13,15,7,11,Rain,Medium,0
SunAir,Denver,Chicago,1646,9,12,6,10,Clear,High,0
NorthStar,Chicago,New York,692,21,22,3,6,Clear,Low,0
NorthStar,Chicago,Denver,380,19,20,6,5,Snow,Medium,0
SkyJet,Boston,Seattle,2179,10,14,6,1,Storm,Low,1
NorthStar,Dallas,Miami,1500,12,15,5,12,Cloudy,High,1
SunAir,Denver,New York,1458,9,11,3,6,Cloudy,Medium,0
SkyJet,Seattle,New York,632,3,4,4,10,Clear,Medium,0
SkyJet,New York,Atlanta,1902,12,15,2,8,Fog,High,1
NorthStar,Miami,Seattle,1454,12,14,4,11,Clear,High,1
NorthStar,New York,Denver,1947,20,23,3,9,Storm,Medium,1
BlueWing,Miami,Boston,1407,21,23,6,1,Cloudy,Medium,0
BlueWing,Dallas,Los Angeles,1085,15,17,7,1,Rain,Medium,1
SunAir,Los Angeles,Atlanta,892,2,3,4,7,Clear,Medium,1
NorthStar,Seattle,Boston,2351,21,1,4,5,Clear,Medium,0
SunAir,Dallas,Miami,1390,20,22,5,12,Clear,Medium,1
BlueWing,New York,Seattle,732,6,7,2,10,Clear,Medium,0
SunAir,Boston,Los Angeles,1340,3,5,2,4,Clear,Low,0
NorthStar,New York,Dallas,793,13,14,3,11,Clear,Medium,0
SkyJet,Houston,Denver,1707,12,15,5,12,Snow,Low,0
PacificFly,Denver,Chicago,1323,21,23,3,7,Rain,High,1
BlueWing,Atlanta,Denver,1368,23,1,4,7,Clear,Medium,0
AeroLine,Seattle,Atlanta,2070,15,19,7,8,Cloudy,Low,0
SkyJet,Boston,Houston,297,6,7,6,9,Cloudy,Medium,1
PacificFly,New York,Houston,635,8,9,3,11,Snow,High,1
BlueWing,Chicago,Boston,986,7,8,2,11,Fog,Low,1
AeroLine,Los Angeles,Dallas,611,8,9,3,6,Clear,Medium,0
BlueWing,Miami,Seattle,1872,3,6,2,1,Clear,Medium,0
PacificFly,Boston,Seattle,1197,20,22,1,1,Clear,Medium,1
AeroLine,Chicago,Denver,899,10,11,1,8,Cloudy,Medium,0
SunAir,Seattle,Houston,1160,8,10,1,1,Clear,High,1
AeroLine,Atlanta,Seattle,753,3,4,1,8,Rain,Low,1
AeroLine,Dallas,Los Angeles,1384,19,21,2,12,Rain,High,1
BlueWing,Dallas,Chicago,1223,12,14,1,10,Cloudy,High,0
SunAir,Miami,Dallas,596,13,14,1,11,Rain,Medium,0
NorthStar,Denver,Dallas,1790,5,8,1,4,Cloudy,Medium,0
AeroLine,New York,Atlanta,1691,11,14,6,3,Snow,Low,0
SkyJet,Seattle,Chicago,876,13,14,3,5,Cloudy,Low,0
SunAir,Chicago,Boston,1095,22,0,7,12,Rain,Low,1
AeroLine,Seattle,Houston,1789,8,11,2,6,Rain,Low,0
AeroLine,Denver,Miami,1168,5,7,6,1,Clear,Low,0
SunAir,Seattle,Atlanta,1703,11,14,3,8,Rain,Medium,0
PacificFly,New York,Houston,2300,5,9,7,8,Fog,Low,0
PacificFly,New York,Los Angeles,793,20,21,3,6,Cloudy,Low,0
BlueWing,Chicago,Denver,880,7,8,2,6,Cloudy,Medium,0
PacificFly,Los Angeles,Houston,763,13,14,3,9,Cloudy,Medium,0
BlueWing,Boston,Seattle,1623,16,19,3,12,Rain,Medium,0
SunAir,Los Angeles,Chicago,479,0,1,7,5,Cloudy,Medium,1
BlueWing,Atlanta,Denver,1399,16,18,5,5,Cloudy,Medium,1
BlueWing,Dallas,Denver,1901,20,23,3,5,Cloudy,Low,0
AeroLine,Houston,Seattle,1822,5,8,4,11,Fog,Medium,0
SunAir,Houston,New York,2401,10,14,5,6,Clear,Low,1
SkyJet,Los Angeles,Seattle,1382,22,0,3,10,Rain,Medium,0
AeroLine,Chicago,Dallas,1021,12,14,5,2,Rain,Low,1
SunAir,Dallas,Chicago,968,4,5,4,4,Fog,High,0
SunAir,Chicago,Miami,736,2,3,7,4,Cloudy,Low,0
PacificFly,Dallas,Seattle,1162,20,22,2,6,Cloudy,Low,0
BlueWing,Boston,New York,1767,18,21,7,5,Clear,Low,0
PacificFly,Dallas,Miami,1477,0,2,7,4,Cloudy,Medium,0
AeroLine,Los Angeles,Atlanta,1189,1,3,3,12,Cloudy,Medium,0
PacificFly,Atlanta,Chicago,1144,7,9,2,11,Clear,Medium,1
AeroLine,New York,Denver,822,13,14,2,3,Rain,High,0
PacificFly,Boston,Chicago,843,19,20,5,2,Clear,Medium,0
BlueWing,Miami,Dallas,341,19,20,6,9,Clear,Medium,0
AeroLine,Los Angeles,Boston,2125,15,19,5,3,Clear,Medium,0
PacificFly,Los Angeles,Dallas,1326,16,18,6,12,Clear,Medium,1
PacificFly,Chicago,Boston,1590,14,17,4,4,Cloudy,High,0
BlueWing,Boston,Seattle,616,19,20,6,12,Cloudy,Medium,1
PacificFly,Chicago,Houston,1465,15,17,5,4,Clear,Low,0
PacificFly,Denver,Boston,1190,14,16,2,1,Fog,High,0
BlueWing,Los Angeles,Dallas,822,10,11,7,2,Clear,Low,0
AeroLine,Denver,Chicago,1066,10,12,4,4,Clear,Low,0
SunAir,Boston,Houston,1390,14,16,1,10,Snow,High,1
AeroLine,Chicago,New York,849,6,7,1,5,Snow,Medium,1
SkyJet,Miami,Atlanta,2043,4,8,6,1,Clear,Low,1
PacificFly,Seattle,Miami,1643,17,20,1,2,Clear,Low,1
AeroLine,Atlanta,Houston,1837,6,9,7,6,Cloudy,Medium,1
PacificFly,Seattle,Boston,2326,2,6,2,11,Snow,Low,1
PacificFly,New York,Houston,1995,23,2,3,10,Cloudy,Low,0
PacificFly,Denver,Los Angeles,895,10,11,4,10,Clear,Low,0
NorthStar,Atlanta,Dallas,1375,14,16,2,8,Cloudy,Low,0
SkyJet,Dallas,Boston,1110,17,19,6,1,Clear,Low,0
NorthStar,New York,Boston,1801,3,6,4,3,Cloudy,Medium,1
PacificFly,Denver,Dallas,642,15,16,6,3,Clear,Medium,1
PacificFly,Miami,Atlanta,1643,17,20,6,2,Clear,High,1
NorthStar,Atlanta,Miami,791,17,18,6,8,Cloudy,Medium,1
AeroLine,Dallas,Atlanta,1853,1,4,4,2,Clear,Low,0
SunAir,Miami,Los Angeles,2014,1,5,4,2,Rain,Low,0
SkyJet,Houston,Seattle,700,8,9,6,10,Fog,Medium,1
NorthStar,Miami,Denver,846,8,9,3,12,Storm,Low,1
PacificFly,Denver,Houston,1592,13,16,4,6,Fog,High,0
NorthStar,Atlanta,Miami,973,20,21,1,11,Clear,Low,1
SunAir,Boston,Miami,1227,2,4,7,11,Clear,Low,0
BlueWing,New York,Atlanta,2102,17,21,1,4,Snow,Low,1
SkyJet,Denver,New York,1739,21,0,3,10,Clear,Low,0
SkyJet,Dallas,Denver,2171,19,23,4,1,Cloudy,Low,0
AeroLine,New York,Atlanta,1085,19,21,5,4,Snow,High,1
NorthStar,Atlanta,Houston,608,21,22,6,9,Clear,High,1
BlueWing,Denver,New York,547,1,2,5,10,Clear,Low,0
SunAir,New York,Houston,695,15,16,4,1,Clear,Low,1
SunAir,Houston,Denver,1119,1,3,7,1,Rain,Medium,1
SkyJet,Denver,Atlanta,1165,17,19,7,9,Clear,High,0
AeroLine,Chicago,Seattle,1934,4,7,7,12,Fog,Low,1
SkyJet,Boston,Chicago,1181,13,15,7,7,Rain,Medium,0
NorthStar,Chicago,Los Angeles,1178,6,8,6,7,Cloudy,Low,1
PacificFly,Los Angeles,Atlanta,973,16,17,4,5,Clear,Low,0
BlueWing,Boston,Atlanta,1332,21,23,5,12,Snow,Medium,1
NorthStar,Dallas,Denver,1702,21,0,5,4,Cloudy,Low,0
PacificFly,Boston,Los Angeles,1461,17,19,1,12,Storm,High,1
NorthStar,Los Angeles,Dallas,1449,3,5,5,3,Cloudy,High,1
SkyJet,Atlanta,Los Angeles,349,18,19,1,2,Cloudy,Low,0
SkyJet,Miami,Seattle,1726,10,13,2,9,Clear,Medium,1
AeroLine,New York,Los Angeles,1288,5,7,6,6,Clear,Medium,0
SunAir,Atlanta,Chicago,2377,2,6,5,9,Clear,Low,1
BlueWing,Los Angeles,Miami,596,15,16,3,4,Fog,Low,0
NorthStar,Seattle,Miami,1029,10,12,1,4,Snow,Low,1
AeroLine,New York,Los Angeles,2042,17,21,1,2,Clear,High,0
AeroLine,Boston,Houston,1117,19,21,5,12,Fog,Low,1
AeroLine,Atlanta,Boston,1287,16,18,4,7,Clear,Low,0
AeroLine,Miami,Dallas,993,22,23,5,7,Snow,High,1
AeroLine,Denver,Dallas,1507,0,3,5,10,Rain,Medium,0
AeroLine,Los Angeles,Chicago,728,10,11,1,3,Cloudy,High,0
NorthStar,Houston,Los Angeles,1619,10,13,2,2,Rain,Medium,0
SunAir,Chicago,Miami,1145,6,8,4,4,Rain,Medium,1
BlueWing,Atlanta,Houston,1040,0,2,5,9,Clear,Medium,0
BlueWing,Atlanta,Los Angeles,1661,2,5,5,4,Clear,High,1
NorthStar,Miami,Houston,782,12,13,2,4,Rain,Low,1
SkyJet,Boston,Houston,1563,8,11,3,8,Clear,High,0
AeroLine,Denver,Miami,1900,15,18,2,12,Clear,Medium,0
SunAir,Chicago,New York,905,7,8,3,1,Clear,Low,0
SunAir,Chicago,Dallas,1782,19,22,3,6,Snow,Medium,1
SunAir,Boston,Houston,1612,23,2,6,2,Storm,Low,0
PacificFly,Denver,Chicago,876,20,21,3,1,Clear,High,1
PacificFly,Atlanta,Dallas,150,3,4,6,11,Clear,Low,0
SkyJet,Boston,Miami,1208,10,12,3,6,Cloudy,High,0
PacificFly,Denver,Boston,616,15,16,4,10,Clear,Low,0
AeroLine,Dallas,Miami,914,21,22,4,2,Clear,Low,0
BlueWing,Miami,Seattle,960,2,3,4,4,Clear,Low,0
NorthStar,Houston,Chicago,1044,20,22,6,1,Rain,Medium,1
SkyJet,Boston,Los Angeles,150,19,20,7,10,Rain,Medium,0
SunAir,Miami,Houston,781,1,2,4,3,Cloudy,Low,0
PacificFly,Denver,Chicago,1624,9,12,3,9,Storm,Medium,0
AeroLine,Boston,New York,1448,5,7,7,8,Storm,Medium,0
SkyJet,Boston,Atlanta,677,19,20,3,4,Cloudy,High,0
PacificFly,Los Angeles,Denver,1553,22,1,1,6,Clear,Medium,0
BlueWing,Dallas,Chicago,1051,6,8,3,7,Rain,Low,0
NorthStar,Dallas,Chicago,1238,18,20,2,10,Clear,Medium,1
AeroLine,Chicago,New York,1476,19,21,7,8,Storm,High,1
BlueWing,Boston,Atlanta,1362,23,1,7,8,Storm,Medium,1
BlueWing,Los Angeles,Atlanta,838,23,0,5,1,Clear,High,1
NorthStar,Denver,New York,1698,20,23,6,8,Clear,Low,0
PacificFly,Miami,Houston,150,11,12,4,12,Fog,Low,0
BlueWing,Atlanta,Boston,1637,19,22,6,1,Cloudy,Medium,1
SkyJet,Chicago,Los Angeles,1716,4,7,7,12,Cloudy,Low,0
NorthStar,Denver,Dallas,1182,13,15,5,6,Clear,Low,0
PacificFly,Seattle,Houston,1931,17,20,1,3,Snow,Medium,1
SunAir,Chicago,Miami,807,2,3,6,2,Cloudy,Low,0
NorthStar,Miami,Dallas,964,1,2,2,3,Fog,Low,0
SunAir,Boston,New York,1495,10,12,1,10,Cloudy,High,0
PacificFly,Los Angeles,Denver,150,20,21,4,4,Clear,Medium,0
NorthStar,Seattle,Miami,1764,15,18,4,7,Cloudy,Low,0
AeroLine,Houston,Atlanta,1534,8,11,3,5,Clear,Medium,1
BlueWing,Houston,Denver,2276,11,15,1,4,Cloudy,High,0
NorthStar,Dallas,Houston,431,12,13,2,1,Snow,High,1
SkyJet,Dallas,Chicago,1310,5,7,2,8,Clear,Low,0
NorthStar,Denver,Boston,733,6,7,2,9,Cloudy,High,0
SkyJet,Miami,Atlanta,1362,17,19,3,10,Rain,Medium,0
PacificFly,Seattle,Denver,1212,21,23,4,12,Clear,Medium,0
PacificFly,Miami,Houston,1174,14,16,7,1,Clear,Low,0
SkyJet,New York,Chicago,1161,21,23,5,4,Storm,High,1
SunAir,Dallas,Chicago,1589,3,6,5,2,Rain,Medium,0
SunAir,Miami,Seattle,1104,2,4,7,6,Cloudy,Low,0
AeroLine,Chicago,Houston,1534,11,14,5,2,Cloudy,Low,0
PacificFly,Denver,Dallas,533,20,21,6,6,Cloudy,Medium,0
SkyJet,Chicago,New York,609,23,0,7,10,Clear,High,1
PacificFly,Atlanta,Denver,1072,11,13,3,12,Storm,Low,1
SunAir,Denver,Boston,822,15,16,5,1,Cloudy,Low,0
NorthStar,New York,Boston,150,2,3,4,5,Rain,Medium,1
BlueWing,Seattle,New York,1050,20,22,2,5,Cloudy,Medium,1
BlueWing,Miami,Houston,1055,3,5,4,5,Cloudy,High,0
SkyJet,Seattle,Houston,150,14,15,3,6,Clear,Low,0
BlueWing,Miami,Dallas,1309,2,4,5,8,Rain,High,1
BlueWing,Houston,Denver,1894,4,7,7,4,Snow,Low,0
AeroLine,Miami,Los Angeles,1619,1,4,3,8,Rain,High,0
SunAir,Houston,Atlanta,901,23,0,5,6,Clear,Low,0
SkyJet,Atlanta,Los Angeles,492,10,11,5,10,Clear,Low,0
AeroLine,Seattle,Los Angeles,454,9,10,1,7,Storm,Low,0
AeroLine,Chicago,Atlanta,693,4,5,7,8,Clear,High,0
SunAir,Boston,Seattle,616,5,6,2,10,Rain,High,1
NorthStar,Chicago,New York,1146,6,8,6,5,Storm,Medium,1
PacificFly,Boston,Denver,1173,1,3,6,1,Cloudy,Medium,0
PacificFly,Denver,New York,722,9,10,2,4,Fog,Low,1
SkyJet,Seattle,Los Angeles,964,10,11,5,11,Cloudy,Medium,0
PacificFly,Denver,Houston,1800,14,17,7,10,Storm,Low,1
BlueWing,Los Angeles,Miami,649,11,12,6,9,Storm,Medium,1
PacificFly,New York,Houston,1434,6,8,2,11,Cloudy,Medium,1
SunAir,Dallas,Houston,790,15,16,3,6,Clear,High,0
SkyJet,Houston,Miami,331,9,10,2,2,Clear,Low,0
PacificFly,Miami,Denver,1343,22,0,7,12,Snow,High,0
AeroLine,Los Angeles,Boston,543,1,2,7,7,Clear,Low,0
NorthStar,Houston,New York,716,5,6,3,12,Clear,Low,1
SkyJet,Houston,Denver,1287,6,8,1,6,Clear,Medium,0
AeroLine,Miami,Seattle,819,15,16,7,5,Fog,Low,1
NorthStar,Denver,Chicago,1329,21,23,5,4,Clear,Low,0
BlueWing,Seattle,Chicago,327,0,1,2,1,Fog,Medium,0
AeroLine,Dallas,Boston,1373,1,3,7,7,Cloudy,Low,1
BlueWing,Chicago,Atlanta,1102,21,23,7,1,Snow,High,1
NorthStar,Los Angeles,Miami,1150,21,23,4,3,Cloudy,Medium,0
BlueWing,Denver,Seattle,870,5,6,2,1,Clear,Medium,0
SkyJet,Dallas,Miami,1693,17,20,7,10,Cloudy,Medium,0
BlueWing,Dallas,Houston,1823,0,3,6,7,Clear,Medium,1
SkyJet,Houston,Seattle,323,2,3,3,10,Clear,Low,0
BlueWing,Atlanta,Houston,608,13,14,4,1,Rain,Low,1
SunAir,Boston,Denver,1526,14,17,6,4,Cloudy,Medium,0
AeroLine,Denver,Chicago,1148,10,12,4,7,Clear,Low,1
NorthStar,Atlanta,Dallas,1842,12,15,2,12,Fog,High,1
NorthStar,Seattle,Chicago,1492,7,9,4,9,Fog,Medium,0
PacificFly,Houston,Dallas,1549,21,0,1,8,Rain,Low,0
SunAir,Denver,New York,1598,1,4,2,4,Cloudy,Low,0
PacificFly,Denver,Atlanta,645,6,7,4,10,Clear,Low,0
BlueWing,New York,Denver,1026,4,6,1,11,Clear,Medium,0
BlueWing,Los Angeles,Dallas,1346,7,9,3,9,Fog,High,1
NorthStar,Chicago,Miami,606,21,22,2,8,Clear,High,0
SunAir,New York,Los Angeles,1550,21,0,6,3,Clear,High,0
PacificFly,New York,Seattle,1447,0,2,4,2,Clear,High,1
PacificFly,Dallas,Atlanta,873,6,7,5,6,Rain,Low,0
PacificFly,Chicago,Los Angeles,1091,18,20,1,4,Cloudy,High,1
BlueWing,Los Angeles,Atlanta,1430,15,17,1,5,Clear,Low,0
AeroLine,Denver,Los Angeles,1015,9,11,6,4,Rain,Medium,1
PacificFly,Denver,Chicago,1189,14,16,4,11,Fog,Low,0
PacificFly,Miami,New York,1867,23,2,7,8,Cloudy,Low,0
SunAir,Denver,Los Angeles,1493,17,19,3,1,Snow,Low,1
BlueWing,Denver,Seattle,573,7,8,6,5,Storm,Medium,1
NorthStar,Chicago,Seattle,1706,6,9,4,11,Clear,Low,0
BlueWing,Chicago,Los Angeles,1035,7,9,4,11,Storm,Medium,1
SunAir,Atlanta,Miami,1860,5,8,6,7,Clear,Medium,1
PacificFly,Atlanta,Chicago,1766,13,16,1,10,Cloudy,Medium,0
SunAir,Denver,Los Angeles,1353,17,19,3,9,Clear,High,0
NorthStar,Miami,Houston,796,0,1,5,12,Clear,High,1
BlueWing,Dallas,Houston,1013,13,15,2,7,Cloudy,High,0
AeroLine,Denver,Chicago,1596,23,2,5,2,Clear,Medium,0
AeroLine,Miami,Dallas,637,16,17,2,3,Clear,High,0
AeroLine,New York,Houston,830,23,0,1,3,Rain,High,1
NorthStar,Houston,Atlanta,949,21,22,5,9,Rain,Low,1
BlueWing,Chicago,Seattle,1434,11,13,1,10,Rain,Low,0
PacificFly,Atlanta,New York,1013,21,23,4,7,Clear,Medium,1
SunAir,Dallas,Los Angeles,2358,3,7,4,3,Clear,Low,0
AeroLine,Seattle,Boston,1402,0,2,1,2,Cloudy,Medium,1
SkyJet,Chicago,Miami,1147,21,23,4,11,Clear,High,1
SkyJet,Chicago,Los Angeles,1245,8,10,6,10,Cloudy,Low,0
PacificFly,Chicago,Los Angeles,1768,4,7,3,10,Clear,Medium,1
AeroLine,Dallas,Atlanta,1073,15,17,1,9,Clear,Medium,1
AeroLine,Denver,Dallas,1084,0,2,6,8,Cloudy,High,0
BlueWing,Denver,Atlanta,2680,11,16,4,7,Clear,Low,0
SkyJet,Houston,Seattle,331,21,22,2,2,Fog,Low,0
SunAir,Miami,Houston,1289,10,12,6,12,Storm,Low,1
SunAir,Chicago,Seattle,860,7,8,6,9,Clear,Low,0
AeroLine,Chicago,New York,951,2,3,1,12,Clear,Low,0
SunAir,Houston,Miami,901,20,21,2,9,Fog,High,1
SunAir,Seattle,Chicago,1614,5,8,6,1,Cloudy,Low,0
BlueWing,Miami,New York,888,15,16,2,1,Storm,High,1
AeroLine,Seattle,New York,1795,3,6,7,10,Clear,High,1
PacificFly,Houston,Chicago,1236,19,21,4,1,Clear,High,1
BlueWing,New York,Seattle,1805,13,16,2,7,Clear,High,0
BlueWing,Boston,New York,376,17,18,3,1,Clear,Low,1
AeroLine,Houston,Seattle,1011,3,5,4,3,Storm,High,1
NorthStar,Boston,Houston,1877,18,21,3,10,Storm,High,1
PacificFly,New York,Houston,1516,5,8,3,10,Clear,High,1
AeroLine,New York,Boston,1439,14,16,7,8,Cloudy,Medium,0
SunAir,Denver,Seattle,1557,9,12,1,6,Clear,Medium,0
PacificFly,Atlanta,Houston,952,2,3,7,4,Storm,Low,1
BlueWing,Seattle,Atlanta,1263,9,11,3,5,Rain,Medium,1
PacificFly,Dallas,Miami,1039,19,21,2,10,Cloudy,Medium,0
SkyJet,Miami,Atlanta,1920,0,3,6,12,Cloudy,Low,1
BlueWing,Miami,Atlanta,1410,6,8,2,1,Clear,Medium,1
PacificFly,Houston,New York,444,4,5,7,12,Cloudy,Low,0
NorthStar,Atlanta,New York,1059,17,19,4,7,Cloudy,Low,0
NorthStar,Boston,Houston,931,23,0,4,3,Snow,Low,0
SkyJet,Houston,Miami,1312,16,18,3,7,Cloudy,Medium,1
SkyJet,Houston,Atlanta,609,23,0,7,2,Rain,High,1
SkyJet,Denver,Dallas,1549,7,10,3,3,Rain,High,1
AeroLine,Atlanta,Dallas,677,3,4,4,5,Snow,High,1
AeroLine,Miami,Los Angeles,717,1,2,5,7,Fog,Low,0
BlueWing,Seattle,Miami,1116,2,4,2,10,Fog,Medium,0
NorthStar,Atlanta,New York,712,22,23,5,6,Cloudy,Medium,0
SkyJet,Denver,Atlanta,150,4,5,3,11,Rain,Medium,1
SunAir,Dallas,Atlanta,1055,15,17,4,6,Clear,High,1
SkyJet,Houston,New York,1970,13,16,3,10,Cloudy,Medium,0
NorthStar,New York,Boston,1391,0,2,4,3,Storm,Low,1
AeroLine,Miami,Houston,863,11,12,4,9,Clear,Medium,0
NorthStar,Boston,New York,1791,0,3,6,5,Cloudy,Medium,0
SunAir,Los Angeles,Seattle,1206,10,12,4,10,Clear,Low,0
SkyJet,Los Angeles,Chicago,1249,17,19,2,9,Cloudy,Medium,1
NorthStar,Miami,Seattle,1296,9,11,4,5,Clear,High,1
PacificFly,Atlanta,Denver,1562,14,17,6,2,Storm,Medium,0
BlueWing,Denver,Chicago,1264,1,3,5,2,Fog,High,0
BlueWing,Dallas,Seattle,1620,13,16,4,10,Clear,High,1
SunAir,Seattle,Chicago,2099,15,19,4,1,Fog,Medium,0
AeroLine,Miami,Dallas,1506,6,9,6,2,Cloudy,Medium,0
NorthStar,Los Angeles,Miami,807,21,22,4,6,Storm,Low,0
BlueWing,Denver,Houston,1449,9,11,4,2,Cloudy,Medium,0
SkyJet,Miami,Los Angeles,1293,6,8,6,9,Clear,Medium,1
PacificFly,Dallas,New York,1319,4,6,7,12,Fog,Low,0
PacificFly,Miami,Dallas,1473,13,15,7,11,Cloudy,High,0
SunAir,Chicago,New York,1279,20,22,7,5,Clear,High,0
SkyJet,Atlanta,New York,1294,10,12,2,4,Fog,Low,0
NorthStar,New York,Boston,1576,7,10,1,5,Fog,High,1
SkyJet,New York,Boston,703,10,11,7,6,Cloudy,Low,0
SkyJet,Miami,Atlanta,1666,21,0,5,1,Fog,Low,1
AeroLine,Atlanta,Boston,2527,6,11,2,5,Clear,Low,0
SunAir,New York,Houston,1145,16,18,5,8,Storm,Medium,1
BlueWing,Atlanta,Boston,747,3,4,3,6,Rain,Low,0
AeroLine,Seattle,Atlanta,1126,8,10,4,4,Fog,Medium,1
NorthStar,Los Angeles,Miami,1278,15,17,2,11,Snow,Low,0
BlueWing,Boston,Miami,1453,19,21,5,4,Rain,Medium,1
PacificFly,Miami,Denver,1657,8,11,1,8,Clear,High,1
BlueWing,Miami,Boston,1203,14,16,7,6,Cloudy,High,0
NorthStar,Chicago,Denver,1583,18,21,1,7,Clear,High,1
PacificFly,Miami,Seattle,781,11,12,7,6,Cloudy,High,1
PacificFly,Chicago,Los Angeles,1008,19,21,6,6,Fog,Medium,0
PacificFly,Dallas,New York,994,5,6,7,2,Storm,Low,0
AeroLine,Miami,Denver,1458,1,3,6,9,Clear,Low,0
NorthStar,Boston,Houston,1010,0,2,1,10,Rain,Medium,0
AeroLine,Los Angeles,Dallas,1202,23,1,7,10,Clear,Medium,0
NorthStar,Atlanta,Houston,440,13,14,1,9,Clear,Low,0
SunAir,Seattle,New York,150,14,15,3,7,Rain,Medium,0
BlueWing,Denver,Los Angeles,638,18,19,3,10,Clear,Low,0
NorthStar,Los Angeles,Seattle,732,11,12,1,12,Snow,High,1
PacificFly,New York,Boston,654,5,6,2,6,Rain,High,0
BlueWing,Houston,Miami,1049,15,17,2,4,Clear,Medium,0
NorthStar,Atlanta,New York,1036,10,12,2,3,Clear,Low,1
PacificFly,Miami,Chicago,808,15,16,1,9,Rain,Low,0
BlueWing,New York,Dallas,925,23,0,1,12,Clear,Low,0
NorthStar,Houston,Atlanta,1534,21,0,7,1,Clear,Low,0
BlueWing,New York,Denver,542,5,6,1,12,Clear,Low,0
SkyJet,Seattle,New York,1248,21,23,2,10,Snow,Low,1
PacificFly,Denver,New York,1470,7,9,5,6,Clear,Low,0
AeroLine,Chicago,Seattle,884,16,17,1,5,Clear,Medium,0
AeroLine,New York,Boston,2245,6,10,3,2,Clear,Medium,1
SkyJet,New York,Houston,1349,3,5,7,10,Clear,Medium,1
SunAir,Denver,Los Angeles,2188,6,10,7,2,Rain,Medium,0
PacificFly,Denver,New York,1266,16,18,1,6,Clear,Medium,0
NorthStar,Boston,Houston,1221,16,18,5,2,Clear,Medium,1
NorthStar,Houston,Chicago,983,1,2,6,5,Snow,High,1
SkyJet,Los Angeles,Houston,1004,15,17,7,5,Rain,High,1
SkyJet,Boston,Seattle,1888,22,1,3,6,Rain,Medium,1
BlueWing,Houston,Boston,1549,0,3,1,2,Clear,Medium,0
AeroLine,Denver,Los Angeles,1193,3,5,6,1,Storm,Low,1
AeroLine,Atlanta,Seattle,970,20,21,1,5,Cloudy,High,1
SkyJet,Atlanta,Houston,1471,5,7,6,3,Fog,Medium,1
SkyJet,Miami,Dallas,1486,23,1,6,9,Rain,High,0
BlueWing,Dallas,Chicago,2200,14,18,4,7,Clear,Medium,0
AeroLine,Atlanta,Denver,610,22,23,4,10,Clear,Low,1
NorthStar,Dallas,Chicago,650,22,23,2,10,Cloudy,Medium,1
BlueWing,New York,Chicago,666,4,5,1,3,Clear,High,0
PacificFly,Houston,Los Angeles,2037,12,16,3,10,Clear,Medium,0
BlueWing,Chicago,Houston,150,4,5,5,5,Rain,Low,1
AeroLine,Seattle,Atlanta,834,1,2,2,12,Cloudy,Medium,0
NorthStar,Los Angeles,Boston,1481,9,11,5,10,Snow,Low,1
SunAir,Miami,Houston,1164,14,16,6,10,Snow,Low,0
SkyJet,Dallas,Chicago,1336,6,8,1,5,Fog,Low,1
SkyJet,Denver,Chicago,1820,20,23,2,1,Cloudy,High,1
PacificFly,Boston,New York,1698,0,3,2,11,Cloudy,Low,1
PacificFly,Miami,New York,1271,5,7,1,8,Rain,Low,0
NorthStar,Miami,Seattle,590,0,1,4,11,Fog,High,1
BlueWing,Chicago,Boston,1311,17,19,7,1,Storm,High,1
BlueWing,Atlanta,Los Angeles,966,4,5,6,10,Clear,Medium,0
PacificFly,Dallas,Los Angeles,812,8,9,1,7,Cloudy,Low,0
SkyJet,Los Angeles,Miami,935,12,13,2,8,Cloudy,Medium,0
NorthStar,New York,Miami,1706,9,12,3,11,Storm,Low,1
BlueWing,Denver,Chicago,934,23,0,1,1,Fog,Low,0
PacificFly,Denver,Miami,1348,10,12,6,3,Storm,High,1
AeroLine,Atlanta,Chicago,1876,4,7,2,8,Cloudy,High,0
BlueWing,Dallas,New York,703,9,10,2,1,Clear,Low,0
BlueWing,Atlanta,Boston,1619,1,4,2,2,Fog,Medium,0
PacificFly,Chicago,Miami,2240,16,20,5,11,Clear,Low,0
NorthStar,Los Angeles,Houston,957,17,18,3,8,Clear,Low,0
SunAir,Houston,Los Angeles,1282,10,12,6,8,Storm,Low,0
PacificFly,Chicago,Miami,303,9,10,6,5,Rain,Low,1
BlueWing,Chicago,Boston,1205,17,19,7,12,Fog,Low,1
SunAir,Denver,Dallas,990,20,21,7,7,Rain,Low,1
NorthStar,Los Angeles,Chicago,631,16,17,2,8,Cloudy,Low,0
NorthStar,Dallas,Seattle,1136,20,22,2,12,Cloudy,High,1
AeroLine,Los Angeles,Chicago,1697,19,22,5,7,Clear,High,0
BlueWing,Dallas,Houston,1324,7,9,2,5,Clear,Low,1
PacificFly,Denver,Miami,1688,15,18,1,9,Clear,Medium,0
PacificFly,Atlanta,Boston,855,12,13,5,11,Clear,Medium,1
NorthStar,Boston,Denver,1615,16,19,1,9,Clear,Medium,0
AeroLine,Boston,Seattle,754,3,4,1,10,Storm,Low,1
BlueWing,Seattle,Los Angeles,1664,20,23,6,8,Storm,Low,0
PacificFly,Miami,New York,1058,10,12,2,8,Clear,High,0
SkyJet,Miami,Dallas,680,19,20,5,10,Cloudy,High,0
BlueWing,Miami,Los Angeles,1663,11,14,2,6,Clear,High,0
SkyJet,Houston,Los Angeles,1989,15,18,2,1,Cloudy,Low,0
SunAir,Atlanta,Seattle,1262,0,2,3,2,Clear,High,0
PacificFly,Seattle,Dallas,1708,12,15,2,9,Fog,Medium,1
NorthStar,Seattle,Miami,1776,14,17,3,5,Cloudy,Medium,0
AeroLine,Atlanta,Miami,1524,16,19,2,12,Fog,Low,1
SunAir,New York,Dallas,1331,15,17,5,8,Clear,Medium,1
NorthStar,Denver,New York,1078,22,0,1,2,Clear,Low,0
NorthStar,Miami,Houston,1753,15,18,6,4,Rain,Low,0
PacificFly,Atlanta,Los Angeles,1206,20,22,7,6,Cloudy,High,1
AeroLine,Seattle,Chicago,1056,5,7,4,10,Clear,Low,0
NorthStar,Atlanta,Houston,1465,9,11,4,10,Clear,Medium,1
BlueWing,Los Angeles,Seattle,2178,12,16,3,8,Cloudy,Medium,1
SkyJet,Chicago,Denver,1653,6,9,1,11,Clear,Low,0
SkyJet,Houston,Chicago,1239,20,22,3,11,Snow,Medium,1
NorthStar,Miami,New York,1638,2,5,5,10,Snow,Medium,1
PacificFly,Denver,Boston,746,12,13,4,3,Clear,High,0
SunAir,Seattle,Dallas,1518,18,21,7,4,Cloudy,Medium,1
SkyJet,Chicago,Dallas,2231,12,16,2,7,Clear,Low,0
AeroLine,Chicago,Houston,962,17,18,6,3,Clear,High,0
PacificFly,Miami,Chicago,428,20,21,7,12,Rain,Medium,1
BlueWing,Denver,Dallas,1137,17,19,5,3,Cloudy,High,0
BlueWing,Los Angeles,Houston,857,18,19,5,10,Clear,Low,0
SkyJet,Boston,Dallas,1091,0,2,6,1,Rain,Medium,1
NorthStar,Seattle,Los Angeles,732,0,1,3,2,Clear,Medium,1
AeroLine,Houston,Los Angeles,1310,20,22,5,10,Clear,Low,0
PacificFly,Chicago,Denver,1298,6,8,1,5,Rain,Low,0
AeroLine,Dallas,New York,1460,15,17,7,6,Fog,Low,0
NorthStar,Atlanta,Chicago,1127,17,19,3,1,Clear,Medium,0
BlueWing,Seattle,New York,1201,23,1,5,8,Cloudy,Low,0
SunAir,Miami,Atlanta,267,13,14,3,5,Snow,High,1
AeroLine,Miami,New York,1066,19,21,6,8,Clear,Medium,0
PacificFly,Denver,Los Angeles,1066,20,22,2,10,Clear,High,0
SkyJet,Los Angeles,Chicago,1270,7,9,6,6,Cloudy,Low,0
PacificFly,Los Angeles,Miami,1643,11,14,3,3,Snow,Medium,1
NorthStar,Dallas,Boston,623,2,3,7,6,Clear,Low,0
SkyJet,Atlanta,Denver,314,14,15,4,12,Clear,Medium,0
SunAir,Miami,Chicago,1188,6,8,1,11,Cloudy,Low,1
BlueWing,Denver,Los Angeles,623,23,0,5,1,Snow,High,1
AeroLine,Atlanta,New York,404,7,8,4,1,Fog,Low,0
AeroLine,Seattle,Houston,1273,1,3,1,8,Rain,Low,0
AeroLine,Seattle,Dallas,1708,23,2,4,11,Snow,Medium,1
BlueWing,New York,Los Angeles,838,20,21,6,9,Clear,Medium,0
BlueWing,Dallas,Atlanta,1788,1,4,5,8,Clear,Low,0
AeroLine,Dallas,Seattle,1633,12,15,6,8,Storm,Low,0
SkyJet,Miami,Dallas,797,8,9,7,11,Cloudy,Medium,0
NorthStar,Seattle,Houston,1434,21,23,6,7,Fog,Low,1
SkyJet,Los Angeles,Seattle,1307,12,14,4,5,Cloudy,Medium,0
SunAir,New York,Denver,900,11,12,4,12,Fog,Low,0
BlueWing,New York,Houston,1359,13,15,1,4,Cloudy,Low,0
PacificFly,Los Angeles,Dallas,1019,22,0,1,10,Clear,Low,0
PacificFly,Los Angeles,Dallas,1790,20,23,7,7,Clear,Medium,0
PacificFly,Boston,Dallas,1553,7,10,2,2,Rain,Medium,0
SkyJet,Los Angeles,New York,1558,19,22,1,9,Cloudy,Low,0
BlueWing,New York,Los Angeles,1550,10,13,1,11,Clear,Medium,0
NorthStar,Miami,Dallas,1499,13,15,6,1,Snow,High,1
SunAir,Dallas,Houston,1615,19,22,3,5,Clear,High,0
BlueWing,Los Angeles,Miami,1614,23,2,6,7,Clear,High,0
SkyJet,Boston,Seattle,551,12,13,1,7,Cloudy,Low,0
SkyJet,Miami,Seattle,1658,3,6,4,6,Clear,Low,0
PacificFly,Houston,Atlanta,1746,21,0,7,11,Clear,Medium,0
SunAir,Seattle,New York,960,7,8,1,6,Clear,High,0
SunAir,Dallas,Miami,931,14,15,3,2,Fog,Low,0
NorthStar,Boston,Chicago,1436,3,5,5,5,Clear,Medium,0
AeroLine,Miami,Seattle,910,13,14,3,8,Rain,Low,0
SkyJet,Dallas,Atlanta,431,16,17,3,5,Cloudy,Low,0
BlueWing,Chicago,Dallas,1220,19,21,5,12,Rain,High,1
AeroLine,Dallas,Chicago,878,8,9,1,4,Fog,Low,1
SkyJet,Denver,Chicago,2030,4,8,5,5,Cloudy,Low,0
SkyJet,Miami,Denver,1014,11,13,3,12,Clear,Medium,0
AeroLine,New York,Chicago,1716,6,9,6,11,Clear,Low,0
NorthStar,Chicago,Los Angeles,1167,20,22,6,8,Fog,High,1
SkyJet,Atlanta,Boston,1702,0,3,3,3,Storm,Medium,1
NorthStar,Denver,Los Angeles,1555,16,19,4,2,Snow,Medium,0
BlueWing,Los Angeles,New York,902,22,23,1,12,Storm,High,1
AeroLine,Denver,Miami,1584,22,1,3,6,Storm,Low,1
SunAir,Boston,Dallas,1170,15,17,4,6,Storm,Medium,1
AeroLine,Houston,Chicago,775,12,13,6,8,Clear,Low,1
PacificFly,Chicago,Los Angeles,736,0,1,4,7,Fog,Low,1
AeroLine,Atlanta,New York,647,21,22,4,9,Snow,Low,1
BlueWing,Miami,Houston,1819,0,3,3,12,Rain,Low,0
AeroLine,Atlanta,Miami,647,18,19,4,10,Storm,High,1
BlueWing,New York,Miami,1562,10,13,2,5,Clear,Low,0
AeroLine,Los Angeles,Seattle,1398,15,17,5,3,Clear,Medium,0
SunAir,Boston,Chicago,1644,11,14,7,2,Clear,High,0
PacificFly,Boston,Seattle,636,5,6,1,12,Rain,Low,0
SkyJet,Atlanta,Boston,1058,5,7,5,7,Clear,Medium,0
SunAir,Atlanta,Dallas,1100,7,9,1,7,Clear,Low,0
SunAir,Dallas,Denver,1594,20,23,7,12,Cloudy,Medium,1
AeroLine,Atlanta,Denver,150,14,15,7,4,Cloudy,Medium,0
AeroLine,Chicago,Denver,1069,4,6,2,8,Fog,High,0
NorthStar,Atlanta,Los Angeles,947,19,20,5,10,Clear,Medium,0
PacificFly,Houston,Los Angeles,967,22,23,2,9,Storm,Low,1
NorthStar,Boston,Atlanta,2393,19,23,1,6,Cloudy,Medium,0
SunAir,Denver,Houston,1425,12,14,7,9,Cloudy,Low,0
PacificFly,Dallas,Atlanta,2028,7,11,6,6,Clear,Low,0
PacificFly,Seattle,Dallas,464,21,22,5,8,Fog,Low,1
PacificFly,Atlanta,Houston,698,20,21,1,1,Cloudy,Medium,0
SkyJet,New York,Boston,1547,14,17,1,7,Clear,Medium,1
NorthStar,Los Angeles,Dallas,1371,3,5,7,10,Clear,Low,0
AeroLine,Chicago,Los Angeles,1633,8,11,4,7,Fog,Low,1
NorthStar,Denver,Atlanta,1630,16,19,6,3,Clear,Low,0
SunAir,Miami,Los Angeles,1188,21,23,1,9,Fog,Low,0
AeroLine,Atlanta,Denver,508,9,10,7,10,Snow,Low,1
BlueWing,New York,Atlanta,1686,4,7,6,1,Clear,Medium,0
AeroLine,Dallas,Los Angeles,1003,12,14,4,8,Clear,High,0
AeroLine,Los Angeles,Seattle,1617,3,6,7,10,Clear,High,0
SkyJet,Atlanta,Miami,1726,10,13,2,2,Storm,High,1
SkyJet,Chicago,Boston,970,2,3,4,10,Clear,Low,0
PacificFly,Seattle,Denver,1553,5,8,5,11,Cloudy,Medium,1
SkyJet,Los Angeles,Houston,1708,5,8,6,12,Rain,Medium,0
BlueWing,Dallas,Miami,1666,15,18,1,8,Snow,Medium,1
AeroLine,Chicago,Seattle,950,21,22,4,1,Rain,Low,0
PacificFly,Chicago,Boston,1459,1,3,4,9,Rain,Medium,0
BlueWing,Boston,Atlanta,1332,20,22,7,8,Fog,Medium,1
SunAir,Miami,Atlanta,866,3,4,6,2,Snow,Medium,1
NorthStar,Boston,Seattle,1121,23,1,6,12,Storm,Low,0
NorthStar,Denver,Boston,1639,17,20,4,6,Fog,Low,1
SunAir,Boston,Los Angeles,1156,15,17,6,10,Cloudy,High,0
SkyJet,Miami,Boston,1221,9,11,4,7,Snow,Low,1
PacificFly,New York,Houston,1449,17,19,5,3,Clear,Medium,0
AeroLine,New York,Boston,1042,19,21,2,4,Cloudy,Low,1
NorthStar,Miami,New York,2318,5,9,2,12,Cloudy,High,1
NorthStar,Seattle,Atlanta,1620,13,16,1,11,Clear,High,0
SunAir,Denver,Seattle,1149,5,7,3,3,Snow,Medium,1
SunAir,Los Angeles,Dallas,400,9,10,7,9,Cloudy,Low,0
NorthStar,Boston,Houston,770,6,7,4,6,Cloudy,High,0
SkyJet,New York,Seattle,1548,17,20,1,12,Clear,Low,1
BlueWing,Denver,Miami,1591,8,11,7,5,Clear,Low,0
AeroLine,Los Angeles,Dallas,1467,18,20,1,4,Clear,Low,0
BlueWing,Denver,Miami,960,8,9,4,8,Storm,Medium,1
SkyJet,Seattle,New York,1090,22,0,5,11,Storm,Medium,1
PacificFly,Houston,Chicago,1242,11,13,1,12,Clear,Low,0
SunAir,Los Angeles,Dallas,1102,19,21,2,10,Cloudy,Medium,0
SkyJet,Dallas,Boston,1640,15,18,6,4,Cloudy,Medium,1
BlueWing,Atlanta,Chicago,1391,21,23,2,9,Cloudy,Low,0
AeroLine,Houston,Seattle,1508,8,11,6,5,Clear,Low,0
NorthStar,Houston,Los Angeles,1097,7,9,7,5,Fog,Medium,0
SunAir,Los Angeles,Boston,259,15,16,4,3,Cloudy,Low,0
BlueWing,Miami,New York,935,0,1,2,5,Clear,Low,0
PacificFly,Atlanta,Miami,982,17,18,1,7,Clear,High,1
PacificFly,Los Angeles,Houston,1531,16,19,1,10,Clear,Low,0
SkyJet,Los Angeles,New York,1558,15,18,2,12,Clear,Low,0
PacificFly,Houston,Atlanta,1661,18,21,4,10,Cloudy,Medium,1
SunAir,Boston,New York,1409,14,16,2,2,Snow,Low,1
AeroLine,Los Angeles,Chicago,842,6,7,1,11,Fog,High,1
AeroLine,Los Angeles,Dallas,568,7,8,6,3,Clear,Low,0
SkyJet,Atlanta,Dallas,1156,9,11,7,2,Clear,Medium,1
SunAir,Dallas,Los Angeles,753,20,21,2,10,Storm,Medium,1
AeroLine,Atlanta,Dallas,647,17,18,6,2,Clear,High,0
SkyJet,New York,Miami,1078,1,3,3,9,Storm,Low,0
NorthStar,Boston,Denver,1332,3,5,6,7,Clear,Medium,0
SunAir,New York,Denver,1007,1,3,4,11,Clear,High,1
NorthStar,New York,Atlanta,812,2,3,5,4,Cloudy,Low,0
AeroLine,Los Angeles,Boston,2049,14,18,4,10,Clear,Medium,0
PacificFly,Seattle,Boston,1671,10,13,2,4,Fog,Low,0
BlueWing,Miami,Los Angeles,1741,17,20,2,5,Clear,Medium,0
AeroLine,Atlanta,Los Angeles,932,10,11,7,7,Clear,Low,0
BlueWing,Chicago,Dallas,1495,0,2,6,1,Storm,High,0
PacificFly,New York,Miami,1409,5,7,3,5,Clear,Low,0
AeroLine,New York,Atlanta,845,5,6,4,8,Clear,High,0
NorthStar,Houston,Atlanta,939,3,4,6,4,Rain,High,0
BlueWing,Denver,Miami,901,10,11,3,6,Clear,Low,0
NorthStar,New York,Houston,2147,14,18,7,10,Clear,Medium,0
AeroLine,Chicago,Miami,189,10,11,6,3,Clear,Medium,0
AeroLine,Atlanta,Houston,1102,22,0,4,7,Rain,Low,1
SkyJet,Los Angeles,New York,1074,20,22,3,6,Storm,High,1
SunAir,Boston,New York,1134,18,20,1,5,Clear,Low,0
SunAir,Seattle,Miami,726,17,18,3,5,Storm,Medium,1
NorthStar,Atlanta,Los Angeles,1327,8,10,4,4,Snow,Low,1
BlueWing,Los Angeles,Dallas,1042,21,23,6,12,Clear,Low,0
BlueWing,Chicago,Los Angeles,150,19,20,7,3,Cloudy,Medium,0
PacificFly,Dallas,Houston,1164,1,3,2,2,Clear,Medium,0
PacificFly,Atlanta,Seattle,1574,10,13,1,9,Clear,High,0
PacificFly,Los Angeles,Denver,663,9,10,1,12,Cloudy,Low,0
SunAir,New York,Dallas,1072,10,12,1,9,Cloudy,Medium,0
PacificFly,Boston,New York,1078,1,3,7,1,Clear,Low,0
NorthStar,New York,Atlanta,1127,0,2,2,4,Clear,Low,0
AeroLine,Dallas,New York,1157,4,6,6,4,Clear,Medium,0
NorthStar,Houston,New York,930,20,21,4,3,Clear,Medium,0
NorthStar,Houston,Dallas,150,13,14,4,1,Storm,Low,1
PacificFly,Los Angeles,New York,1144,6,8,2,12,Storm,High,1
BlueWing,Miami,Houston,1161,21,23,2,6,Clear,Medium,1
BlueWing,Dallas,Seattle,842,17,18,4,6,Clear,Low,1
NorthStar,Denver,Boston,875,2,3,3,6,Clear,Medium,1
NorthStar,Miami,New York,1344,7,9,4,3,Snow,Low,0
AeroLine,Denver,Los Angeles,1227,17,19,4,4,Clear,High,1
NorthStar,Seattle,Dallas,716,9,10,6,11,Clear,Low,0
PacificFly,Denver,Miami,625,20,21,6,8,Clear,Medium,0
PacificFly,Chicago,Seattle,1438,18,20,3,5,Clear,Medium,0
SkyJet,Dallas,Chicago,1486,6,8,7,2,Clear,Medium,0
SunAir,Seattle,Boston,870,19,20,2,8,Cloudy,Low,1
PacificFly,Atlanta,Denver,1964,19,22,1,7,Storm,Medium,1
AeroLine,Seattle,Houston,1358,7,9,4,10,Fog,High,1
AeroLine,Boston,New York,1398,13,15,3,7,Storm,Low,0
SkyJet,Denver,Houston,1630,1,4,7,2,Rain,Medium,1
PacificFly,Boston,Chicago,696,16,17,7,5,Fog,Medium,1
NorthStar,New York,Houston,676,22,23,6,12,Storm,High,1
SunAir,Houston,Seattle,452,6,7,5,4,Fog,Low,0
SunAir,Seattle,Chicago,1131,3,5,5,9,Storm,Low,0
PacificFly,Seattle,Denver,622,2,3,3,9,Storm,Low,1
BlueWing,Miami,Houston,1106,2,4,2,12,Storm,Low,1
BlueWing,Atlanta,Chicago,2146,15,19,5,4,Clear,Low,0
BlueWing,Los Angeles,Dallas,1240,12,14,1,9,Rain,Medium,0
NorthStar,Atlanta,Boston,304,5,6,3,6,Rain,Low,0
BlueWing,Denver,Chicago,2429,16,20,5,6,Cloudy,Low,0
NorthStar,Atlanta,Seattle,274,0,1,1,1,Storm,Medium,1
NorthStar,Boston,Seattle,1036,7,9,6,3,Clear,Medium,1
NorthStar,Houston,Chicago,1623,18,21,3,2,Storm,High,1
SkyJet,New York,Miami,1755,17,20,2,1,Clear,Low,0
SunAir,New York,Houston,1070,20,22,1,2,Rain,Low,0
BlueWing,Houston,Dallas,1461,15,17,3,7,Clear,Low,0
PacificFly,Houston,Chicago,1774,0,3,4,9,Clear,Medium,0
SkyJet,Los Angeles,Chicago,2202,14,18,2,2,Cloudy,Low,0
AeroLine,Seattle,Miami,1331,20,22,7,7,Fog,Low,0
NorthStar,Miami,Chicago,1292,19,21,2,12,Rain,Low,0
BlueWing,Denver,Seattle,866,23,0,6,9,Clear,Low,0
SunAir,Los Angeles,Dallas,1422,20,22,5,2,Cloudy,High,1
NorthStar,Dallas,Chicago,1561,16,19,6,11,Cloudy,Medium,0
SkyJet,Denver,Los Angeles,750,15,16,3,2,Fog,High,0
PacificFly,New York,Dallas,1861,22,1,7,8,Rain,High,1
SunAir,Dallas,Atlanta,170,18,19,7,9,Clear,Medium,1
BlueWing,Miami,Chicago,2078,11,15,1,9,Storm,Medium,1
NorthStar,Miami,New York,1296,14,16,5,5,Cloudy,Low,1
SunAir,Houston,New York,913,9,10,1,8,Cloudy,Low,0
SunAir,Denver,Dallas,783,10,11,1,4,Clear,Medium,0
SunAir,Atlanta,New York,1167,13,15,1,6,Clear,Low,0
SunAir,Houston,Atlanta,536,16,17,2,7,Clear,Low,1
SunAir,Boston,Miami,1199,9,11,3,6,Clear,Low,0
BlueWing,Houston,Atlanta,1809,14,17,5,9,Clear,Medium,0
BlueWing,Seattle,Houston,717,8,9,5,1,Cloudy,Low,0
BlueWing,Seattle,Chicago,1084,7,9,6,7,Fog,Medium,1
AeroLine,Denver,Seattle,547,19,20,2,7,Clear,Low,1
SkyJet,Denver,Seattle,1356,23,1,2,4,Cloudy,Low,0
AeroLine,Chicago,Houston,1528,0,3,1,6,Cloudy,High,1
BlueWing,New York,Houston,1762,7,10,1,5,Snow,Medium,0
PacificFly,New York,Atlanta,461,9,10,4,11,Rain,Low,1
SunAir,Chicago,Los Angeles,370,6,7,6,2,Storm,High,1
NorthStar,Denver,Atlanta,1743,2,5,7,1,Clear,Medium,0
PacificFly,Denver,Seattle,1002,10,12,2,3,Storm,Medium,0
BlueWing,Denver,Los Angeles,1139,20,22,5,6,Rain,Low,1
SkyJet,Dallas,Los Angeles,1687,7,10,6,10,Cloudy,Medium,0
PacificFly,Denver,Atlanta,1325,11,13,5,7,Clear,High,0
SunAir,Seattle,Houston,1613,7,10,6,12,Cloudy,Medium,1
SunAir,New York,Dallas,2289,16,20,7,2,Storm,High,1
NorthStar,Boston,New York,638,10,11,6,12,Cloudy,High,0
SunAir,Seattle,Atlanta,765,11,12,2,12,Clear,Medium,1
BlueWing,Chicago,Miami,302,22,23,2,5,Cloudy,High,1
BlueWing,New York,Dallas,1069,13,15,4,10,Clear,Medium,0
AeroLine,Denver,Chicago,717,20,21,5,9,Clear,Medium,0
AeroLine,Chicago,New York,924,1,2,4,11,Cloudy,Low,0
AeroLine,New York,Boston,1583,19,22,5,8,Clear,Low,0
PacificFly,Boston,Seattle,1717,9,12,7,6,Storm,High,1
SkyJet,Houston,Chicago,1515,18,21,6,11,Rain,Low,0
AeroLine,Miami,Boston,2113,10,14,2,10,Cloudy,High,0
BlueWing,Boston,Denver,1334,9,11,3,5,Rain,Low,0
BlueWing,Seattle,Miami,1485,14,16,6,10,Clear,Low,0
PacificFly,Chicago,Houston,897,0,1,1,9,Clear,High,1
PacificFly,Dallas,Atlanta,833,12,13,4,7,Clear,Low,0
BlueWing,Los Angeles,Chicago,1179,2,4,5,7,Snow,Medium,1
BlueWing,Dallas,Seattle,1723,10,13,6,1,Clear,High,1
SkyJet,Chicago,Miami,706,6,7,4,8,Clear,Low,0
AeroLine,Dallas,Los Angeles,1090,4,6,3,9,Clear,Medium,0
NorthStar,Miami,Los Angeles,870,4,5,5,9,Rain,Low,0
SunAir,Houston,Atlanta,1038,0,2,7,3,Clear,Medium,0
AeroLine,Miami,Los Angeles,952,13,14,5,8,Cloudy,Low,0
SunAir,New York,Miami,395,7,8,7,6,Snow,Low,0
BlueWing,Denver,Dallas,150,11,12,4,10,Clear,High,1
AeroLine,Houston,Los Angeles,1055,23,1,6,8,Rain,Low,1
SkyJet,Chicago,Dallas,966,4,5,2,11,Clear,Low,0
PacificFly,Miami,Atlanta,1349,3,5,3,9,Clear,Low,0
SkyJet,Seattle,Boston,1788,18,21,5,11,Clear,Low,0
SkyJet,Miami,Houston,1531,20,23,3,4,Clear,Low,0
PacificFly,Atlanta,New York,1973,5,8,2,9,Rain,Low,0
PacificFly,Seattle,Dallas,1222,14,16,5,9,Clear,Low,0
SunAir,Dallas,Denver,1327,23,1,4,10,Fog,Medium,0
SunAir,Denver,New York,1272,1,3,7,12,Cloudy,High,0
SunAir,New York,Boston,765,14,15,5,9,Snow,Low,0
NorthStar,Seattle,Denver,1064,10,12,1,9,Clear,Medium,0
SunAir,Seattle,New York,1107,2,4,2,10,Fog,Medium,0
BlueWing,Chicago,Seattle,1400,2,4,5,11,Cloudy,Low,1
AeroLine,Chicago,Atlanta,813,11,12,4,1,Clear,Low,1
SkyJet,Chicago,Seattle,559,14,15,5,4,Fog,Low,0
BlueWing,Los Angeles,Denver,1655,6,9,7,6,Fog,Low,0
SkyJet,Denver,Chicago,848,21,22,7,1,Rain,Medium,1
SunAir,Seattle,Boston,342,3,4,6,8,Clear,Medium,0
PacificFly,Seattle,Miami,802,23,0,5,12,Snow,High,0
NorthStar,Denver,Seattle,730,2,3,7,6,Snow,Low,0
PacificFly,Houston,Miami,1081,4,6,7,7,Clear,Medium,0
NorthStar,Chicago,Los Angeles,1538,0,3,4,4,Snow,Low,1
SunAir,Houston,Chicago,791,3,4,2,12,Clear,Medium,0
PacificFly,Seattle,Boston,1029,11,13,5,9,Snow,Low,1
SunAir,Denver,Chicago,331,5,6,5,9,Clear,Low,0
NorthStar,Boston,Seattle,1436,7,9,4,2,Clear,High,1
NorthStar,Denver,Atlanta,1095,4,6,1,12,Rain,Medium,1
PacificFly,Dallas,Boston,331,19,20,4,12,Storm,Low,1
AeroLine,Chicago,Los Angeles,1006,2,4,7,11,Clear,Medium,0
SkyJet,New York,Chicago,1448,23,1,2,1,Fog,Low,0
SunAir,Chicago,Atlanta,1218,15,17,1,11,Cloudy,High,1
SunAir,Dallas,New York,1094,2,4,5,3,Cloudy,High,1
SunAir,New York,Boston,203,17,18,6,10,Clear,Low,0
BlueWing,Seattle,Denver,2046,14,18,2,11,Storm,High,1
AeroLine,Boston,Atlanta,773,10,11,1,11,Rain,Medium,1
PacificFly,New York,Atlanta,1633,20,23,5,6,Storm,Low,1
SunAir,Miami,Denver,1917,1,4,2,5,Cloudy,Medium,0
BlueWing,Houston,Chicago,961,15,16,5,7,Rain,Medium,1
BlueWing,Miami,Boston,248,11,12,5,8,Cloudy,Low,0
SkyJet,Miami,Los Angeles,1163,21,23,5,10,Rain,Low,0
PacificFly,Los Angeles,Houston,925,3,4,7,9,Clear,Low,0
PacificFly,Boston,Seattle,532,17,18,4,2,Clear,Low,1
AeroLine,New York,Houston,870,6,7,6,6,Cloudy,Low,0
SunAir,Boston,New York,1222,14,16,7,5,Rain,High,1
AeroLine,Denver,Boston,589,23,0,4,5,Rain,Low,1
NorthStar,New York,Miami,1861,15,18,5,8,Clear,Low,0
PacificFly,Seattle,Los Angeles,1492,19,21,1,12,Clear,Medium,0
PacificFly,Seattle,Houston,1180,9,11,6,5,Clear,High,1
NorthStar,Denver,Boston,1781,9,12,7,3,Fog,Medium,1
SunAir,Denver,Dallas,1752,15,18,6,4,Cloudy,Medium,0
PacificFly,Atlanta,Denver,1006,23,1,3,2,Clear,Medium,0
PacificFly,New York,Dallas,2076,6,10,4,10,Clear,Low,1
SkyJet,Boston,Los Angeles,1656,2,5,3,6,Clear,High,0
BlueWing,Denver,Miami,429,4,5,6,1,Clear,Medium,1
SunAir,Denver,Miami,1589,19,22,6,10,Clear,Medium,0
BlueWing,Seattle,Miami,150,8,9,7,7,Cloudy,High,0
SunAir,Atlanta,Miami,1575,21,0,3,4,Clear,High,0
BlueWing,Chicago,Atlanta,1413,4,6,7,8,Rain,Low,0
SunAir,Seattle,New York,626,8,9,4,9,Cloudy,High,1
AeroLine,Houston,Los Angeles,724,2,3,4,7,Rain,Low,1
SkyJet,Los Angeles,New York,643,16,17,7,7,Cloudy,Low,0
NorthStar,Los Angeles,Dallas,531,14,15,5,5,Clear,High,0
SkyJet,Atlanta,Boston,1623,5,8,4,5,Clear,Medium,0
NorthStar,Boston,Los Angeles,150,19,20,2,3,Clear,Medium,0
AeroLine,Atlanta,Seattle,714,10,11,1,8,Clear,Medium,1
PacificFly,Boston,Dallas,1787,4,7,7,2,Clear,Low,0
BlueWing,Chicago,Boston,1365,14,16,3,8,Clear,Low,0
BlueWing,Miami,Dallas,1253,21,23,1,10,Rain,High,1
BlueWing,New York,Los Angeles,1871,11,14,2,9,Rain,High,0
NorthStar,Boston,Chicago,1538,2,5,4,11,Clear,High,0
NorthStar,Atlanta,Seattle,2050,2,6,7,4,Storm,Medium,1
NorthStar,Dallas,Houston,573,13,14,7,1,Snow,High,1
BlueWing,Atlanta,Dallas,1560,0,3,6,5,Cloudy,Medium,0
AeroLine,Atlanta,Boston,985,13,14,4,6,Snow,Low,0
BlueWing,Dallas,Seattle,928,22,23,6,12,Fog,Medium,0
PacificFly,Chicago,Denver,1206,11,13,3,9,Clear,Low,0
PacificFly,New York,Chicago,1864,10,13,2,3,Snow,Low,1
BlueWing,Chicago,Houston,1175,16,18,1,8,Storm,Medium,1
AeroLine,Seattle,Denver,1036,23,1,2,9,Clear,Medium,1
AeroLine,Seattle,Denver,1823,13,16,4,5,Clear,Low,0
PacificFly,Dallas,Los Angeles,1104,9,11,7,7,Storm,Low,0
PacificFly,Los Angeles,Chicago,1146,11,13,7,3,Rain,Low,0
BlueWing,Boston,Atlanta,1095,4,6,7,5,Storm,High,1
NorthStar,Dallas,Boston,1512,5,8,6,11,Cloudy,Medium,0
AeroLine,Seattle,Denver,2640,10,15,6,7,Cloudy,Low,0
NorthStar,Los Angeles,Miami,1459,8,10,1,12,Storm,High,1
NorthStar,Houston,Atlanta,1133,18,20,3,5,Snow,Low,1
SkyJet,Boston,New York,2700,10,15,4,12,Clear,Medium,0
NorthStar,Boston,Seattle,1657,20,23,5,11,Rain,Medium,0
PacificFly,Miami,Seattle,607,0,1,3,9,Clear,Low,0
BlueWing,New York,Dallas,1263,21,23,6,1,Snow,Low,0
NorthStar,Chicago,Denver,1263,22,0,4,1,Cloudy,Low,0
NorthStar,Houston,Chicago,1803,6,9,1,6,Clear,Medium,1
PacificFly,Dallas,Seattle,1466,18,20,4,7,Cloudy,Medium,1
NorthStar,Los Angeles,Dallas,961,1,2,5,1,Cloudy,High,0
PacificFly,Denver,New York,1709,1,4,5,7,Fog,Low,0
SunAir,Miami,Dallas,1587,23,2,1,2,Rain,High,1
NorthStar,Chicago,Houston,920,9,10,1,12,Clear,High,1
PacificFly,Chicago,Dallas,1295,1,3,5,7,Clear,Medium,0
SkyJet,Miami,Los Angeles,1239,7,9,4,10,Fog,Medium,0
AeroLine,Chicago,Dallas,471,8,9,3,2,Rain,Medium,0
NorthStar,Chicago,New York,1730,23,2,5,4,Storm,Low,0
AeroLine,Houston,Miami,1570,17,20,1,9,Rain,Medium,1
NorthStar,Seattle,Denver,1260,20,22,4,4,Cloudy,High,0
SkyJet,Chicago,Los Angeles,161,19,20,5,5,Cloudy,Low,0
BlueWing,Denver,Seattle,930,7,8,7,4,Fog,Medium,0
AeroLine,Los Angeles,Denver,1812,2,5,1,7,Storm,High,0
SunAir,Miami,Dallas,1150,4,6,5,4,Rain,Low,0
SkyJet,Chicago,Dallas,1787,10,13,2,12,Rain,High,1
SunAir,Seattle,Los Angeles,497,13,14,5,3,Clear,High,1
PacificFly,Los Angeles,Boston,1138,5,7,4,12,Snow,High,1
AeroLine,Boston,New York,1568,1,4,5,6,Cloudy,Medium,0
PacificFly,New York,Miami,1002,16,18,5,3,Clear,Low,0
NorthStar,Boston,Atlanta,955,4,5,6,11,Cloudy,Medium,0
SkyJet,New York,Dallas,1860,2,5,3,7,Cloudy,Low,0
AeroLine,Atlanta,Denver,2205,13,17,6,5,Rain,Low,1
SunAir,Denver,Miami,612,2,3,2,10,Storm,Low,0
SkyJet,Denver,Dallas,1912,21,0,5,1,Rain,High,1
SunAir,Los Angeles,New York,829,10,11,7,4,Clear,High,0
PacificFly,Atlanta,Boston,1425,4,6,5,7,Storm,Low,1
BlueWing,Dallas,Los Angeles,1166,10,12,4,8,Clear,Medium,0
SkyJet,Chicago,Denver,1416,10,12,6,10,Fog,Medium,1
SunAir,Denver,Houston,1567,18,21,2,11,Fog,Medium,1
SkyJet,Seattle,Houston,301,1,2,7,3,Clear,Medium,0
BlueWing,New York,Boston,2141,10,14,4,4,Cloudy,Medium,1
PacificFly,Denver,Seattle,514,11,12,2,2,Cloudy,Medium,0
PacificFly,New York,Denver,831,0,1,4,12,Clear,Low,0
SkyJet,Los Angeles,Chicago,787,20,21,7,11,Cloudy,Medium,0
NorthStar,Houston,Denver,1684,1,4,2,7,Clear,Medium,1
SunAir,Seattle,Atlanta,1644,18,21,2,3,Clear,High,1
PacificFly,Atlanta,Miami,150,17,18,7,7,Storm,Low,1
AeroLine,Dallas,Houston,997,8,9,1,5,Fog,Medium,1
BlueWing,Chicago,Atlanta,469,10,11,1,10,Rain,Low,1
AeroLine,Chicago,Boston,1712,22,1,4,2,Clear,Medium,1
SunAir,Los Angeles,Boston,1571,1,4,2,5,Fog,Medium,0
AeroLine,Denver,Dallas,1109,18,20,3,12,Clear,Low,0
SkyJet,Denver,Dallas,1879,11,14,2,8,Clear,Low,0
PacificFly,Los Angeles,Atlanta,1185,11,13,5,12,Clear,High,0
BlueWing,Denver,Houston,698,22,23,4,3,Clear,Low,0
NorthStar,Atlanta,Los Angeles,1303,22,0,5,3,Rain,Low,1
BlueWing,New York,Denver,1269,12,14,2,2,Clear,Low,0
SkyJet,Denver,Houston,1135,11,13,4,9,Storm,High,1
BlueWing,Dallas,Denver,1861,7,10,4,8,Clear,High,0
SunAir,Houston,Chicago,1287,18,20,2,4,Cloudy,Medium,0
PacificFly,Boston,Miami,1309,6,8,1,12,Clear,Medium,1
SkyJet,New York,Denver,1018,18,20,7,10,Clear,Medium,0
NorthStar,Atlanta,Chicago,873,8,9,5,1,Storm,Medium,1
NorthStar,Houston,Chicago,1402,12,14,1,6,Fog,High,0
AeroLine,Denver,Houston,754,14,15,3,8,Fog,Low,1
SunAir,Seattle,Boston,456,8,9,1,4,Cloudy,Medium,0
BlueWing,New York,Dallas,1795,14,17,5,12,Clear,Low,0
BlueWing,Houston,New York,1141,18,20,1,9,Clear,High,0
PacificFly,Denver,Seattle,953,5,6,6,2,Rain,Low,0
PacificFly,Boston,Seattle,1519,13,16,3,1,Clear,Low,0
NorthStar,Los Angeles,New York,311,3,4,5,2,Cloudy,Medium,0
SunAir,New York,Seattle,1146,18,20,1,9,Snow,Low,1
BlueWing,Atlanta,Miami,1447,12,14,3,11,Rain,Low,0
PacificFly,Atlanta,Chicago,385,17,18,4,10,Cloudy,Low,0
AeroLine,Boston,Dallas,1256,10,12,4,12,Cloudy,High,0
PacificFly,Houston,Chicago,1962,22,1,7,11,Rain,Medium,1
SkyJet,Chicago,Houston,1017,17,19,1,10,Snow,High,1
NorthStar,Houston,Denver,830,14,15,7,8,Cloudy,Low,0
SkyJet,Boston,New York,150,17,18,3,10,Clear,Medium,1
SunAir,Boston,Los Angeles,1810,8,11,5,6,Clear,High,0
NorthStar,Miami,Boston,1866,9,12,1,11,Clear,Low,0
AeroLine,Dallas,Miami,544,18,19,4,11,Snow,Medium,1
BlueWing,Chicago,Dallas,1528,5,8,7,6,Clear,High,0
BlueWing,Los Angeles,New York,1465,1,3,4,7,Snow,Medium,0
SunAir,Seattle,Atlanta,1258,15,17,1,7,Clear,Low,0
NorthStar,New York,Seattle,150,3,4,4,5,Rain,Low,0
BlueWing,Boston,New York,1353,0,2,2,12,Storm,High,1
NorthStar,Chicago,Miami,1021,13,15,4,10,Clear,Low,0
AeroLine,Atlanta,Chicago,849,12,13,1,8,Clear,High,0
NorthStar,Miami,Chicago,1149,4,6,7,7,Clear,Medium,0
BlueWing,Miami,Houston,150,22,23,7,5,Clear,Low,0
NorthStar,New York,Los Angeles,1069,15,17,5,3,Fog,Low,0
BlueWing,Seattle,Denver,1709,7,10,1,4,Clear,Medium,0
AeroLine,Boston,Los Angeles,1110,17,19,4,9,Clear,Low,0
AeroLine,Houston,Denver,662,3,4,3,11,Storm,Medium,1
NorthStar,Miami,Chicago,706,18,19,1,6,Clear,Low,0
SkyJet,Chicago,Denver,674,16,17,2,4,Snow,High,1
AeroLine,Atlanta,Denver,2006,19,23,6,3,Rain,Low,0
SunAir,Seattle,Denver,1334,11,13,3,1,Clear,Medium,0
BlueWing,Denver,Seattle,1435,3,5,1,8,Clear,Medium,0
NorthStar,Chicago,Denver,150,5,6,3,1,Clear,Low,0
NorthStar,New York,Houston,1293,12,14,4,12,Clear,High,0
SunAir,Houston,Los Angeles,1488,8,10,1,8,Clear,Low,0
SkyJet,Seattle,Boston,150,0,1,2,2,Cloudy,Medium,0
AeroLine,Denver,Miami,1958,20,23,5,1,Clear,Low,0
AeroLine,Dallas,Los Angeles,1273,0,2,6,8,Clear,High,1
BlueWing,Boston,Miami,1829,12,15,5,8,Clear,High,1
PacificFly,Boston,Denver,1307,1,3,7,11,Rain,Medium,1
BlueWing,Denver,Houston,1962,4,7,1,3,Clear,Low,0
AeroLine,Houston,Seattle,1030,18,20,4,8,Clear,Low,1
AeroLine,Houston,Dallas,1313,4,6,4,5,Clear,High,0
SkyJet,Miami,Seattle,1419,11,13,1,5,Clear,High,1
SunAir,Denver,Boston,2088,7,11,7,8,Clear,Low,1
SkyJet,Los Angeles,Chicago,409,14,15,7,6,Snow,Low,0
SkyJet,Los Angeles,Houston,2098,10,14,5,12,Rain,Medium,1
NorthStar,Seattle,Houston,758,7,8,5,1,Rain,Low,1
SunAir,Miami,Houston,732,15,16,4,3,Rain,High,1
BlueWing,Chicago,New York,1689,18,21,3,4,Cloudy,High,0
SunAir,Los Angeles,Seattle,1712,11,14,6,8,Cloudy,Medium,0
AeroLine,New York,Chicago,638,14,15,2,5,Clear,Low,0
AeroLine,Denver,Los Angeles,1102,5,7,7,12,Cloudy,High,1
NorthStar,Atlanta,New York,1949,1,4,7,11,Rain,Low,0
SkyJet,Chicago,Dallas,291,21,22,2,11,Clear,Medium,0
SunAir,Denver,Atlanta,1772,1,4,5,1,Storm,High,1
SkyJet,Seattle,Boston,1344,20,22,6,8,Cloudy,Medium,0
SunAir,Boston,Miami,1008,11,13,6,9,Clear,Medium,0
NorthStar,Miami,Boston,906,3,4,3,9,Clear,Low,0
AeroLine,New York,Seattle,1263,11,13,2,3,Cloudy,High,1
PacificFly,New York,Houston,1628,0,3,4,10,Cloudy,Low,0
BlueWing,Miami,Dallas,2127,3,7,1,8,Clear,Medium,0
SkyJet,Denver,Dallas,1509,4,7,5,2,Clear,High,0
SunAir,Los Angeles,Houston,1243,0,2,7,9,Clear,High,0
BlueWing,Atlanta,Boston,1053,23,1,3,8,Clear,Low,0
SunAir,Boston,Miami,316,1,2,1,3,Cloudy,Low,0
PacificFly,Chicago,Miami,1363,2,4,7,2,Snow,Medium,0
BlueWing,Boston,Houston,567,10,11,3,7,Snow,Low,1
NorthStar,Boston,New York,1572,23,2,5,8,Rain,High,1
NorthStar,Dallas,Los Angeles,1939,18,21,6,1,Rain,Low,1
NorthStar,Miami,Denver,1999,15,18,4,3,Cloudy,High,0
BlueWing,Dallas,Atlanta,984,21,22,6,5,Rain,Medium,1
SunAir,Atlanta,Houston,1004,15,17,4,4,Rain,Low,0
SunAir,Denver,Houston,962,15,16,1,10,Storm,Medium,1
SkyJet,Houston,Miami,316,17,18,6,12,Snow,Medium,1
PacificFly,Chicago,Miami,1443,2,4,5,1,Rain,High,1
SkyJet,Chicago,Denver,1457,0,2,1,1,Clear,Low,0
BlueWing,Seattle,New York,1578,0,3,1,4,Storm,Medium,0
BlueWing,Atlanta,Dallas,1380,13,15,4,11,Snow,Low,1
NorthStar,Miami,Chicago,947,6,7,7,9,Storm,Medium,1
AeroLine,Boston,Los Angeles,1853,1,4,3,12,Clear,Low,0
SunAir,Miami,Dallas,1129,6,8,7,4,Clear,Medium,0
AeroLine,New York,Dallas,1164,9,11,4,12,Clear,High,0
PacificFly,New York,Chicago,1642,11,14,3,12,Cloudy,Low,0
NorthStar,Houston,Denver,164,17,18,5,12,Clear,Low,0
AeroLine,Seattle,Boston,1047,18,20,2,11,Storm,Medium,1
BlueWing,Atlanta,Miami,1486,18,20,5,3,Clear,High,1
AeroLine,Miami,Atlanta,2288,12,16,4,3,Clear,Medium,0
BlueWing,Chicago,Seattle,1161,19,21,6,3,Rain,Medium,0
AeroLine,Seattle,Chicago,407,3,4,1,7,Rain,Low,1
NorthStar,Miami,Denver,1413,19,21,5,9,Rain,Medium,1
AeroLine,New York,Dallas,1737,2,5,7,12,Clear,Low,0
AeroLine,Boston,Houston,1437,20,22,2,10,Cloudy,High,1
BlueWing,Boston,Seattle,1424,2,4,2,10,Clear,Low,0
BlueWing,Chicago,Atlanta,607,11,12,7,12,Clear,Low,0
NorthStar,Chicago,Denver,936,0,1,2,2,Clear,Medium,1
NorthStar,Denver,Houston,1737,10,13,6,11,Rain,Low,0
BlueWing,New York,Boston,1857,4,7,3,5,Cloudy,Low,1
SkyJet,Boston,Denver,1426,6,8,4,7,Clear,Medium,0
PacificFly,Boston,Seattle,2132,10,14,2,12,Clear,Low,0
SunAir,Atlanta,Seattle,1429,13,15,3,10,Clear,Low,0
SunAir,Miami,Atlanta,1403,16,18,7,3,Storm,High,1
SkyJet,Los Angeles,Boston,1501,13,16,4,1,Fog,Low,1
SkyJet,Miami,Chicago,1497,22,0,3,3,Storm,High,1
PacificFly,Houston,Chicago,1293,4,6,5,10,Cloudy,Medium,0
PacificFly,Atlanta,Denver,784,10,11,3,7,Rain,High,1
BlueWing,Los Angeles,Seattle,2212,21,1,2,12,Clear,Medium,0
AeroLine,Miami,Dallas,750,19,20,5,5,Storm,Low,1
SunAir,Boston,Chicago,695,4,5,4,11,Fog,Medium,1
BlueWing,Seattle,Denver,1069,4,6,7,5,Clear,Medium,0
PacificFly,New York,Miami,1936,5,8,5,5,Fog,Low,1
AeroLine,Seattle,Los Angeles,2306,22,2,1,8,Rain,High,1
SunAir,Atlanta,Houston,1486,23,1,1,3,Cloudy,Medium,0
AeroLine,Miami,Seattle,1262,18,20,2,5,Clear,Medium,1
SunAir,Chicago,Houston,1343,18,20,1,10,Snow,Low,1
NorthStar,Seattle,Chicago,914,6,7,6,6,Rain,Medium,1
BlueWing,Chicago,Atlanta,1544,14,17,4,9,Clear,High,0
SkyJet,Miami,Denver,895,3,4,5,5,Storm,Medium,1
NorthStar,Seattle,Houston,589,6,7,6,12,Cloudy,Low,0
SkyJet,Los Angeles,New York,1975,2,5,3,8,Cloudy,High,0
SunAir,Dallas,New York,1346,16,18,6,4,Clear,Low,0
SunAir,Chicago,Boston,1230,0,2,5,7,Cloudy,Medium,0
SkyJet,Houston,Chicago,1724,12,15,4,3,Clear,High,1
AeroLine,Houston,Boston,1133,7,9,5,3,Snow,Low,1
BlueWing,Dallas,Boston,1835,16,19,7,4,Clear,Low,0
PacificFly,New York,Houston,694,19,20,6,6,Snow,Medium,1
NorthStar,Chicago,Dallas,517,18,19,6,12,Rain,Medium,1
BlueWing,Chicago,Miami,1642,12,15,3,10,Clear,High,1
NorthStar,Denver,Atlanta,1309,2,4,3,9,Rain,Medium,0
PacificFly,Denver,Boston,1633,6,9,5,5,Rain,Medium,0
SunAir,Seattle,Los Angeles,1520,7,10,4,7,Clear,Low,0
SunAir,Miami,Los Angeles,1127,6,8,1,5,Clear,Medium,1
SunAir,Seattle,Miami,1491,16,18,5,6,Rain,Medium,0
NorthStar,Boston,Miami,961,9,10,7,11,Clear,High,0
NorthStar,Los Angeles,Miami,1276,9,11,7,6,Fog,Medium,1
AeroLine,Seattle,Dallas,653,18,19,6,2,Clear,High,0
AeroLine,Boston,Miami,1251,16,18,2,1,Cloudy,Low,0
PacificFly,Denver,Atlanta,1168,20,22,2,4,Clear,High,1
BlueWing,Denver,Houston,1526,20,23,3,4,Clear,Low,0
SunAir,Miami,Seattle,1368,20,22,7,9,Cloudy,Low,1
SkyJet,Denver,Boston,1465,2,4,1,6,Rain,Medium,1
AeroLine,Houston,Dallas,796,12,13,1,9,Clear,Low,1
BlueWing,New York,Los Angeles,2169,16,20,3,3,Clear,Medium,0
SunAir,Atlanta,Chicago,1104,15,17,6,2,Clear,High,0
SkyJet,New York,Dallas,1150,1,3,2,7,Clear,Low,0
AeroLine,Miami,Seattle,422,4,5,1,10,Storm,Low,1
SkyJet,Dallas,Chicago,1970,11,14,1,3,Rain,Medium,1
BlueWing,Chicago,Seattle,536,10,11,4,12,Cloudy,Medium,1
PacificFly,Seattle,Boston,1008,5,7,7,10,Clear,Medium,0
BlueWing,Dallas,New York,439,22,23,5,11,Clear,High,1
AeroLine,New York,Dallas,1822,20,23,3,11,Cloudy,Medium,0
SunAir,Boston,Miami,1345,19,21,2,1,Clear,Low,1
NorthStar,Los Angeles,New York,911,22,23,4,9,Cloudy,Low,0
PacificFly,Boston,Dallas,777,22,23,5,4,Rain,Low,0
NorthStar,Denver,Atlanta,435,23,0,6,10,Rain,Low,1
PacificFly,Dallas,Atlanta,1021,20,22,3,9,Storm,Low,1
SkyJet,New York,Chicago,1429,13,15,5,3,Clear,Medium,0
NorthStar,Dallas,Seattle,853,15,16,3,4,Cloudy,Low,0
AeroLine,Miami,New York,1536,6,9,6,11,Clear,High,0
NorthStar,Los Angeles,Houston,1740,6,9,6,1,Clear,Low,1
SkyJet,Chicago,Los Angeles,1253,6,8,4,1,Clear,Low,1
AeroLine,Dallas,Houston,1401,9,11,4,8,Cloudy,High,1
BlueWing,Denver,Seattle,1244,11,13,3,1,Clear,Low,0
BlueWing,Denver,Los Angeles,1966,2,5,7,4,Rain,High,1
BlueWing,Houston,New York,854,4,5,7,3,Snow,Medium,0
AeroLine,Denver,Houston,1630,8,11,4,5,Cloudy,Low,0
NorthStar,Denver,Chicago,1171,19,21,2,3,Fog,Medium,0
NorthStar,Los Angeles,Houston,1345,9,11,6,1,Cloudy,High,1
BlueWing,Atlanta,Chicago,1383,9,11,7,5,Rain,Medium,0
SunAir,Atlanta,Miami,1294,12,14,3,12,Clear,Medium,0
PacificFly,Seattle,Los Angeles,798,18,19,3,9,Snow,High,1
PacificFly,Houston,Seattle,1391,1,3,4,7,Clear,Medium,0
PacificFly,Atlanta,Seattle,623,18,19,7,9,Rain,Low,1
NorthStar,New York,Boston,1454,10,12,5,5,Fog,Low,0
SkyJet,New York,Denver,1279,16,18,4,1,Clear,Low,0
NorthStar,Miami,Houston,850,12,13,5,2,Cloudy,Medium,0
BlueWing,Miami,Boston,706,9,10,5,8,Cloudy,Low,0
SkyJet,Seattle,Houston,1183,16,18,2,9,Storm,Low,1
AeroLine,Boston,Dallas,570,20,21,2,6,Clear,High,1
SkyJet,Houston,New York,755,21,22,7,10,Cloudy,Low,0
BlueWing,Miami,Atlanta,1043,6,8,7,4,Clear,Low,1
NorthStar,Miami,New York,1154,2,4,2,6,Clear,Medium,0
SunAir,New York,Chicago,2340,6,10,6,2,Clear,Low,0
SunAir,Dallas,New York,2050,2,6,6,9,Clear,Medium,0
BlueWing,Houston,Los Angeles,1384,13,15,1,7,Rain,Medium,1
PacificFly,Seattle,Chicago,1091,19,21,7,7,Rain,Low,0
BlueWing,Dallas,New York,1797,14,17,6,9,Cloudy,Low,0
BlueWing,Atlanta,Los Angeles,659,8,9,3,10,Fog,Low,0
NorthStar,Miami,Chicago,481,4,5,7,4,Cloudy,Medium,0
PacificFly,Dallas,Boston,2433,16,20,2,9,Rain,Medium,0
AeroLine,Boston,Denver,1449,16,18,3,9,Rain,Low,1
NorthStar,Denver,Miami,612,10,11,4,11,Clear,Medium,1
NorthStar,Houston,Chicago,655,16,17,1,4,Cloudy,High,0
PacificFly,Chicago,Atlanta,946,16,17,7,8,Rain,High,0
NorthStar,Chicago,Boston,971,5,6,1,10,Clear,High,0
PacificFly,Los Angeles,Seattle,1184,17,19,7,10,Clear,Low,0
AeroLine,Boston,Seattle,826,11,12,1,7,Clear,High,1
BlueWing,Denver,Chicago,1245,1,3,2,4,Clear,Medium,0
AeroLine,Houston,Boston,1786,11,14,1,6,Clear,Low,0
BlueWing,Boston,Seattle,1663,22,1,5,11,Cloudy,Medium,0
PacificFly,Chicago,Boston,1922,21,0,3,9,Clear,High,0
NorthStar,Boston,Houston,2393,9,13,1,6,Cloudy,Low,0
SunAir,New York,Dallas,582,18,19,1,6,Rain,Low,1
BlueWing,Denver,New York,150,17,18,5,12,Storm,Low,1
BlueWing,Boston,Seattle,1782,22,1,7,11,Clear,Low,0
SkyJet,Dallas,Los Angeles,449,23,0,3,5,Cloudy,High,1
PacificFly,Chicago,Los Angeles,896,22,23,6,5,Clear,High,0
PacificFly,Boston,Miami,2084,22,2,3,11,Rain,High,1
SunAir,Chicago,Seattle,150,19,20,3,12,Storm,High,1
NorthStar,Houston,Denver,150,21,22,1,11,Clear,Medium,0
SkyJet,Atlanta,Chicago,1021,3,5,5,9,Cloudy,Low,0
AeroLine,Los Angeles,Houston,623,14,15,4,4,Clear,Medium,0
PacificFly,Miami,Seattle,1803,0,3,7,9,Clear,Medium,0
PacificFly,Houston,Atlanta,624,17,18,7,7,Rain,Low,0
AeroLine,Dallas,Los Angeles,775,16,17,2,1,Storm,Medium,1
PacificFly,Miami,Atlanta,1713,20,23,2,7,Cloudy,Low,0
AeroLine,Denver,Houston,1327,22,0,6,7,Clear,Low,0
BlueWing,Seattle,Los Angeles,1264,3,5,5,5,Rain,Low,0
NorthStar,Miami,Seattle,1891,8,11,6,8,Clear,Low,1
PacificFly,Los Angeles,Boston,1651,6,9,7,1,Rain,Low,1
AeroLine,Miami,Boston,1734,8,11,6,8,Clear,Low,0
SunAir,Boston,Seattle,1085,12,14,4,3,Snow,High,1
AeroLine,Atlanta,New York,1865,2,5,1,10,Rain,Low,0
PacificFly,Houston,Boston,895,7,8,6,12,Cloudy,Low,0
NorthStar,Miami,Los Angeles,237,23,0,7,4,Rain,Low,0
SkyJet,Dallas,Seattle,1323,0,2,5,10,Cloudy,Medium,1
NorthStar,Denver,Seattle,1081,21,23,2,11,Clear,Medium,0
BlueWing,New York,Chicago,910,1,2,5,7,Cloudy,Low,0
AeroLine,Atlanta,Houston,1194,9,11,2,9,Snow,Low,0
AeroLine,New York,Dallas,1617,2,5,6,5,Cloudy,Medium,0
BlueWing,Miami,Los Angeles,744,11,12,6,8,Storm,Low,1
SunAir,Denver,Miami,793,4,5,3,6,Clear,High,0
NorthStar,Houston,Denver,1128,8,10,5,9,Clear,Medium,0
BlueWing,Boston,Houston,1235,8,10,5,3,Clear,Medium,1
SkyJet,New York,Chicago,1117,15,17,3,10,Clear,Low,0
SkyJet,New York,Boston,1079,13,15,3,1,Clear,Low,0
SunAir,Denver,Houston,861,20,21,3,10,Clear,Medium,0
PacificFly,Houston,Dallas,1137,1,3,4,2,Clear,Medium,1
AeroLine,Dallas,Los Angeles,1116,23,1,7,11,Clear,Low,0
AeroLine,Dallas,Boston,1343,18,20,4,8,Fog,Medium,1
BlueWing,Miami,Atlanta,2176,22,2,1,11,Rain,Low,1
PacificFly,New York,Seattle,483,9,10,6,8,Clear,High,0
SunAir,Los Angeles,Boston,1625,4,7,1,1,Snow,Medium,1
SunAir,Houston,Denver,877,3,4,6,1,Clear,Medium,0
PacificFly,Chicago,Boston,1290,14,16,6,9,Clear,High,0
SkyJet,New York,Dallas,604,4,5,2,12,Cloudy,Low,0
BlueWing,Dallas,Boston,1624,17,20,4,12,Cloudy,Low,1
PacificFly,New York,Dallas,1952,21,0,1,8,Clear,Medium,1
SkyJet,Chicago,New York,423,2,3,1,3,Clear,Medium,0
BlueWing,Seattle,Chicago,1909,5,8,4,4,Cloudy,High,1
NorthStar,Atlanta,Boston,1588,20,23,6,2,Clear,High,0
SkyJet,Houston,Atlanta,980,4,5,3,9,Fog,Medium,1
BlueWing,Denver,Houston,1655,18,21,2,5,Cloudy,Low,0
PacificFly,Atlanta,Miami,1604,21,0,5,10,Rain,Low,1
BlueWing,Atlanta,Houston,1637,23,2,4,5,Rain,High,1
AeroLine,Seattle,Dallas,1118,0,2,2,8,Clear,High,1
AeroLine,Chicago,Dallas,956,11,12,1,2,Storm,Low,1
SunAir,Dallas,Chicago,1825,12,15,7,9,Fog,Low,0
PacificFly,New York,Miami,561,10,11,1,12,Clear,Low,0
SkyJet,Seattle,Chicago,150,12,13,1,3,Clear,Medium,0
NorthStar,Atlanta,New York,1248,14,16,2,10,Cloudy,High,0
SunAir,Chicago,Denver,534,22,23,2,5,Clear,High,0
SkyJet,Denver,Chicago,1433,14,16,3,3,Clear,Medium,1
NorthStar,Miami,Denver,1038,7,9,7,9,Snow,Low,1
NorthStar,Seattle,Dallas,856,21,22,2,3,Clear,Low,0
BlueWing,Miami,Houston,1095,23,1,4,1,Cloudy,Medium,1
BlueWing,Denver,Miami,1078,14,16,1,5,Fog,Low,1
SkyJet,Seattle,Denver,838,1,2,1,1,Clear,High,1
AeroLine,Dallas,Seattle,1353,3,5,5,9,Fog,Medium,1
BlueWing,Houston,Los Angeles,874,0,1,6,4,Clear,Medium,1
PacificFly,Denver,Seattle,1959,12,15,3,11,Cloudy,High,0
BlueWing,Atlanta,Miami,1071,21,23,6,9,Snow,High,0
PacificFly,Denver,Boston,2000,1,5,3,2,Snow,Medium,1
PacificFly,Seattle,Chicago,1592,8,11,1,1,Clear,Low,0
PacificFly,Boston,New York,819,19,20,3,10,Clear,Low,0
NorthStar,Seattle,Boston,993,19,20,7,9,Clear,Low,0
AeroLine,Atlanta,Dallas,810,3,4,7,5,Clear,Low,0
SkyJet,Chicago,Denver,688,11,12,1,11,Snow,Medium,1
NorthStar,Chicago,Atlanta,1002,7,9,2,7,Clear,High,1
SunAir,Atlanta,Boston,375,1,2,2,6,Rain,Medium,1
PacificFly,Chicago,Denver,1325,1,3,3,1,Storm,High,1
PacificFly,Atlanta,Los Angeles,1445,21,23,1,7,Fog,High,1
BlueWing,New York,Miami,866,7,8,3,1,Rain,Medium,1
NorthStar,Denver,Houston,545,18,19,2,12,Clear,High,1
BlueWing,Dallas,Los Angeles,935,18,19,3,10,Clear,Low,0
BlueWing,Houston,Seattle,1349,13,15,7,9,Storm,Medium,1
BlueWing,Miami,Houston,734,16,17,3,6,Storm,Medium,1
PacificFly,Miami,Atlanta,687,13,14,5,9,Clear,Low,0
PacificFly,Dallas,Houston,1182,8,10,3,2,Clear,Medium,0
SkyJet,New York,Dallas,885,0,1,5,9,Clear,High,0
SkyJet,Atlanta,Houston,1047,17,19,3,11,Clear,Medium,0
AeroLine,Chicago,New York,229,8,9,1,3,Snow,Medium,1
SunAir,Dallas,Miami,491,6,7,7,5,Rain,Medium,0
SkyJet,New York,Miami,731,4,5,5,1,Clear,Low,0
AeroLine,Seattle,Chicago,1402,6,8,5,11,Clear,Low,0
NorthStar,Atlanta,New York,1369,14,16,4,10,Clear,High,0
SunAir,Dallas,Houston,1610,7,10,5,11,Rain,Low,0
SunAir,Denver,Atlanta,796,14,15,2,6,Clear,Low,0
SkyJet,Seattle,Atlanta,1204,2,4,1,1,Snow,Low,1
BlueWing,Los Angeles,Denver,1903,14,17,5,2,Cloudy,Medium,0
SkyJet,Houston,Dallas,1107,21,23,5,4,Cloudy,Medium,1
AeroLine,Dallas,Atlanta,1530,22,1,3,10,Clear,Low,0
SkyJet,Dallas,Chicago,847,4,5,4,10,Clear,Medium,1
PacificFly,Seattle,Boston,556,10,11,6,8,Clear,Medium,0
NorthStar,Los Angeles,Boston,1722,10,13,7,9,Clear,Low,0
BlueWing,New York,Denver,1273,23,1,4,4,Rain,Low,0
NorthStar,Denver,Houston,2105,20,0,5,11,Storm,High,1
AeroLine,Seattle,Houston,337,14,15,6,5,Cloudy,Low,0
PacificFly,Los Angeles,Seattle,360,18,19,1,6,Fog,Low,1
AeroLine,Chicago,Denver,901,23,0,4,9,Fog,Low,0
BlueWing,Atlanta,Miami,1985,0,3,4,8,Clear,Low,0
BlueWing,Denver,Miami,2296,21,1,1,5,Snow,Medium,1
PacificFly,Los Angeles,New York,1559,2,5,3,1,Snow,Low,1
SunAir,Seattle,Miami,470,9,10,3,8,Snow,Medium,0
SkyJet,Seattle,Miami,901,5,6,3,7,Clear,Low,0
SkyJet,Chicago,Houston,1033,1,3,3,7,Snow,Medium,1
SkyJet,Denver,Seattle,1396,22,0,1,8,Clear,Low,0
SunAir,Seattle,Boston,897,11,12,7,7,Rain,Low,0
AeroLine,New York,Denver,1067,4,6,6,9,Clear,Medium,0
BlueWing,Denver,New York,1325,8,10,4,5,Clear,High,0
SkyJet,Boston,Miami,1458,2,4,3,6,Rain,Low,0
AeroLine,Houston,Los Angeles,1013,21,23,4,9,Cloudy,Low,0
SkyJet,Houston,Seattle,1070,23,1,4,12,Clear,Medium,0
NorthStar,Houston,Dallas,1235,0,2,4,9,Fog,High,1
PacificFly,Dallas,New York,1417,20,22,6,2,Rain,Medium,1
PacificFly,Seattle,Denver,1578,3,6,1,7,Cloudy,Medium,0
BlueWing,Houston,Miami,852,19,20,5,4,Clear,Medium,0
NorthStar,New York,Seattle,1734,23,2,3,1,Clear,Low,0
BlueWing,Chicago,Miami,1653,22,1,6,4,Clear,High,1
PacificFly,Houston,Denver,428,1,2,2,6,Storm,Low,0
NorthStar,Denver,Houston,1143,2,4,3,1,Clear,Low,0
PacificFly,Boston,Chicago,793,16,17,1,1,Cloudy,High,0
NorthStar,Dallas,Atlanta,653,20,21,4,2,Cloudy,Low,0
NorthStar,Boston,Atlanta,1502,7,10,3,1,Clear,Low,0
AeroLine,Seattle,Dallas,1561,2,5,4,8,Snow,Low,1
AeroLine,Los Angeles,Houston,1118,23,1,2,5,Clear,Medium,0
SkyJet,Houston,Boston,1000,1,3,1,2,Clear,High,0
BlueWing,Houston,Boston,1875,2,5,5,7,Clear,Medium,0
BlueWing,Denver,Boston,1296,5,7,5,7,Clear,Low,0
PacificFly,Denver,Seattle,1167,9,11,7,6,Rain,Low,0
NorthStar,Boston,Seattle,1642,19,22,3,6,Rain,Low,0
NorthStar,Seattle,Houston,2230,9,13,5,9,Cloudy,Low,0
SkyJet,Chicago,Boston,1651,19,22,2,5,Fog,Low,0
NorthStar,Boston,Denver,1348,6,8,3,7,Cloudy,Medium,1
PacificFly,Houston,Miami,1199,22,0,2,10,Cloudy,Medium,1
SkyJet,Chicago,Houston,1733,10,13,3,10,Fog,Medium,1
NorthStar,Houston,Los Angeles,1181,5,7,7,4,Clear,High,0
PacificFly,Miami,Chicago,1529,9,12,2,6,Clear,High,0
AeroLine,Dallas,Houston,895,15,16,5,8,Rain,Low,0
PacificFly,Los Angeles,Atlanta,929,5,6,5,4,Clear,Low,0
PacificFly,Los Angeles,Dallas,870,1,2,7,6,Clear,Medium,0
SkyJet,Los Angeles,Seattle,637,19,20,1,3,Clear,Medium,0
NorthStar,Houston,Denver,1063,3,5,6,1,Fog,Low,0
SkyJet,New York,Los Angeles,1413,19,21,3,10,Clear,High,0
AeroLine,Denver,Miami,1138,9,11,1,1,Storm,Medium,1
NorthStar,Houston,Miami,727,7,8,2,2,Clear,Low,0
SunAir,Miami,Chicago,1407,5,7,1,12,Clear,Medium,0
AeroLine,Los Angeles,Houston,959,4,5,5,10,Cloudy,Low,0
PacificFly,Dallas,Denver,1583,20,23,7,12,Fog,High,1
BlueWing,Denver,Chicago,645,5,6,7,5,Clear,High,0
BlueWing,Denver,Dallas,1082,8,10,1,10,Clear,Low,0
NorthStar,Denver,Boston,858,5,6,2,5,Cloudy,High,0
AeroLine,Los Angeles,Boston,1703,19,22,5,11,Cloudy,Low,0
NorthStar,Houston,Seattle,1982,21,0,4,6,Rain,Medium,0
PacificFly,Chicago,New York,1214,10,12,3,1,Rain,Medium,0
NorthStar,Miami,New York,2049,22,2,6,7,Clear,Low,0
NorthStar,Dallas,Atlanta,1179,19,21,4,10,Rain,High,1
SunAir,Atlanta,Los Angeles,776,14,15,5,7,Clear,High,0
SunAir,Los Angeles,New York,1819,18,21,4,10,Clear,Low,0
SunAir,Chicago,Los Angeles,1044,13,15,1,11,Fog,Medium,1
SkyJet,Los Angeles,Atlanta,150,2,3,5,10,Fog,High,1
PacificFly,Los Angeles,Boston,1603,10,13,7,11,Clear,High,0
SunAir,Atlanta,Dallas,1136,13,15,5,3,Clear,High,0
SkyJet,Seattle,Boston,1067,21,23,2,10,Rain,Low,1
NorthStar,Miami,Boston,1080,13,15,2,12,Rain,Medium,0
BlueWing,Dallas,Seattle,177,5,6,7,1,Clear,Medium,1
BlueWing,Miami,New York,1748,2,5,3,8,Cloudy,High,0
AeroLine,Houston,Miami,1157,0,2,1,11,Cloudy,Low,0
NorthStar,Seattle,Los Angeles,1268,3,5,1,1,Rain,Medium,1
BlueWing,Los Angeles,Dallas,1150,20,22,1,4,Clear,Low,1
SunAir,Miami,Houston,902,6,7,1,10,Clear,Medium,1
AeroLine,Los Angeles,Miami,835,8,9,3,6,Clear,Medium,0
SkyJet,Denver,Atlanta,1919,0,3,2,12,Rain,Medium,1
NorthStar,Dallas,Miami,1160,15,17,1,4,Clear,Low,0
SunAir,Houston,Los Angeles,479,0,1,3,3,Rain,Medium,0
SunAir,Los Angeles,Boston,873,22,23,7,6,Rain,Low,1
NorthStar,Los Angeles,Houston,950,21,22,4,3,Fog,Medium,1
SunAir,Chicago,Seattle,838,4,5,7,11,Fog,Medium,1
NorthStar,Dallas,New York,939,0,1,2,2,Storm,Medium,1
BlueWing,Chicago,New York,812,18,19,5,11,Storm,Low,1
SunAir,Denver,New York,150,3,4,7,11,Cloudy,High,0
PacificFly,Dallas,Los Angeles,420,20,21,5,12,Rain,Low,0
SkyJet,New York,Atlanta,1241,23,1,5,2,Clear,Low,0
AeroLine,Denver,Houston,995,18,19,3,2,Rain,Low,1
NorthStar,Chicago,New York,1384,20,22,5,10,Rain,High,0
SunAir,Boston,Seattle,688,2,3,7,3,Rain,Low,0
AeroLine,Los Angeles,Chicago,2084,0,4,7,5,Clear,Low,0
SkyJet,Denver,Houston,1391,3,5,1,2,Clear,Low,0
NorthStar,Denver,Houston,2294,15,19,7,6,Cloudy,Medium,0
NorthStar,Chicago,Seattle,1229,5,7,2,12,Clear,Low,0
SkyJet,Boston,Chicago,1416,10,12,6,6,Clear,Medium,1
NorthStar,Los Angeles,New York,1458,9,11,3,5,Fog,Medium,1
BlueWing,New York,Boston,1277,11,13,4,6,Clear,Medium,0
SkyJet,Miami,Chicago,1049,9,11,1,4,Clear,Low,0
PacificFly,New York,Chicago,1639,4,7,7,5,Fog,Low,0
SkyJet,Seattle,Miami,760,13,14,2,10,Clear,Medium,0
SkyJet,Dallas,Seattle,774,0,1,3,1,Storm,Low,0
SunAir,Los Angeles,Dallas,879,10,11,3,12,Cloudy,Low,1
SkyJet,Houston,Seattle,1024,18,20,4,11,Clear,Medium,1
BlueWing,New York,Chicago,773,5,6,6,7,Fog,Low,0
SunAir,Miami,New York,666,11,12,5,5,Rain,Low,0
AeroLine,Seattle,Los Angeles,1020,12,14,2,1,Clear,Low,0
SkyJet,Denver,Chicago,1392,15,17,7,6,Clear,Medium,0
PacificFly,Atlanta,Chicago,1588,12,15,3,11,Clear,High,1
SkyJet,Miami,Atlanta,953,21,22,3,9,Clear,Low,0
SkyJet,Los Angeles,Houston,1613,16,19,5,8,Clear,Low,0
PacificFly,Atlanta,Houston,1215,6,8,7,11,Snow,High,0
BlueWing,Denver,Miami,862,12,13,1,5,Fog,Medium,1
AeroLine,Dallas,Seattle,1162,5,7,6,5,Cloudy,Low,1
PacificFly,Miami,Chicago,1063,23,1,7,7,Snow,Low,0
PacificFly,Miami,Los Angeles,150,1,2,5,11,Snow,Low,0
BlueWing,Miami,Chicago,1453,7,9,3,8,Fog,Low,1
SkyJet,Seattle,Boston,729,23,0,4,2,Storm,Medium,0
AeroLine,Denver,Atlanta,816,11,12,2,11,Fog,Low,1
BlueWing,Chicago,Houston,1637,17,20,3,9,Fog,Low,1
PacificFly,Dallas,Boston,826,21,22,3,6,Rain,Low,1
NorthStar,Miami,Seattle,1726,9,12,5,2,Rain,Medium,1
SkyJet,Miami,Seattle,1321,2,4,2,5,Clear,High,1
PacificFly,Seattle,Houston,1896,21,0,4,4,Cloudy,Medium,0
NorthStar,Chicago,Los Angeles,1700,1,4,3,7,Storm,High,1
PacificFly,Boston,Houston,999,21,22,5,3,Storm,Medium,1
BlueWing,New York,Houston,1539,20,23,5,8,Clear,Medium,0
PacificFly,Chicago,New York,807,21,22,1,10,Rain,Low,0
PacificFly,Boston,Denver,864,22,23,1,8,Clear,High,0
AeroLine,Dallas,Houston,150,1,2,6,4,Fog,High,0
BlueWing,New York,Boston,1205,10,12,1,1,Clear,Medium,1
AeroLine,Boston,Los Angeles,777,6,7,4,1,Clear,High,1
SunAir,Denver,Boston,613,17,18,7,7,Clear,Low,0
BlueWing,Los Angeles,Houston,1032,18,20,5,6,Fog,Low,1
SunAir,Los Angeles,Boston,886,20,21,5,2,Cloudy,Low,0
BlueWing,Atlanta,Los Angeles,1253,6,8,2,9,Cloudy,Medium,0
AeroLine,New York,Miami,1621,20,23,6,12,Clear,Low,0
NorthStar,Dallas,Los Angeles,1244,10,12,4,3,Clear,High,1
PacificFly,Los Angeles,Seattle,1223,6,8,7,1,Cloudy,High,1
NorthStar,New York,Atlanta,636,6,7,6,4,Cloudy,Medium,0
AeroLine,Los Angeles,Atlanta,1975,19,22,6,6,Clear,Low,0
SunAir,New York,Atlanta,1216,20,22,3,4,Cloudy,High,0
AeroLine,Denver,Chicago,619,1,2,7,8,Snow,Medium,0
SkyJet,Seattle,Atlanta,1525,13,16,4,10,Cloudy,Medium,0
SunAir,Chicago,Denver,886,6,7,6,8,Fog,Medium,0
NorthStar,New York,Denver,1185,20,22,4,6,Cloudy,Medium,1
PacificFly,Miami,Denver,845,12,13,1,1,Rain,Low,0
SunAir,Chicago,Miami,584,22,23,7,10,Rain,Low,0
BlueWing,Dallas,Chicago,1564,9,12,4,3,Snow,Low,1
SkyJet,Atlanta,Los Angeles,1500,20,23,3,2,Clear,Low,0
AeroLine,Denver,Dallas,1848,22,1,7,10,Cloudy,Medium,0
AeroLine,Boston,Dallas,2334,14,18,6,12,Snow,Low,1
AeroLine,Houston,Dallas,915,5,6,7,6,Clear,Medium,0
NorthStar,Atlanta,Denver,1162,23,1,5,12,Cloudy,Low,0
AeroLine,Houston,Dallas,2337,18,22,6,3,Cloudy,Medium,0
PacificFly,New York,Denver,2189,3,7,3,5,Rain,Low,1
SunAir,New York,Chicago,1081,7,9,3,12,Cloudy,Medium,0
PacificFly,Denver,New York,187,6,7,6,11,Clear,High,1
NorthStar,Dallas,Seattle,1007,9,11,5,3,Clear,Medium,1
SunAir,Atlanta,Denver,1913,17,20,2,5,Clear,Low,0
PacificFly,Atlanta,Miami,712,2,3,6,10,Rain,Low,1
SunAir,Houston,Los Angeles,1851,5,8,5,8,Rain,Low,0
NorthStar,Chicago,Miami,479,2,3,7,1,Cloudy,Low,0
SunAir,New York,Miami,488,12,13,2,8,Clear,Low,0
AeroLine,Chicago,Boston,2662,18,23,6,1,Clear,Low,0
BlueWing,Denver,Chicago,981,0,1,4,4,Cloudy,Medium,1
PacificFly,New York,Dallas,743,22,23,4,12,Cloudy,Medium,0
AeroLine,New York,Boston,507,14,15,7,9,Snow,Medium,1
AeroLine,Miami,Denver,746,19,20,6,11,Cloudy,Low,1
SunAir,Chicago,Houston,927,5,6,7,9,Cloudy,Low,0
SkyJet,Denver,Chicago,1626,7,10,3,12,Cloudy,Low,0
PacificFly,New York,Dallas,1543,23,2,1,9,Clear,Medium,0
BlueWing,New York,Houston,677,14,15,3,10,Cloudy,Medium,0
SkyJet,Los Angeles,Denver,1161,8,10,3,9,Clear,Medium,0
AeroLine,Houston,Boston,722,15,16,2,7,Cloudy,Medium,1
SunAir,Houston,Chicago,1422,11,13,4,10,Cloudy,Medium,0
SkyJet,New York,Miami,1191,4,6,3,5,Fog,Medium,0
NorthStar,Miami,Atlanta,1576,15,18,6,7,Fog,Low,0
SunAir,Los Angeles,New York,1504,10,13,7,3,Storm,Low,0
SkyJet,Chicago,Los Angeles,1407,21,23,4,11,Clear,High,0
SunAir,Denver,Houston,1671,3,6,2,4,Clear,Low,0
SkyJet,Houston,New York,1288,5,7,2,2,Clear,High,1
NorthStar,Los Angeles,Dallas,575,20,21,3,9,Cloudy,Low,0
SunAir,Miami,New York,850,3,4,6,2,Clear,Low,0
SunAir,Los Angeles,Denver,2129,23,3,5,5,Rain,Medium,1
NorthStar,Seattle,Denver,2246,7,11,2,11,Storm,High,1
SunAir,Miami,Los Angeles,1317,1,3,5,6,Rain,Low,0
PacificFly,Seattle,Denver,182,22,23,7,5,Clear,Low,1
SunAir,Los Angeles,Seattle,830,23,0,2,3,Rain,High,0
SkyJet,Miami,New York,434,4,5,1,10,Fog,Low,0
NorthStar,Miami,Denver,818,2,3,6,7,Fog,Low,0
PacificFly,Houston,Boston,2105,14,18,7,11,Snow,Low,1
SunAir,Seattle,Boston,966,2,3,3,2,Clear,Medium,0
PacificFly,Seattle,Atlanta,320,20,21,2,5,Storm,High,1
SunAir,Denver,Boston,1608,1,4,3,9,Cloudy,Medium,0
BlueWing,Los Angeles,Seattle,1110,22,0,5,2,Storm,Low,0
SunAir,Los Angeles,Houston,1330,22,0,4,6,Clear,Low,0
SunAir,Houston,Chicago,1209,19,21,1,9,Clear,Low,0
SkyJet,Dallas,Miami,1414,18,20,4,5,Clear,High,1
BlueWing,Dallas,Atlanta,1410,11,13,7,7,Storm,Low,1
PacificFly,Chicago,Dallas,1365,17,19,5,10,Storm,Low,1
NorthStar,Seattle,Denver,1375,23,1,7,12,Clear,High,0
NorthStar,Houston,Seattle,1628,5,8,3,12,Rain,Medium,1
PacificFly,New York,Miami,1851,3,6,2,11,Clear,High,0
SkyJet,Seattle,Houston,2542,17,22,7,2,Snow,Medium,1
PacificFly,Chicago,Dallas,1375,4,6,2,10,Fog,Medium,1
PacificFly,Miami,Boston,497,21,22,7,11,Rain,Medium,0
SunAir,Atlanta,Seattle,1683,15,18,4,6,Cloudy,Low,0
SunAir,Seattle,Dallas,237,8,9,3,7,Cloudy,Medium,1
SkyJet,Boston,Seattle,1702,20,23,5,1,Snow,Medium,1
SunAir,Los Angeles,Miami,708,8,9,2,5,Clear,Low,0
SunAir,Atlanta,Chicago,1918,15,18,6,4,Fog,High,1
AeroLine,Houston,Miami,1475,11,13,5,1,Clear,Medium,0
BlueWing,New York,Houston,1468,5,7,6,11,Fog,Low,0
AeroLine,Chicago,Denver,1443,8,10,4,11,Clear,Medium,0
SkyJet,New York,Miami,719,16,17,1,5,Clear,Low,0
AeroLine,Seattle,Los Angeles,1353,4,6,3,12,Clear,Low,0
PacificFly,Seattle,Houston,1643,2,5,4,11,Fog,High,0
SunAir,Chicago,New York,712,2,3,5,7,Fog,Medium,1
SkyJet,Houston,Chicago,2097,20,0,1,1,Clear,Medium,1
SunAir,Los Angeles,Houston,842,5,6,7,12,Clear,Medium,0
PacificFly,Seattle,Boston,150,16,17,5,10,Clear,Low,0
AeroLine,Miami,Boston,1058,8,10,7,11,Clear,Low,0
NorthStar,Miami,Houston,1329,7,9,1,1,Clear,Medium,0
SunAir,New York,Houston,1213,1,3,5,9,Storm,Low,1
BlueWing,Atlanta,Miami,1078,4,6,6,4,Clear,Low,0
PacificFly,Boston,Seattle,872,9,10,3,9,Clear,Low,0
PacificFly,Houston,Los Angeles,1956,9,12,7,6,Clear,Low,0
SunAir,Seattle,Houston,633,9,10,7,11,Clear,Low,0
AeroLine,Chicago,Atlanta,1068,9,11,3,9,Clear,Low,0
AeroLine,Miami,Boston,1185,8,10,6,3,Fog,High,1
BlueWing,Los Angeles,Boston,1783,14,17,1,7,Cloudy,Low,0
NorthStar,Atlanta,New York,1122,4,6,4,9,Clear,Low,0
SunAir,Boston,Seattle,1381,8,10,7,2,Fog,Low,0
SunAir,Atlanta,Boston,731,9,10,4,4,Rain,Low,0
AeroLine,New York,Atlanta,1129,20,22,2,8,Rain,Low,0
NorthStar,Miami,Chicago,150,13,14,4,12,Rain,Medium,0
PacificFly,Atlanta,Los Angeles,834,6,7,7,3,Cloudy,Low,1
AeroLine,Seattle,Houston,1262,9,11,6,8,Clear,Low,0
SkyJet,Los Angeles,Seattle,967,13,14,4,12,Cloudy,High,1
SkyJet,Atlanta,Los Angeles,1740,17,20,7,6,Cloudy,Low,0
NorthStar,Seattle,Boston,1216,17,19,6,10,Clear,Medium,0
BlueWing,Houston,Denver,1881,7,10,2,4,Cloudy,High,1
SkyJet,Dallas,Boston,1709,0,3,6,7,Rain,Medium,1
PacificFly,Dallas,Miami,407,7,8,2,1,Clear,Low,1
NorthStar,Dallas,Chicago,1864,23,2,4,3,Rain,Low,0
AeroLine,Dallas,Houston,1340,11,13,1,10,Fog,Medium,0
BlueWing,Houston,Dallas,1367,6,8,4,12,Clear,Low,0
NorthStar,New York,Dallas,924,4,5,1,12,Rain,Low,0
SkyJet,Houston,Miami,883,19,20,2,3,Cloudy,Medium,0
NorthStar,New York,Denver,1299,21,23,5,11,Clear,Low,0
SunAir,Los Angeles,Dallas,1492,7,9,3,7,Clear,Medium,0
PacificFly,Boston,Houston,1246,20,22,5,3,Cloudy,Low,0
SunAir,Dallas,Chicago,943,12,13,6,1,Clear,Medium,0
BlueWing,Miami,Dallas,349,23,0,3,6,Rain,Medium,1
BlueWing,Dallas,Seattle,1061,8,10,3,3,Rain,Medium,1
BlueWing,Denver,Atlanta,841,16,17,4,1,Rain,High,0
BlueWing,New York,Denver,1924,13,16,1,10,Clear,Medium,0
PacificFly,Chicago,New York,325,13,14,5,9,Clear,Low,0
AeroLine,Houston,Boston,1105,3,5,3,7,Rain,Medium,1
SkyJet,Los Angeles,Boston,1832,5,8,7,8,Clear,High,1
SkyJet,New York,Seattle,1613,11,14,1,9,Cloudy,Low,0
SkyJet,Denver,Chicago,1161,20,22,5,10,Fog,High,0
BlueWing,Seattle,Atlanta,991,18,19,5,12,Clear,Medium,0
SunAir,Miami,Chicago,1250,7,9,1,1,Rain,Low,1
SkyJet,Miami,Boston,1285,21,23,2,8,Snow,Medium,1
BlueWing,Boston,Houston,1504,9,12,2,1,Fog,Medium,0
SkyJet,Los Angeles,Atlanta,1991,2,5,4,8,Clear,Low,0
PacificFly,Houston,Los Angeles,1091,21,23,7,5,Cloudy,Low,0
AeroLine,New York,Denver,1815,16,19,1,9,Fog,Low,0
AeroLine,Boston,Houston,1146,1,3,4,1,Clear,High,1
BlueWing,Dallas,Houston,736,6,7,2,3,Storm,Low,0
AeroLine,Atlanta,Los Angeles,924,19,20,1,7,Clear,High,1
PacificFly,New York,Los Angeles,594,18,19,7,7,Clear,Medium,0
PacificFly,Los Angeles,Houston,1532,20,23,5,10,Clear,Medium,0
AeroLine,Miami,Boston,201,0,1,4,1,Fog,Medium,1
NorthStar,Denver,Houston,1706,11,14,2,8,Fog,High,1
NorthStar,Los Angeles,Dallas,1575,10,13,5,8,Cloudy,High,1
BlueWing,Atlanta,Boston,815,13,14,1,1,Storm,Medium,1
SkyJet,Miami,Denver,427,1,2,7,12,Clear,Medium,0
PacificFly,Atlanta,Seattle,602,7,8,2,12,Clear,High,1
PacificFly,Boston,Los Angeles,899,20,21,5,3,Cloudy,Low,0
SunAir,Houston,Atlanta,804,22,23,1,5,Cloudy,Low,0
SunAir,Denver,Atlanta,702,14,15,1,2,Fog,Low,0
SunAir,Dallas,Los Angeles,1420,10,12,6,4,Rain,High,0
PacificFly,Boston,Miami,521,6,7,5,10,Clear,Medium,1
BlueWing,Atlanta,New York,1948,7,10,3,8,Clear,Low,1
NorthStar,Houston,Denver,928,13,14,5,8,Cloudy,Medium,0
SunAir,Los Angeles,Boston,1813,7,10,3,11,Clear,Low,0
PacificFly,Atlanta,Houston,1240,11,13,2,9,Rain,Medium,0
SkyJet,Dallas,Seattle,1486,0,2,3,8,Rain,Low,0
AeroLine,Los Angeles,Dallas,1228,0,2,4,5,Clear,Low,0
SkyJet,Seattle,Atlanta,2450,14,18,4,5,Cloudy,Low,0
BlueWing,Dallas,Miami,1098,14,16,4,11,Clear,Low,0
AeroLine,Seattle,Atlanta,1391,22,0,5,4,Clear,Low,0
SkyJet,Houston,Seattle,1234,18,20,5,5,Storm,Medium,0
BlueWing,Atlanta,Seattle,1407,23,1,3,4,Rain,High,1
SkyJet,Seattle,Boston,726,1,2,4,5,Clear,Low,0
SkyJet,Atlanta,Chicago,1536,6,9,3,9,Cloudy,Medium,1
SkyJet,New York,Los Angeles,1329,8,10,2,5,Clear,Medium,0
AeroLine,Seattle,Los Angeles,1677,14,17,1,9,Clear,Low,0
SunAir,Atlanta,Chicago,150,14,15,4,6,Clear,Medium,0
SunAir,Boston,Denver,1331,0,2,1,8,Cloudy,High,1
AeroLine,Houston,New York,867,3,4,5,8,Clear,Low,1
PacificFly,New York,Denver,1538,12,15,5,8,Cloudy,High,0
SkyJet,Boston,Los Angeles,1050,13,15,4,4,Clear,High,0
SunAir,Seattle,Los Angeles,561,13,14,6,9,Clear,High,1
AeroLine,New York,Atlanta,729,0,1,2,12,Storm,Medium,0
BlueWing,Denver,Boston,1054,0,2,6,4,Storm,Low,1
BlueWing,New York,Boston,565,2,3,5,4,Clear,Low,0
SkyJet,Boston,Denver,1757,19,22,1,10,Rain,Medium,1
SkyJet,Chicago,Houston,1166,10,12,2,6,Clear,Medium,0
NorthStar,Los Angeles,Boston,527,7,8,4,3,Rain,Low,0
SkyJet,Atlanta,New York,1324,0,2,5,8,Clear,Low,0
SunAir,Atlanta,Chicago,1217,6,8,5,6,Cloudy,Low,0
SkyJet,Denver,Dallas,1037,16,18,3,5,Clear,Medium,0
NorthStar,Los Angeles,Miami,2143,4,8,6,11,Clear,Low,0
NorthStar,Chicago,New York,446,6,7,2,8,Clear,High,1
SunAir,Atlanta,Seattle,877,20,21,7,6,Rain,Low,1
SkyJet,New York,Atlanta,1169,21,23,5,12,Clear,Medium,0
NorthStar,Boston,Seattle,250,15,16,5,11,Rain,Medium,0
SkyJet,Dallas,Boston,1002,21,23,2,1,Rain,Low,0
SkyJet,New York,Boston,1016,10,12,1,3,Clear,Low,0
BlueWing,Houston,Atlanta,1999,12,15,6,3,Fog,Medium,0
BlueWing,Boston,Miami,1429,5,7,7,2,Rain,Low,0
SunAir,Atlanta,New York,1241,2,4,6,8,Cloudy,Medium,1
AeroLine,Atlanta,Chicago,1614,1,4,1,8,Clear,High,0
SkyJet,Denver,New York,2171,10,14,3,9,Clear,High,1
SunAir,New York,Los Angeles,1802,10,13,3,8,Storm,Low,1
AeroLine,Atlanta,Seattle,1596,21,0,3,8,Clear,High,1
SkyJet,Boston,Dallas,1181,10,12,4,12,Clear,Medium,0
SunAir,Boston,New York,1539,12,15,4,9,Storm,Low,1
PacificFly,Atlanta,Boston,1183,1,3,6,8,Fog,Low,0
AeroLine,Atlanta,Houston,1558,8,11,5,12,Clear,Low,0
BlueWing,Los Angeles,New York,817,16,17,4,11,Rain,Low,1
BlueWing,Los Angeles,Seattle,1040,12,14,6,9,Clear,Medium,0
SkyJet,Boston,Denver,3000,11,17,6,3,Clear,Medium,0
PacificFly,Los Angeles,Houston,1295,19,21,5,6,Cloudy,High,0
SkyJet,Los Angeles,Dallas,1186,13,15,6,4,Clear,High,0
PacificFly,Atlanta,New York,2107,11,15,1,8,Clear,Low,1
AeroLine,Dallas,Miami,1185,8,10,7,5,Clear,Low,0
BlueWing,Miami,Seattle,617,14,15,3,7,Clear,Medium,0
AeroLine,Los Angeles,Boston,1121,13,15,6,8,Fog,Low,0
SunAir,New York,Dallas,1442,12,14,4,4,Rain,High,0
BlueWing,Seattle,New York,150,8,9,2,4,Fog,Low,1
BlueWing,Seattle,Houston,1675,1,4,1,5,Snow,Low,0
PacificFly,Miami,Chicago,1609,13,16,7,10,Fog,Low,1
SkyJet,Chicago,Dallas,1580,15,18,3,7,Fog,Low,0
NorthStar,Boston,Atlanta,1764,22,1,7,12,Cloudy,Low,0
AeroLine,Los Angeles,Dallas,690,0,1,3,3,Cloudy,Medium,1
PacificFly,Houston,Dallas,1730,20,23,6,4,Fog,Low,0
SkyJet,Denver,Dallas,375,19,20,1,9,Rain,Low,1
SkyJet,Dallas,Miami,1943,4,7,6,12,Rain,Low,0
SkyJet,Los Angeles,Boston,1955,21,0,2,7,Clear,Medium,0
NorthStar,Chicago,Houston,1038,7,9,5,10,Clear,High,1
SunAir,Houston,Boston,1292,10,12,1,8,Clear,Medium,1
PacificFly,Houston,Atlanta,992,15,16,4,1,Snow,Low,0
SunAir,Seattle,Denver,1459,12,14,1,2,Fog,Low,0
SunAir,Dallas,New York,726,11,12,7,5,Fog,High,1
PacificFly,New York,Boston,1247,22,0,7,5,Storm,Low,1
AeroLine,New York,Los Angeles,150,13,14,6,7,Clear,Low,0
BlueWing,Dallas,Denver,1730,20,23,6,12,Storm,Medium,1
PacificFly,Los Angeles,Boston,917,2,3,3,1,Fog,Low,1
NorthStar,Dallas,New York,1146,0,2,2,4,Snow,High,0
SkyJet,Dallas,New York,486,21,22,2,12,Cloudy,Low,0
NorthStar,Miami,Houston,891,3,4,7,1,Clear,Medium,0
SkyJet,Houston,Denver,1297,5,7,6,1,Cloudy,High,1
PacificFly,Atlanta,Miami,859,3,4,7,9,Storm,Low,1
BlueWing,Los Angeles,Dallas,1088,8,10,5,10,Clear,High,0
SunAir,Boston,Dallas,1182,3,5,7,5,Clear,Low,0
PacificFly,Dallas,Houston,1388,11,13,4,5,Cloudy,Low,0
SunAir,Miami,Chicago,1091,4,6,3,11,Cloudy,Low,1
SunAir,Atlanta,Seattle,1093,2,4,1,4,Clear,Low,0
SunAir,Houston,Atlanta,1064,9,11,4,5,Snow,Low,1
NorthStar,Atlanta,Seattle,1618,0,3,6,10,Rain,Medium,0
PacificFly,Chicago,New York,691,6,7,5,9,Clear,Low,1
AeroLine,Miami,Atlanta,1606,21,0,3,8,Cloudy,Medium,0
BlueWing,Atlanta,Houston,1511,12,15,2,12,Rain,Medium,0
BlueWing,Chicago,Houston,407,9,10,4,10,Cloudy,Medium,0
PacificFly,Miami,Chicago,1033,18,20,5,6,Clear,High,0
PacificFly,Denver,Miami,900,5,6,2,1,Rain,High,1
SkyJet,Houston,Chicago,1567,19,22,4,11,Clear,Low,1
BlueWing,Los Angeles,Houston,641,19,20,4,4,Rain,Medium,0
AeroLine,Atlanta,Los Angeles,837,15,16,4,3,Fog,Low,0
NorthStar,Seattle,Dallas,1682,7,10,7,8,Cloudy,Medium,0
SunAir,Chicago,Atlanta,486,8,9,7,8,Rain,Low,0
SkyJet,Chicago,Atlanta,187,15,16,6,11,Rain,Low,0
NorthStar,Denver,Atlanta,1656,2,5,1,7,Clear,Medium,0
NorthStar,Chicago,Houston,1294,16,18,6,7,Cloudy,Medium,0
SunAir,Dallas,Chicago,385,17,18,6,5,Snow,Medium,0
SkyJet,Chicago,Boston,1089,11,13,5,5,Cloudy,Medium,0
PacificFly,Boston,Houston,2599,22,3,3,5,Clear,Low,0
SunAir,Los Angeles,New York,1206,22,0,7,1,Fog,Low,1
AeroLine,Houston,Chicago,1489,11,13,3,12,Clear,High,1
BlueWing,Miami,Denver,1304,9,11,4,10,Cloudy,Medium,0
PacificFly,Boston,New York,219,20,21,4,3,Clear,Low,0
BlueWing,Houston,Los Angeles,407,3,4,4,11,Clear,Low,0
SkyJet,Miami,Chicago,1075,1,3,3,3,Rain,Low,0
BlueWing,New York,Denver,1570,18,21,3,5,Cloudy,Low,0
AeroLine,Chicago,Seattle,505,21,22,1,8,Fog,Low,0
AeroLine,Boston,Atlanta,1401,14,16,5,2,Clear,Medium,0
AeroLine,Chicago,Denver,824,11,12,6,9,Rain,Low,1
AeroLine,Boston,Miami,830,5,6,5,8,Fog,Low,0
NorthStar,Miami,Chicago,1628,6,9,4,1,Storm,Medium,1
AeroLine,Boston,Miami,1676,11,14,4,2,Fog,Medium,0
SkyJet,New York,Houston,737,18,19,7,7,Clear,High,0
SkyJet,Denver,Seattle,1336,10,12,2,7,Cloudy,Low,1
PacificFly,Dallas,Chicago,1364,20,22,6,12,Cloudy,Medium,0
SkyJet,Dallas,Houston,1359,23,1,6,7,Rain,Medium,1
SunAir,Houston,Atlanta,1292,2,4,3,9,Clear,Low,0
AeroLine,Dallas,Miami,1233,4,6,1,11,Cloudy,Medium,0
SkyJet,New York,Boston,593,7,8,1,7,Rain,Low,1
AeroLine,Chicago,Boston,1539,9,12,2,2,Clear,Low,0
SkyJet,New York,Boston,2129,0,4,1,1,Snow,Medium,1
BlueWing,Atlanta,New York,1408,23,1,4,8,Rain,Medium,0
SkyJet,Boston,Miami,985,17,18,7,9,Clear,Low,0
AeroLine,Los Angeles,Atlanta,1017,16,18,4,4,Clear,High,0
SkyJet,Dallas,Boston,689,18,19,2,6,Fog,Medium,1
AeroLine,Miami,New York,929,11,12,3,11,Clear,Medium,0
BlueWing,Dallas,Seattle,746,11,12,3,7,Fog,High,1
SunAir,Los Angeles,Chicago,850,7,8,4,9,Cloudy,Low,0
NorthStar,Atlanta,Denver,972,18,19,1,7,Cloudy,Low,0
SkyJet,Chicago,Dallas,1346,23,1,6,9,Clear,High,1
SkyJet,Houston,Denver,2472,7,11,3,10,Clear,High,0
AeroLine,New York,Dallas,1589,17,20,1,6,Fog,High,0
AeroLine,Miami,New York,947,5,6,7,11,Rain,Low,0
BlueWing,Atlanta,Chicago,1819,2,5,3,4,Cloudy,Medium,0
PacificFly,Los Angeles,Chicago,1434,15,17,6,8,Cloudy,High,0
BlueWing,Los Angeles,Seattle,2413,16,20,2,1,Cloudy,Medium,1
NorthStar,Seattle,New York,962,10,11,5,2,Clear,High,1
BlueWing,Denver,Houston,713,4,5,5,1,Cloudy,Low,0
PacificFly,Houston,Denver,1245,4,6,4,9,Storm,Low,0
NorthStar,Los Angeles,Dallas,1593,15,18,1,1,Cloudy,Low,1
SunAir,Chicago,Boston,1727,4,7,7,11,Clear,High,0
SkyJet,New York,Houston,468,22,23,6,10,Clear,Low,0
AeroLine,Dallas,Miami,1113,2,4,4,11,Fog,Medium,0
BlueWing,Los Angeles,Houston,1479,21,23,2,1,Clear,Low,0
PacificFly,New York,Miami,1074,17,19,7,12,Storm,High,0
SkyJet,Denver,Miami,732,22,23,1,10,Cloudy,High,1
SkyJet,Boston,Denver,1737,15,18,4,1,Cloudy,Medium,1
BlueWing,Denver,Miami,945,0,1,3,11,Storm,Medium,1
AeroLine,Seattle,Boston,744,22,23,6,7,Rain,Low,1
AeroLine,Boston,Dallas,1333,1,3,3,5,Fog,High,0
SkyJet,New York,Miami,1247,20,22,6,10,Fog,High,0
SkyJet,Seattle,Atlanta,2045,12,16,4,4,Clear,High,1
PacificFly,Los Angeles,Miami,438,18,19,1,5,Cloudy,Medium,1
NorthStar,Chicago,New York,1171,15,17,3,6,Fog,Low,0
PacificFly,Seattle,Los Angeles,1032,4,6,5,5,Storm,Low,1
AeroLine,Chicago,Dallas,1405,12,14,1,9,Cloudy,Low,0
AeroLine,Los Angeles,Houston,682,21,22,5,8,Cloudy,Medium,1
PacificFly,Denver,Houston,1820,23,2,4,3,Clear,High,0
AeroLine,Los Angeles,New York,1001,1,3,5,2,Snow,Medium,1
BlueWing,Boston,Houston,1967,13,16,3,4,Clear,Low,0
AeroLine,Chicago,Miami,1516,0,3,2,11,Clear,Medium,0
SunAir,Denver,Miami,1529,23,2,1,7,Storm,High,1
NorthStar,Dallas,Boston,668,23,0,6,1,Clear,Low,0
PacificFly,Chicago,New York,571,16,17,3,6,Cloudy,Low,0
SunAir,Boston,Miami,1405,7,9,3,10,Fog,Low,1
SkyJet,Boston,Los Angeles,1085,14,16,5,10,Rain,High,1
BlueWing,Denver,Seattle,1230,7,9,3,8,Rain,High,0
SunAir,Denver,Miami,1172,19,21,2,5,Fog,Medium,1
SkyJet,Miami,Los Angeles,1287,13,15,2,1,Storm,Low,1
NorthStar,Atlanta,Dallas,974,1,2,3,3,Snow,Low,0
SunAir,New York,Houston,1562,7,10,1,5,Rain,Low,0
SkyJet,Boston,Dallas,1237,11,13,5,4,Fog,Low,1
BlueWing,Seattle,Atlanta,1050,1,3,4,10,Clear,Low,0
BlueWing,New York,Seattle,384,5,6,3,8,Cloudy,High,0
SkyJet,Houston,Miami,150,1,2,7,11,Fog,Low,0
AeroLine,Houston,Denver,960,8,9,5,8,Clear,Low,0
AeroLine,Miami,Boston,797,17,18,5,9,Rain,Low,0
BlueWing,Houston,Seattle,1130,13,15,5,7,Clear,Low,0
NorthStar,Los Angeles,Boston,2629,7,12,3,10,Clear,Low,0
AeroLine,Denver,Boston,1444,16,18,1,10,Fog,Medium,0
AeroLine,Miami,New York,883,15,16,2,1,Clear,Low,0
BlueWing,Los Angeles,Miami,496,18,19,5,4,Cloudy,Medium,1
NorthStar,Boston,Los Angeles,185,5,6,5,11,Rain,Medium,0
AeroLine,Seattle,Denver,1423,20,22,7,12,Fog,Low,0
BlueWing,Miami,Seattle,2101,12,16,7,6,Snow,Medium,0
NorthStar,Boston,New York,702,20,21,2,11,Storm,High,1
AeroLine,Seattle,Los Angeles,1383,22,0,3,8,Clear,Medium,0
BlueWing,Chicago,Houston,909,16,17,2,1,Rain,High,0
NorthStar,Miami,Los Angeles,1573,17,20,5,6,Snow,Low,0
NorthStar,Atlanta,Seattle,1629,11,14,4,11,Clear,Medium,0
PacificFly,Denver,Chicago,487,2,3,4,6,Clear,Low,1
PacificFly,Chicago,Dallas,1917,20,23,4,6,Cloudy,Medium,1
SunAir,Houston,Atlanta,1840,18,21,3,9,Rain,High,0
AeroLine,Los Angeles,Seattle,1093,17,19,5,2,Clear,Low,0
BlueWing,Seattle,Houston,537,21,22,6,1,Snow,Low,0
NorthStar,Boston,Seattle,746,3,4,3,1,Snow,Medium,0
SkyJet,Chicago,Los Angeles,777,9,10,7,1,Cloudy,High,0
SunAir,Atlanta,Boston,591,15,16,6,6,Fog,Low,0
SkyJet,Miami,Boston,1179,2,4,6,8,Fog,Low,0
SkyJet,Houston,Boston,1372,22,0,6,6,Rain,Low,0
SkyJet,Seattle,Atlanta,1554,23,2,6,6,Snow,Low,0
PacificFly,Chicago,Miami,1304,10,12,2,7,Clear,Medium,0
SkyJet,Chicago,Houston,1144,11,13,5,7,Snow,Low,1
NorthStar,Atlanta,Dallas,2373,1,5,4,2,Clear,Low,0
NorthStar,Los Angeles,New York,1377,4,6,2,4,Snow,Low,1
AeroLine,Atlanta,Los Angeles,1862,15,18,2,11,Fog,Low,1
PacificFly,Denver,Miami,1302,11,13,6,6,Clear,High,1
NorthStar,Boston,New York,1108,16,18,5,10,Rain,High,1
SkyJet,Seattle,New York,581,6,7,7,12,Clear,Low,0
SkyJet,Chicago,Seattle,880,15,16,5,1,Clear,Low,0
AeroLine,Dallas,Denver,1478,8,10,3,6,Rain,Medium,1
SkyJet,Houston,Atlanta,430,8,9,3,5,Fog,Medium,1
PacificFly,Miami,Dallas,1822,22,1,4,11,Fog,High,1
NorthStar,Dallas,Miami,944,21,22,2,7,Clear,Medium,0
SkyJet,Denver,Houston,410,8,9,1,11,Clear,Medium,0
AeroLine,Boston,Miami,432,8,9,2,12,Cloudy,Medium,0
NorthStar,Houston,Dallas,1284,6,8,4,9,Clear,Low,1
NorthStar,Houston,Chicago,1242,15,17,5,5,Clear,Low,0
BlueWing,Atlanta,Boston,2052,15,19,6,5,Clear,Medium,1
SunAir,Dallas,Boston,1411,10,12,1,5,Clear,High,0
NorthStar,Houston,Boston,2126,11,15,7,5,Clear,Medium,0
SunAir,Seattle,Houston,1359,1,3,2,10,Storm,Low,1
AeroLine,Miami,Seattle,1042,3,5,7,3,Clear,High,0
BlueWing,Atlanta,New York,1344,4,6,4,10,Cloudy,Low,0
AeroLine,Boston,Miami,1894,10,13,6,3,Clear,High,0
PacificFly,Los Angeles,Houston,2201,2,6,1,12,Snow,Low,1
NorthStar,Denver,New York,1568,7,10,7,5,Fog,Medium,1
BlueWing,Boston,Miami,1675,17,20,3,8,Cloudy,Medium,0
BlueWing,Houston,Miami,1171,13,15,7,3,Cloudy,Medium,0
BlueWing,Houston,Atlanta,1593,8,11,3,8,Clear,Low,0
PacificFly,Atlanta,Dallas,1284,4,6,6,6,Clear,High,0
PacificFly,Houston,Chicago,1179,20,22,1,3,Clear,Low,0
PacificFly,Chicago,Houston,676,0,1,1,4,Rain,Low,1
AeroLine,Atlanta,Dallas,979,23,0,7,6,Clear,High,0
AeroLine,Los Angeles,New York,1989,23,2,3,8,Clear,High,1
AeroLine,Boston,Seattle,1034,16,18,7,10,Rain,High,1
AeroLine,Los Angeles,Atlanta,348,4,5,7,9,Rain,Low,0
PacificFly,Boston,Dallas,824,7,8,6,3,Rain,High,1
PacificFly,Houston,Los Angeles,665,2,3,5,7,Clear,Low,1
SunAir,Dallas,Boston,1416,18,20,6,10,Fog,Low,1
NorthStar,Chicago,Atlanta,789,6,7,5,4,Rain,High,0
AeroLine,Los Angeles,Boston,1509,23,2,4,10,Clear,High,0
PacificFly,Atlanta,Houston,783,0,1,5,9,Cloudy,Low,0
BlueWing,Miami,Los Angeles,687,9,10,7,12,Clear,Low,0
PacificFly,Denver,Miami,333,19,20,6,7,Clear,Low,0
NorthStar,New York,Los Angeles,1757,19,22,6,7,Cloudy,Medium,0
SunAir,Dallas,Chicago,1466,6,8,5,3,Clear,Medium,1
BlueWing,Miami,Atlanta,339,5,6,4,11,Storm,Medium,1
PacificFly,Chicago,Miami,2324,21,1,5,6,Clear,High,0
PacificFly,Seattle,Boston,861,11,12,2,12,Clear,High,1
SkyJet,Seattle,Houston,1562,23,2,3,7,Snow,Medium,0
NorthStar,Atlanta,Seattle,878,20,21,1,1,Clear,Low,1
PacificFly,Los Angeles,Houston,1786,12,15,6,9,Clear,Low,0
SunAir,New York,Atlanta,554,3,4,7,1,Cloudy,Low,0
SunAir,Miami,Houston,1351,2,4,3,12,Fog,Low,1
PacificFly,Los Angeles,Atlanta,1601,2,5,7,9,Cloudy,Low,0
PacificFly,Dallas,Denver,1703,2,5,3,3,Rain,Medium,0
AeroLine,Miami,New York,874,1,2,4,11,Clear,High,1
SunAir,Boston,Houston,1353,5,7,1,1,Cloudy,Low,1
SkyJet,Houston,Miami,1111,0,2,1,4,Clear,Low,0
BlueWing,Dallas,Chicago,1179,14,16,6,8,Rain,Low,0
BlueWing,Dallas,Chicago,967,5,6,1,10,Fog,High,1
NorthStar,Los Angeles,Denver,538,14,15,1,7,Clear,Medium,0
NorthStar,Boston,New York,2066,5,9,5,12,Clear,Medium,0
PacificFly,Atlanta,Boston,150,7,8,3,10,Fog,Low,0
BlueWing,Boston,Houston,810,23,0,5,11,Clear,High,1
BlueWing,Atlanta,Houston,1706,3,6,3,2,Clear,High,0
SkyJet,New York,Atlanta,1554,18,21,7,9,Clear,Medium,1
PacificFly,Dallas,Denver,1434,13,15,7,3,Cloudy,Medium,1
BlueWing,Atlanta,Miami,1863,14,17,6,2,Storm,Low,1
SkyJet,Dallas,Miami,1371,23,1,2,5,Clear,Medium,1
PacificFly,Denver,Los Angeles,1505,13,16,5,6,Snow,High,1
BlueWing,Dallas,Chicago,1344,8,10,7,12,Clear,High,0
SkyJet,Dallas,Chicago,444,20,21,3,10,Clear,Low,0
SkyJet,Boston,Atlanta,1793,7,10,6,12,Cloudy,High,0
PacificFly,Houston,Boston,504,3,4,4,9,Cloudy,High,1
SkyJet,Seattle,Boston,1055,19,21,3,2,Clear,Medium,0
BlueWing,Boston,Atlanta,855,17,18,4,9,Snow,Low,1
SunAir,New York,Denver,762,22,23,3,8,Storm,Low,1
BlueWing,Chicago,New York,150,17,18,2,2,Cloudy,Low,1
SkyJet,Dallas,Denver,361,18,19,2,1,Fog,Low,0
PacificFly,Boston,Los Angeles,354,14,15,4,10,Snow,Low,1
NorthStar,Denver,Houston,518,11,12,1,10,Fog,Low,0
PacificFly,Chicago,New York,1479,7,9,7,12,Rain,Low,0
BlueWing,New York,Denver,1298,12,14,7,7,Cloudy,Low,0
NorthStar,Miami,Atlanta,1074,9,11,4,12,Cloudy,Medium,1
SkyJet,Chicago,Miami,708,8,9,6,3,Clear,Medium,1
SunAir,Denver,Los Angeles,673,3,4,7,7,Storm,Medium,1
BlueWing,New York,Denver,1400,15,17,3,10,Fog,Low,1
SkyJet,Denver,Houston,1111,17,19,7,3,Clear,Low,0
BlueWing,New York,Los Angeles,708,23,0,2,6,Rain,Medium,1
SunAir,Denver,Atlanta,981,4,5,6,1,Rain,Medium,0
NorthStar,Boston,Denver,2017,1,5,7,1,Cloudy,Low,0
PacificFly,Dallas,Miami,672,4,5,3,12,Storm,High,1
PacificFly,Atlanta,Dallas,667,14,15,6,8,Clear,Low,0
SkyJet,Atlanta,Chicago,1144,14,16,1,3,Storm,Low,1
AeroLine,Dallas,Miami,1083,14,16,5,6,Storm,High,1
NorthStar,Miami,Seattle,1033,4,6,3,3,Rain,Low,0
BlueWing,Chicago,Seattle,1392,12,14,2,3,Clear,Medium,0
SunAir,Atlanta,Miami,1573,19,22,7,4,Storm,Low,1
PacificFly,Los Angeles,Seattle,1060,5,7,4,1,Clear,Low,0
SunAir,Los Angeles,Seattle,478,13,14,1,4,Fog,Low,1
SunAir,Los Angeles,New York,1102,9,11,6,5,Clear,High,0
SunAir,Denver,Los Angeles,150,2,3,1,12,Clear,Medium,0
BlueWing,Miami,Chicago,1338,14,16,6,1,Clear,Low,1
SkyJet,Denver,Chicago,1069,2,4,2,6,Cloudy,Low,0
PacificFly,Los Angeles,Atlanta,1032,16,18,3,1,Snow,Low,1
AeroLine,Miami,Chicago,912,6,7,5,1,Fog,Low,1
NorthStar,New York,Seattle,1604,13,16,5,1,Cloudy,Medium,1
SunAir,Los Angeles,New York,1132,20,22,3,6,Clear,High,1
PacificFly,Boston,New York,1399,13,15,4,5,Clear,Low,0
SkyJet,Los Angeles,Denver,1213,14,16,5,11,Clear,High,0
AeroLine,Boston,Denver,972,22,23,5,6,Clear,Medium,0
BlueWing,Los Angeles,Denver,1875,9,12,2,2,Clear,Low,0
AeroLine,New York,Chicago,906,2,3,6,2,Rain,Medium,1
NorthStar,Chicago,Seattle,932,17,18,6,2,Rain,High,1
SkyJet,Denver,New York,1425,2,4,7,11,Cloudy,Medium,0
NorthStar,Seattle,Miami,502,15,16,3,8,Cloudy,Medium,1
PacificFly,Dallas,New York,636,8,9,2,8,Snow,High,1
SunAir,Boston,Chicago,1261,21,23,4,9,Cloudy,High,1
SunAir,Atlanta,New York,1571,13,16,4,11,Clear,Low,1
SkyJet,Denver,Dallas,961,8,9,5,2,Clear,Low,0
PacificFly,Seattle,Miami,1598,18,21,7,8,Cloudy,Low,0
BlueWing,New York,Atlanta,947,22,23,1,10,Cloudy,Low,0
BlueWing,Seattle,Miami,1714,10,13,7,1,Snow,Low,1
SkyJet,Seattle,Chicago,1166,15,17,4,4,Clear,Low,0
BlueWing,Seattle,Dallas,1345,1,3,5,6,Cloudy,Low,0
NorthStar,Chicago,Houston,1538,6,9,4,4,Clear,High,1
BlueWing,Denver,Seattle,785,4,5,1,6,Clear,Medium,0
SkyJet,Los Angeles,New York,1162,12,14,3,8,Storm,Medium,1
PacificFly,Chicago,Miami,207,7,8,2,10,Clear,High,1
PacificFly,Atlanta,Dallas,1151,1,3,2,6,Clear,Low,0
BlueWing,Miami,Los Angeles,1339,0,2,6,10,Rain,Low,1
AeroLine,Seattle,Boston,912,18,19,2,4,Clear,High,0
SkyJet,Dallas,Houston,150,13,14,3,9,Cloudy,Low,1
NorthStar,Atlanta,Chicago,1304,20,22,2,1,Clear,Low,1
SunAir,Chicago,Los Angeles,958,16,17,7,4,Clear,High,0
PacificFly,Miami,Los Angeles,2457,6,10,5,11,Rain,Medium,0
PacificFly,New York,Denver,1513,16,19,7,3,Cloudy,Low,0
SkyJet,Miami,Seattle,2285,8,12,2,10,Clear,High,1
BlueWing,New York,Miami,1354,12,14,1,8,Cloudy,High,1
BlueWing,Dallas,New York,866,19,20,4,4,Clear,Low,0
PacificFly,Dallas,Atlanta,1748,2,5,2,12,Clear,Low,0
AeroLine,Houston,Los Angeles,1625,13,16,3,5,Clear,Low,0
PacificFly,Chicago,Seattle,1605,11,14,5,4,Cloudy,Medium,0
SunAir,Los Angeles,Seattle,154,18,19,5,2,Clear,Low,0
SkyJet,Houston,Seattle,1091,11,13,1,12,Rain,Low,1
NorthStar,Atlanta,Denver,1097,4,6,6,7,Clear,Low,0
SunAir,Miami,Seattle,763,13,14,4,2,Cloudy,Medium,1
BlueWing,Chicago,Houston,1397,3,5,6,1,Cloudy,Medium,0
BlueWing,Chicago,Seattle,939,0,1,4,1,Rain,High,0
SkyJet,Houston,Boston,642,9,10,3,3,Cloudy,Medium,0
BlueWing,Denver,Atlanta,178,18,19,1,12,Clear,High,0
AeroLine,Houston,Seattle,1707,1,4,5,1,Fog,Medium,1
SunAir,Atlanta,Miami,820,7,8,7,10,Clear,High,0
BlueWing,Chicago,Atlanta,763,15,16,1,11,Clear,Low,0
SunAir,Dallas,Atlanta,1082,16,18,2,10,Cloudy,Low,1
AeroLine,Denver,Chicago,2596,18,23,4,9,Cloudy,Medium,0
BlueWing,Seattle,Boston,458,8,9,3,1,Snow,Low,1
AeroLine,Denver,Boston,2187,17,21,1,2,Clear,High,1
SunAir,Miami,Denver,808,8,9,5,2,Cloudy,High,0
PacificFly,Los Angeles,Dallas,799,17,18,1,1,Storm,Medium,1
BlueWing,Los Angeles,Houston,1286,20,22,1,1,Clear,Medium,1
BlueWing,Houston,Boston,1156,16,18,5,6,Clear,Low,0
SkyJet,New York,Los Angeles,1276,20,22,5,6,Storm,High,1
AeroLine,Boston,Seattle,1479,9,11,7,3,Clear,High,0
SkyJet,Chicago,Seattle,362,0,1,2,8,Clear,Low,0
SkyJet,Denver,Boston,899,23,0,2,2,Clear,Medium,0
BlueWing,Seattle,Dallas,955,18,19,3,5,Rain,High,0
SkyJet,Seattle,Chicago,846,13,14,7,9,Rain,Low,0
SkyJet,Atlanta,Los Angeles,1767,11,14,3,1,Clear,Medium,1
NorthStar,Denver,New York,1665,14,17,6,5,Cloudy,Medium,0
PacificFly,Chicago,Dallas,953,23,0,1,9,Rain,Medium,0
SkyJet,Miami,Boston,1063,4,6,5,5,Clear,High,1
BlueWing,Miami,Houston,1278,18,20,2,4,Clear,High,0
BlueWing,Seattle,Miami,936,16,17,3,1,Clear,Low,0
SunAir,Dallas,Chicago,1050,13,15,7,10,Clear,Medium,1
SkyJet,Seattle,New York,454,15,16,1,3,Cloudy,High,1
SkyJet,Denver,Boston,789,3,4,1,1,Cloudy,Medium,1
SkyJet,New York,Atlanta,150,6,7,7,5,Clear,High,1
NorthStar,Chicago,Denver,819,18,19,2,6,Clear,High,0
SkyJet,Dallas,Houston,1445,8,10,4,11,Clear,Medium,0
AeroLine,Chicago,Denver,866,7,8,6,10,Clear,High,0
SunAir,Atlanta,Dallas,1687,9,12,7,6,Cloudy,Low,0
BlueWing,Atlanta,Los Angeles,968,0,1,5,8,Clear,Low,1
PacificFly,Denver,Boston,411,3,4,6,6,Clear,Medium,0
AeroLine,Seattle,Boston,1674,1,4,6,4,Cloudy,High,0
SunAir,Houston,Denver,1524,21,0,3,7,Clear,High,0
NorthStar,Miami,Houston,959,12,13,4,3,Clear,High,0
BlueWing,Atlanta,Seattle,652,3,4,1,2,Clear,Medium,0
PacificFly,Miami,Chicago,953,8,9,7,11,Rain,Low,0
BlueWing,Boston,Chicago,1237,6,8,1,5,Rain,Medium,0
NorthStar,Chicago,Denver,336,1,2,1,12,Storm,Medium,0
PacificFly,Miami,Chicago,1355,12,14,1,9,Cloudy,High,0
SunAir,Miami,Houston,858,21,22,1,4,Clear,Medium,0
BlueWing,New York,Houston,1366,22,0,3,2,Rain,Low,0
PacificFly,New York,Boston,1976,7,10,6,7,Cloudy,Low,1
SunAir,Atlanta,Denver,1168,15,17,4,5,Clear,Medium,1
BlueWing,Miami,Atlanta,834,22,23,2,6,Fog,Low,1
SunAir,Boston,Los Angeles,1038,21,23,6,11,Clear,High,1
SunAir,New York,Denver,1696,12,15,6,8,Clear,High,0
SunAir,New York,Los Angeles,999,2,3,5,3,Cloudy,Medium,0
AeroLine,Miami,New York,475,22,23,2,5,Rain,Low,1
NorthStar,Seattle,Denver,1313,19,21,5,4,Fog,Medium,0
NorthStar,Miami,Boston,993,16,17,6,1,Storm,Medium,0
AeroLine,Dallas,New York,592,4,5,5,10,Rain,Medium,1
NorthStar,Miami,Boston,458,23,0,1,5,Rain,Medium,0
BlueWing,Chicago,Denver,905,10,11,1,6,Cloudy,Low,0
BlueWing,Seattle,Dallas,1754,18,21,4,1,Clear,Low,0
NorthStar,Dallas,Miami,480,2,3,6,9,Clear,Medium,1
AeroLine,Seattle,Dallas,1334,23,1,1,7,Clear,High,0
AeroLine,Atlanta,Miami,835,20,21,7,9,Rain,Medium,1
PacificFly,Denver,Dallas,583,21,22,2,5,Cloudy,High,0
PacificFly,Miami,Denver,463,4,5,7,11,Fog,Medium,0
SkyJet,Houston,Seattle,1631,14,17,5,8,Cloudy,Low,0
PacificFly,Denver,New York,1790,16,19,3,4,Cloudy,Medium,1
AeroLine,New York,Denver,504,1,2,5,5,Cloudy,Low,0
SkyJet,Denver,Atlanta,600,16,17,1,10,Clear,Medium,0
SkyJet,Houston,New York,639,5,6,5,6,Clear,Medium,0
NorthStar,New York,Seattle,855,23,0,7,11,Storm,Medium,1
SunAir,Seattle,Boston,1192,21,23,5,11,Rain,High,1
AeroLine,Seattle,New York,1214,20,22,3,2,Clear,High,0
BlueWing,Atlanta,Dallas,517,21,22,6,2,Clear,Low,0
AeroLine,New York,Boston,1542,7,10,2,8,Clear,High,1
NorthStar,Seattle,Houston,315,15,16,6,8,Rain,High,0
SkyJet,Boston,Chicago,1571,6,9,4,5,Rain,Medium,0
SunAir,Miami,Denver,1089,11,13,7,6,Clear,Low,1
NorthStar,Chicago,Seattle,1046,23,1,7,9,Fog,High,1
BlueWing,Dallas,Denver,994,6,7,6,10,Clear,Low,0
SkyJet,Los Angeles,Houston,2045,21,1,2,3,Snow,Low,1
AeroLine,Dallas,Denver,1182,0,2,1,11,Rain,Medium,0
AeroLine,Denver,Seattle,1317,20,22,6,10,Cloudy,Medium,0
